year,status,scope,level,area,births,births_over_main,share_born_in_nicu_facility,share_born_in_nicu_municipality,share_lives_in_nicu_municipality,share_born_outside_residence,share_no_path,share_over_90_min,share_over_120_min,share_over_180_min
2006,final,sus,country,BR,34171,4779,0.476808,0.735097,0.506628,0.349946,0.000117058,0.198531,0.139855,0.0735712
2006,final,sus,region,Centro-Oeste,2318,586,0.439603,0.756687,0.514668,0.317515,0,0.314927,0.252804,0.137187
2006,final,sus,region,Nordeste,9289,2199,0.443212,0.655614,0.359134,0.42222,0.000215308,0.319733,0.236732,0.124987
2006,final,sus,region,Norte,2733,1019,0.464325,0.609587,0.436151,0.25247,0,0.416758,0.37285,0.290523
2006,final,sus,region,Sudeste,15310,713,0.552907,0.801306,0.622796,0.316068,0.000130634,0.0828217,0.0465709,0.0126715
2006,final,sus,region,Sul,4521,262,0.314753,0.738996,0.454767,0.391727,0,0.149746,0.0579518,0.0103959
2006,final,sus,state,AC,140,140,0.00714286,0.0142857,0,0.257143,0,1,1,1
2006,final,sus,state,AL,532,38,0.171053,0.712406,0.370301,0.496241,0,0.227444,0.0714286,0
2006,final,sus,state,AM,665,170,0.396992,0.750376,0.709774,0.0646617,0,0.255639,0.255639,0.242105
2006,final,sus,state,AP,168,36,0.75,0.791667,0.625,0.232143,0,0.232143,0.214286,0.196429
2006,final,sus,state,BA,2530,794,0.234387,0.563241,0.378261,0.331225,0.000790514,0.37747,0.313834,0.194466
2006,final,sus,state,CE,1485,318,0.542761,0.670707,0.435017,0.344781,0,0.313131,0.214141,0.111111
2006,final,sus,state,DF,584,0,0.679795,0.998288,1,0.00342466,0,0,0,0
2006,final,sus,state,ES,602,67,0.553156,0.712625,0.538206,0.495017,0,0.249169,0.111296,0.0116279
2006,final,sus,state,GO,889,145,0.268841,0.841395,0.401575,0.543307,0,0.262092,0.163105,0.0899888
2006,final,sus,state,MA,1020,310,0.533333,0.609804,0.371569,0.329412,0,0.402941,0.303922,0.180392
2006,final,sus,state,MG,3538,550,0.427077,0.605992,0.367157,0.409836,0.000282646,0.256077,0.155455,0.0517241
2006,final,sus,state,MS,420,236,0.397619,0.411905,0.295238,0.221429,0,0.645238,0.561905,0.254762
2006,final,sus,state,MT,425,205,0.508235,0.588235,0.301176,0.371765,0,0.531765,0.482353,0.308235
2006,final,sus,state,PA,1231,545,0.435418,0.520715,0.268075,0.333063,0,0.517465,0.442729,0.331438
2006,final,sus,state,PB,601,90,0.434276,0.787022,0.341098,0.550749,0,0.267887,0.14975,0.0366057
2006,final,sus,state,PE,1619,257,0.527486,0.689932,0.25386,0.564546,0,0.238419,0.15874,0.0710315
2006,final,sus,state,PI,527,171,0.59962,0.686907,0.451613,0.364326,0,0.392789,0.324478,0.187856
2006,final,sus,state,PR,1684,57,0.543943,0.75772,0.47209,0.359857,0,0.137767,0.033848,0.000593824
2006,final,sus,state,RJ,3189,24,0.629664,0.881781,0.734713,0.268109,0,0.0203826,0.00752587,0.000940734
2006,final,sus,state,RN,561,213,0.566845,0.659537,0.304813,0.497326,0,0.42246,0.379679,0.149733
2006,final,sus,state,RO,217,59,0.576037,0.705069,0.631336,0.179724,0,0.304147,0.271889,0.105991
2006,final,sus,state,RR,96,18,0.895833,0.96875,0.71875,0.270833,0,0.1875,0.1875,0.0625
2006,final,sus,state,RS,1887,167,0.00211977,0.745628,0.45575,0.404875,0,0.18177,0.0885003,0.0243773
2006,final,sus,state,SC,950,38,0.529474,0.692632,0.422105,0.422105,0,0.107368,0.04,0
2006,final,sus,state,SE,414,8,0.806763,0.835749,0.318841,0.618357,0,0.0652174,0.0193237,0
2006,final,sus,state,SP,7981,72,0.577998,0.862423,0.697782,0.280165,0.000125298,0.0184187,0.00902143,0.000125298
2006,final,sus,state,TO,216,51,0.606481,0.671296,0.365741,0.449074,0,0.319444,0.236111,0.106481
2007,final,sus,country,BR,32937,4970,0.465555,0.711722,0.481374,0.361691,0.000182166,0.211039,0.150894,0.079819
2007,final,sus,region,Centro-Oeste,2236,531,0.43068,0.766547,0.536673,0.312165,0.000447227,0.28712,0.237478,0.120751
2007,final,sus,region,Nordeste,8977,2261,0.421522,0.65367,0.34076,0.440236,0,0.336972,0.251866,0.137574
2007,final,sus,region,Norte,2585,1116,0.394584,0.536944,0.377563,0.251451,0.000386847,0.480077,0.431721,0.320696
2007,final,sus,region,Sudeste,14723,794,0.489438,0.765469,0.592135,0.325749,0.000271684,0.0924404,0.0539292,0.0161652
2007,final,sus,region,Sul,4416,268,0.534647,0.725091,0.430707,0.411458,0,0.154438,0.0606884,0.0129076
2007,final,sus,state,AC,152,152,0,0,0,0.217105,0,1,1,1
2007,final,sus,state,AL,566,34,0.125442,0.731449,0.362191,0.537102,0,0.227915,0.0600707,0
2007,final,sus,state,AM,627,157,0.366826,0.754386,0.716108,0.0685805,0.0015949,0.250399,0.250399,0.239234
2007,final,sus,state,AP,164,27,0.743902,0.792683,0.695122,0.134146,0,0.182927,0.164634,0.152439
2007,final,sus,state,BA,2543,810,0.200551,0.570586,0.375541,0.334644,0,0.383405,0.318521,0.20173
2007,final,sus,state,CE,1311,335,0.506484,0.647597,0.385202,0.385202,0,0.356217,0.25553,0.144928
2007,final,sus,state,DF,557,0,0.642729,0.996409,1,0.00897666,0,0,0,0
2007,final,sus,state,ES,598,91,0.520067,0.668896,0.401338,0.513378,0,0.299331,0.152174,0.0100334
2007,final,sus,state,GO,896,141,0.276786,0.854911,0.417411,0.555804,0.00111607,0.247768,0.157366,0.0747768
2007,final,sus,state,MA,994,306,0.542254,0.612676,0.355131,0.352113,0,0.423541,0.307847,0.178068
2007,final,sus,state,MG,3390,571,0.368732,0.5941,0.358702,0.439528,0.000294985,0.271681,0.168437,0.0660767
2007,final,sus,state,MS,372,177,0.448925,0.483871,0.387097,0.166667,0,0.52957,0.475806,0.206989
2007,final,sus,state,MT,411,213,0.462287,0.518248,0.304136,0.323601,0,0.542579,0.518248,0.306569
2007,final,sus,state,PA,1166,477,0.464837,0.554031,0.296741,0.323328,0,0.487136,0.409091,0.311321
2007,final,sus,state,PB,610,81,0.44918,0.804918,0.378689,0.52623,0,0.252459,0.132787,0.0311475
2007,final,sus,state,PE,1487,285,0.548083,0.681237,0.207801,0.611298,0,0.266308,0.191661,0.0921318
2007,final,sus,state,PI,495,181,0.579798,0.652525,0.369697,0.4,0,0.442424,0.365657,0.230303
2007,final,sus,state,PR,1684,48,0.513658,0.769002,0.469121,0.370546,0,0.134204,0.0285036,0
2007,final,sus,state,RJ,3052,45,0.449541,0.763761,0.648427,0.262779,0,0.0288336,0.0147444,0.000655308
2007,final,sus,state,RN,567,219,0.537919,0.657848,0.336861,0.462081,0,0.42328,0.386243,0.149912
2007,final,sus,state,RO,195,153,0.0717949,0.0974359,0.0717949,0.323077,0,0.851282,0.784615,0.112821
2007,final,sus,state,RR,86,86,0.0116279,0.0116279,0,0.162791,0,1,1,1
2007,final,sus,state,RS,1735,177,0.600576,0.717003,0.419597,0.424207,0,0.194236,0.102017,0.0317003
2007,final,sus,state,SC,997,43,0.455366,0.664995,0.385155,0.458375,0,0.119358,0.0431294,0.00200602
2007,final,sus,state,SE,404,10,0.789604,0.85396,0.314356,0.623762,0,0.0594059,0.0247525,0
2007,final,sus,state,SP,7683,87,0.556163,0.849278,0.687622,0.285956,0.000390472,0.0225172,0.0113237,0.000780945
2007,final,sus,state,TO,195,64,0.569231,0.610256,0.271795,0.502564,0,0.420513,0.328205,0.158974
2008,final,sus,country,BR,34178,4460,0.527298,0.754257,0.50711,0.37056,0.00020481,0.185587,0.130493,0.0634619
2008,final,sus,region,Centro-Oeste,2416,564,0.588162,0.787252,0.567053,0.30505,0.000827815,0.275662,0.233444,0.136589
2008,final,sus,region,Nordeste,9240,2099,0.544805,0.696429,0.356818,0.458117,0.0004329,0.32316,0.227165,0.100758
2008,final,sus,region,Norte,2889,916,0.490827,0.679128,0.493596,0.274836,0,0.375562,0.317065,0.244721
2008,final,sus,region,Sudeste,15051,635,0.484553,0.78141,0.592187,0.334529,6.64408e-05,0.0681682,0.0421899,0.0089695
2008,final,sus,region,Sul,4582,246,0.623309,0.811654,0.507639,0.407246,0,0.126582,0.0536883,0.0144042
2008,final,sus,state,AC,145,50,0.0827586,0.675862,0.544828,0.17931,0,0.406897,0.344828,0.289655
2008,final,sus,state,AL,534,10,0.724719,0.876404,0.425094,0.543071,0,0.131086,0.0187266,0
2008,final,sus,state,AM,680,201,0.463235,0.732353,0.664706,0.0911765,0,0.295588,0.295588,0.270588
2008,final,sus,state,AP,182,19,0.769231,0.791209,0.708791,0.104396,0,0.115385,0.104396,0.0824176
2008,final,sus,state,BA,2601,655,0.449058,0.635525,0.381776,0.37524,0.000768935,0.342561,0.251826,0.100346
2008,final,sus,state,CE,1501,316,0.589607,0.742838,0.429047,0.423051,0,0.309793,0.210526,0.119254
2008,final,sus,state,DF,610,0,0.695082,0.998361,1,0.0131148,0,0,0,0
2008,final,sus,state,ES,561,67,0.581105,0.764706,0.45098,0.522282,0,0.153298,0.11943,0.0124777
2008,final,sus,state,GO,892,186,0.584081,0.827354,0.424888,0.515695,0.00112108,0.256726,0.20852,0.108744
2008,final,sus,state,MA,1026,391,0.504873,0.576998,0.329435,0.367446,0,0.471735,0.381092,0.230019
2008,final,sus,state,MG,3527,392,0.56592,0.715339,0.438333,0.432379,0,0.176354,0.111143,0.0334562
2008,final,sus,state,MS,450,118,0.544444,0.671111,0.471111,0.231111,0,0.355556,0.262222,0.131111
2008,final,sus,state,MT,464,260,0.497845,0.545259,0.364224,0.355603,0.00215517,0.596983,0.560345,0.375
2008,final,sus,state,PA,1340,424,0.470896,0.647015,0.405224,0.365672,0,0.420149,0.316418,0.23806
2008,final,sus,state,PB,613,92,0.719413,0.822186,0.375204,0.530179,0,0.252855,0.150082,0.0440457
2008,final,sus,state,PE,1493,209,0.596785,0.71065,0.250502,0.606832,0,0.277294,0.139987,0.0214334
2008,final,sus,state,PI,469,225,0.552239,0.646055,0.371002,0.41791,0,0.530917,0.479744,0.28145
2008,final,sus,state,PR,1742,52,0.537313,0.767509,0.492537,0.365672,0,0.122847,0.0298507,0
2008,final,sus,state,RJ,3123,116,0.214858,0.60999,0.509126,0.279539,0.000320205,0.0595581,0.0371438,0.00160102
2008,final,sus,state,RN,563,191,0.520426,0.662522,0.307282,0.477798,0.0035524,0.37833,0.339254,0.113677
2008,final,sus,state,RO,233,144,0.506438,0.600858,0.369099,0.364807,0,0.618026,0.618026,0.519313
2008,final,sus,state,RR,94,13,0.946809,0.989362,0.744681,0.244681,0,0.148936,0.138298,0.0106383
2008,final,sus,state,RS,1837,148,0.700054,0.857376,0.52749,0.429505,0,0.129559,0.0805661,0.0359281
2008,final,sus,state,SC,1003,46,0.632104,0.804586,0.497507,0.438684,0,0.127617,0.0458624,0
2008,final,sus,state,SE,440,10,0.436364,0.831818,0.327273,0.588636,0,0.102273,0.0227273,0
2008,final,sus,state,SP,7840,60,0.548469,0.880612,0.704592,0.29898,0,0.0168367,0.00765306,0.000637755
2008,final,sus,state,TO,215,65,0.525581,0.567442,0.311628,0.413953,0,0.386047,0.302326,0.116279
2008,final,all,country,BR,34178,3469,0.710252,0.815788,0.566095,0.37056,0.00020481,0.152145,0.101498,0.0454971
2008,final,all,region,Centro-Oeste,2416,485,0.675083,0.808775,0.586921,0.30505,0.000827815,0.246275,0.200745,0.103477
2008,final,all,region,Nordeste,9240,1606,0.650433,0.730952,0.392857,0.458117,0.0004329,0.262554,0.17381,0.0719697
2008,final,all,region,Norte,2889,682,0.538249,0.73278,0.544479,0.274836,0,0.300104,0.236068,0.155763
2008,final,all,region,Sudeste,15051,468,0.774566,0.879344,0.685934,0.334529,6.64408e-05,0.0524218,0.0310943,0.00823866
2008,final,all,region,Sul,4582,228,0.746617,0.834134,0.524443,0.407246,0,0.114142,0.0497599,0.0144042
2008,final,all,state,AC,145,50,0.0827586,0.675862,0.544828,0.17931,0,0.406897,0.344828,0.289655
2008,final,all,state,AL,534,10,0.773408,0.876404,0.425094,0.543071,0,0.123596,0.0187266,0
2008,final,all,state,AM,680,201,0.533824,0.732353,0.664706,0.0911765,0,0.295588,0.295588,0.270588
2008,final,all,state,AP,182,19,0.769231,0.791209,0.708791,0.104396,0,0.115385,0.104396,0.0824176
2008,final,all,state,BA,2601,615,0.503652,0.639369,0.38639,0.37524,0.000768935,0.322953,0.236448,0.0972703
2008,final,all,state,CE,1501,142,0.725516,0.794803,0.4497,0.423051,0,0.225183,0.0946036,0.0153231
2008,final,all,state,DF,610,0,0.795082,0.998361,1,0.0131148,0,0,0,0
2008,final,all,state,ES,561,34,0.72549,0.862745,0.600713,0.522282,0,0.121212,0.0606061,0
2008,final,all,state,GO,892,181,0.669283,0.829596,0.431614,0.515695,0.00112108,0.25,0.202915,0.108744
2008,final,all,state,MA,1026,330,0.602339,0.636452,0.368421,0.367446,0,0.423002,0.321637,0.204678
2008,final,all,state,MG,3527,356,0.67848,0.746243,0.469521,0.432379,0,0.154522,0.100936,0.0328891
2008,final,all,state,MS,450,118,0.615556,0.671111,0.471111,0.231111,0,0.355556,0.262222,0.131111
2008,final,all,state,MT,464,186,0.586207,0.653017,0.454741,0.355603,0.00215517,0.456897,0.400862,0.202586
2008,final,all,state,PA,1340,297,0.519403,0.728358,0.479104,0.365672,0,0.326119,0.221642,0.123134
2008,final,all,state,PB,613,91,0.800979,0.822186,0.375204,0.530179,0,0.244698,0.14845,0.0358891
2008,final,all,state,PE,1493,54,0.696584,0.791695,0.370395,0.606832,0,0.120563,0.0361688,0
2008,final,all,state,PI,469,172,0.643923,0.675906,0.394456,0.41791,0,0.430704,0.366738,0.204691
2008,final,all,state,PR,1742,40,0.699196,0.826636,0.534443,0.365672,0,0.0912744,0.0229621,0
2008,final,all,state,RJ,3123,22,0.731668,0.925072,0.791547,0.279539,0.000320205,0.0176113,0.00704451,0.000960615
2008,final,all,state,RN,563,182,0.683837,0.717584,0.383659,0.477798,0.0035524,0.348135,0.323268,0.108348
2008,final,all,state,RO,233,37,0.579399,0.798283,0.575107,0.364807,0,0.223176,0.158798,0.0772532
2008,final,all,state,RR,94,13,0.946809,0.989362,0.744681,0.244681,0,0.148936,0.138298,0.0106383
2008,final,all,state,RS,1837,146,0.810016,0.857376,0.529668,0.429505,0,0.129559,0.0794774,0.0359281
2008,final,all,state,SC,1003,42,0.712861,0.804586,0.497507,0.438684,0,0.125623,0.0418744,0
2008,final,all,state,SE,440,10,0.822727,0.840909,0.365909,0.588636,0,0.0454545,0.0227273,0
2008,final,all,state,SP,7840,56,0.838393,0.922194,0.747321,0.29898,0,0.0154337,0.00714286,0.000637755
2008,final,all,state,TO,215,65,0.55814,0.567442,0.311628,0.413953,0,0.386047,0.302326,0.116279
2009,final,sus,country,BR,34517,3732,0.543819,0.788684,0.530753,0.37115,0.000173827,0.166092,0.108121,0.0529594
2009,final,sus,region,Centro-Oeste,2436,437,0.605911,0.825123,0.589491,0.318144,0,0.236043,0.179392,0.104269
2009,final,sus,region,Nordeste,9233,1928,0.528864,0.716885,0.361204,0.463013,0.000216614,0.310625,0.208816,0.0914112
2009,final,sus,region,Norte,2821,794,0.511521,0.738745,0.535271,0.27508,0,0.342432,0.28146,0.209855
2009,final,sus,region,Sudeste,15479,435,0.510304,0.816267,0.6211,0.329414,0.000258415,0.057045,0.0281026,0.00833387
2009,final,sus,region,Sul,4548,138,0.675022,0.852023,0.533201,0.414688,0,0.0969657,0.030343,0.00197889
2009,final,sus,state,AC,135,45,0.0592593,0.785185,0.57037,0.22963,0,0.377778,0.333333,0.274074
2009,final,sus,state,AL,525,8,0.72381,0.84381,0.361905,0.552381,0,0.11619,0.0152381,0
2009,final,sus,state,AM,710,191,0.474648,0.76338,0.707042,0.0647887,0,0.269014,0.269014,0.256338
2009,final,sus,state,AP,171,22,0.80117,0.842105,0.748538,0.128655,0,0.152047,0.128655,0.111111
2009,final,sus,state,BA,2545,640,0.309627,0.67387,0.400393,0.376424,0.000392927,0.343811,0.251473,0.0927308
2009,final,sus,state,CE,1539,331,0.549708,0.706953,0.404159,0.426251,0,0.316439,0.215075,0.140351
2009,final,sus,state,DF,649,0,0.640986,0.998459,1,0.00924499,0,0,0,0
2009,final,sus,state,ES,572,22,0.659091,0.884615,0.527972,0.52972,0.00174825,0.0821678,0.0384615,0.00174825
2009,final,sus,state,GO,903,176,0.596899,0.840532,0.424142,0.538206,0,0.264673,0.194906,0.118494
2009,final,sus,state,MA,1022,354,0.556751,0.645793,0.338552,0.410959,0,0.42955,0.34638,0.206458
2009,final,sus,state,MG,3423,340,0.597429,0.772714,0.464797,0.447561,0,0.17324,0.0993281,0.0347648
2009,final,sus,state,MS,432,111,0.523148,0.664352,0.44213,0.25,0,0.368056,0.256944,0.106481
2009,final,sus,state,MT,452,150,0.652655,0.699115,0.471239,0.387168,0,0.391593,0.331858,0.223451
2009,final,sus,state,PA,1257,329,0.481305,0.704057,0.463803,0.3572,0,0.373111,0.261734,0.163882
2009,final,sus,state,PB,586,88,0.696246,0.820819,0.385666,0.515358,0,0.25256,0.150171,0.0153584
2009,final,sus,state,PE,1585,204,0.590536,0.716088,0.258675,0.582965,0,0.269401,0.128707,0.0170347
2009,final,sus,state,PI,484,219,0.61157,0.696281,0.402893,0.421488,0,0.512397,0.452479,0.280992
2009,final,sus,state,PR,1735,39,0.617291,0.814409,0.544092,0.361383,0,0.0893372,0.0224784,0.000576369
2009,final,sus,state,RJ,3184,21,0.329774,0.684045,0.553392,0.26696,0.00031407,0.0332915,0.00659548,0.00031407
2009,final,sus,state,RN,571,79,0.635727,0.779335,0.353765,0.530648,0.00175131,0.248687,0.138354,0.0157618
2009,final,sus,state,RO,237,143,0.56962,0.700422,0.383966,0.379747,0,0.603376,0.603376,0.540084
2009,final,sus,state,RR,100,10,0.91,0.94,0.59,0.36,0,0.11,0.1,0.03
2009,final,sus,state,RS,1843,74,0.701031,0.864894,0.531199,0.43516,0,0.122084,0.0401519,0.00434075
2009,final,sus,state,SC,970,25,0.728866,0.894845,0.517526,0.471134,0,0.0628866,0.0257732,0
2009,final,sus,state,SE,376,5,0.789894,0.837766,0.332447,0.579787,0,0.109043,0.0132979,0
2009,final,sus,state,SP,8300,52,0.533373,0.880241,0.717952,0.290843,0.000240964,0.016506,0.00626506,0.000963855
2009,final,sus,state,TO,211,54,0.616114,0.696682,0.331754,0.483412,0,0.35545,0.255924,0.0805687
2009,final,all,country,BR,34517,2980,0.732132,0.837587,0.583857,0.37115,0.000173827,0.139091,0.0863343,0.0383289
2009,final,all,region,Centro-Oeste,2436,389,0.705665,0.838259,0.600575,0.318144,0,0.218391,0.159688,0.0907225
2009,final,all,region,Nordeste,9233,1425,0.673237,0.755118,0.39857,0.463013,0.000216614,0.246399,0.154338,0.0596772
2009,final,all,region,Norte,2821,658,0.576037,0.760369,0.558667,0.27508,0,0.301312,0.233251,0.15491
2009,final,all,region,Sudeste,15479,377,0.781704,0.893598,0.709542,0.329414,0.000258415,0.0470961,0.0243556,0.00678338
2009,final,all,region,Sul,4548,131,0.793975,0.861917,0.538918,0.414688,0,0.0912489,0.0288039,0.00197889
2009,final,all,state,AC,135,45,0.0592593,0.785185,0.57037,0.22963,0,0.377778,0.333333,0.274074
2009,final,all,state,AL,525,8,0.744762,0.84381,0.361905,0.552381,0,0.102857,0.0152381,0
2009,final,all,state,AM,710,191,0.580282,0.76338,0.707042,0.0647887,0,0.269014,0.269014,0.256338
2009,final,all,state,AP,171,22,0.807018,0.842105,0.748538,0.128655,0,0.152047,0.128655,0.111111
2009,final,all,state,BA,2545,610,0.532417,0.675049,0.40275,0.376424,0.000392927,0.326523,0.239686,0.0915521
2009,final,all,state,CE,1539,70,0.724496,0.795971,0.450292,0.426251,0,0.184535,0.0454841,0.00389864
2009,final,all,state,DF,649,0,0.776579,0.998459,1,0.00924499,0,0,0,0
2009,final,all,state,ES,572,22,0.755245,0.903846,0.653846,0.52972,0.00174825,0.0821678,0.0384615,0.00174825
2009,final,all,state,GO,903,173,0.688815,0.840532,0.431894,0.538206,0,0.256921,0.191584,0.118494
2009,final,all,state,MA,1022,354,0.605675,0.645793,0.338552,0.410959,0,0.42955,0.34638,0.202544
2009,final,all,state,MG,3423,290,0.71896,0.778849,0.475898,0.447561,0,0.146655,0.084721,0.0280456
2009,final,all,state,MS,432,111,0.641204,0.664352,0.44213,0.25,0,0.368056,0.256944,0.106481
2009,final,all,state,MT,452,105,0.699115,0.769912,0.515487,0.387168,0,0.311947,0.232301,0.150442
2009,final,all,state,PA,1257,299,0.540175,0.724741,0.476531,0.3572,0,0.349244,0.237868,0.130469
2009,final,all,state,PB,586,86,0.803754,0.822526,0.385666,0.515358,0,0.244027,0.146758,0.0136519
2009,final,all,state,PE,1585,55,0.721136,0.805678,0.381703,0.582965,0,0.116088,0.0347003,0
2009,final,all,state,PI,484,162,0.71281,0.737603,0.429752,0.421488,0,0.404959,0.334711,0.18595
2009,final,all,state,PR,1735,34,0.757349,0.839193,0.555043,0.361383,0,0.074928,0.0195965,0.000576369
2009,final,all,state,RJ,3184,15,0.736495,0.933103,0.840452,0.26696,0.00031407,0.0160176,0.00471106,0.00031407
2009,final,all,state,RN,571,75,0.816112,0.865149,0.437828,0.530648,0.00175131,0.225919,0.131349,0.0122592
2009,final,all,state,RO,237,37,0.649789,0.848101,0.594937,0.379747,0,0.240506,0.156118,0.0632911
2009,final,all,state,RR,100,10,0.91,0.94,0.59,0.36,0,0.11,0.1,0.03
2009,final,all,state,RS,1843,72,0.82637,0.865437,0.534997,0.43516,0,0.121541,0.0390667,0.00434075
2009,final,all,state,SC,970,25,0.797938,0.895876,0.517526,0.471134,0,0.0628866,0.0257732,0
2009,final,all,state,SE,376,5,0.827128,0.840426,0.364362,0.579787,0,0.0398936,0.0132979,0
2009,final,all,state,SP,8300,50,0.826747,0.92506,0.759518,0.290843,0.000240964,0.0155422,0.0060241,0.000843373
2009,final,all,state,TO,211,54,0.677725,0.696682,0.331754,0.483412,0,0.35545,0.255924,0.0805687
2010,final,sus,country,BR,33714,3347,0.589903,0.807825,0.534466,0.383817,0.000118645,0.160408,0.0992763,0.0445216
2010,final,sus,region,Centro-Oeste,2333,430,0.597943,0.837977,0.561509,0.366481,0.000428633,0.249893,0.184312,0.0990141
2010,final,sus,region,Nordeste,8929,1570,0.619106,0.747004,0.361295,0.485497,0.000111995,0.286818,0.175832,0.063165
2010,final,sus,region,Norte,2751,778,0.528899,0.732461,0.516176,0.298073,0,0.358779,0.282806,0.206107
2010,final,sus,region,Sudeste,15205,449,0.554357,0.839,0.635252,0.336205,0.000131536,0.0587964,0.0295298,0.00874712
2010,final,sus,region,Sul,4496,120,0.685276,0.853648,0.534698,0.404359,0,0.0851868,0.0266904,0.00133452
2010,final,sus,state,AC,134,46,0.738806,0.738806,0.537313,0.261194,0,0.38806,0.343284,0.276119
2010,final,sus,state,AL,511,10,0.741683,0.890411,0.409002,0.544031,0,0.133072,0.0195695,0
2010,final,sus,state,AM,629,156,0.45151,0.785374,0.709062,0.0953895,0,0.248013,0.248013,0.227345
2010,final,sus,state,AP,152,18,0.723684,0.782895,0.690789,0.105263,0,0.125,0.118421,0.0789474
2010,final,sus,state,BA,2448,513,0.499183,0.681781,0.405229,0.388072,0.000408497,0.308824,0.209559,0.0559641
2010,final,sus,state,CE,1385,103,0.680866,0.80722,0.413718,0.472924,0,0.20722,0.0743682,0.0166065
2010,final,sus,state,DF,539,0,0.584416,0.996289,1,0.0111317,0,0,0,0
2010,final,sus,state,ES,570,23,0.649123,0.863158,0.482456,0.529825,0,0.103509,0.0403509,0
2010,final,sus,state,GO,919,175,0.599565,0.862894,0.401523,0.588683,0.00108814,0.269859,0.190424,0.100109
2010,final,sus,state,MA,991,334,0.586276,0.655903,0.354188,0.391524,0,0.430878,0.337033,0.206862
2010,final,sus,state,MG,3468,366,0.625433,0.785179,0.457036,0.461938,0.000288351,0.172434,0.105536,0.0357555
2010,final,sus,state,MS,413,115,0.542373,0.7046,0.455206,0.276029,0,0.384988,0.27845,0.113801
2010,final,sus,state,MT,462,140,0.660173,0.722944,0.463203,0.419913,0,0.380952,0.30303,0.199134
2010,final,sus,state,PA,1248,333,0.463942,0.697917,0.439103,0.387821,0,0.403045,0.266827,0.174679
2010,final,sus,state,PB,590,88,0.740678,0.828814,0.333898,0.574576,0,0.283051,0.149153,0.0288136
2010,final,sus,state,PE,1544,212,0.641192,0.755829,0.240285,0.632124,0,0.260363,0.137306,0.0259067
2010,final,sus,state,PI,499,216,0.621242,0.717435,0.402806,0.43487,0,0.509018,0.432866,0.266533
2010,final,sus,state,PR,1776,29,0.63795,0.843468,0.548423,0.368806,0,0.0608108,0.0163288,0
2010,final,sus,state,RJ,3078,21,0.396361,0.730669,0.616959,0.267057,0,0.039961,0.00682261,0
2010,final,sus,state,RN,572,82,0.620629,0.75,0.365385,0.513986,0,0.265734,0.143357,0.0157343
2010,final,sus,state,RO,258,154,0.585271,0.705426,0.368217,0.403101,0,0.596899,0.596899,0.53876
2010,final,sus,state,RR,104,15,0.836538,0.913462,0.721154,0.211538,0,0.153846,0.144231,0.00961538
2010,final,sus,state,RS,1793,64,0.710541,0.856665,0.544897,0.408254,0,0.114334,0.0356944,0.00278862
2010,final,sus,state,SC,927,27,0.727077,0.867314,0.488673,0.464941,0,0.0755124,0.0291262,0.00107875
2010,final,sus,state,SE,389,12,0.799486,0.861183,0.316195,0.611825,0,0.123393,0.0308483,0
2010,final,sus,state,SP,8089,39,0.577327,0.901595,0.729386,0.294968,0.000123625,0.0140932,0.00482136,0.00111262
2010,final,sus,state,TO,226,56,0.641593,0.685841,0.349558,0.438053,0,0.384956,0.247788,0.0752212
2010,final,all,country,BR,33714,2799,0.753129,0.845228,0.578424,0.383817,0.000118645,0.138073,0.0830219,0.0341994
2010,final,all,region,Centro-Oeste,2333,395,0.720103,0.849121,0.57051,0.366481,0.000428633,0.234462,0.16931,0.0891556
2010,final,all,region,Nordeste,8929,1291,0.702654,0.769963,0.392765,0.485497,0.000111995,0.24258,0.144585,0.0499496
2010,final,all,region,Norte,2751,628,0.622319,0.756816,0.536169,0.298073,0,0.310796,0.228281,0.141767
2010,final,all,region,Sudeste,15205,366,0.792305,0.897797,0.705229,0.336205,0.000131536,0.0471555,0.024071,0.00677409
2010,final,all,region,Sul,4496,119,0.81806,0.868995,0.548265,0.404359,0,0.0822954,0.026468,0.00133452
2010,final,all,state,AC,134,46,0.738806,0.738806,0.537313,0.261194,0,0.38806,0.343284,0.276119
2010,final,all,state,AL,511,10,0.819961,0.890411,0.409002,0.544031,0,0.129159,0.0195695,0
2010,final,all,state,AM,629,156,0.643879,0.785374,0.709062,0.0953895,0,0.248013,0.248013,0.227345
2010,final,all,state,AP,152,18,0.756579,0.782895,0.690789,0.105263,0,0.125,0.118421,0.0789474
2010,final,all,state,BA,2448,483,0.54902,0.684641,0.40768,0.388072,0.000408497,0.292075,0.197304,0.0522876
2010,final,all,state,CE,1385,57,0.78556,0.81444,0.418773,0.472924,0,0.184838,0.0411552,0.00433213
2010,final,all,state,DF,539,0,0.769944,0.996289,1,0.0111317,0,0,0,0
2010,final,all,state,ES,570,23,0.750877,0.884211,0.62807,0.529825,0,0.103509,0.0403509,0
2010,final,all,state,GO,919,170,0.718172,0.862894,0.404788,0.588683,0.00108814,0.262242,0.184984,0.0990207
2010,final,all,state,MA,991,334,0.623613,0.655903,0.354188,0.391524,0,0.430878,0.337033,0.201816
2010,final,all,state,MG,3468,300,0.725779,0.788351,0.46684,0.461938,0.000288351,0.143887,0.0865052,0.0273933
2010,final,all,state,MS,413,115,0.661017,0.7046,0.455206,0.276029,0,0.384988,0.27845,0.113801
2010,final,all,state,MT,462,110,0.718615,0.779221,0.502165,0.419913,0,0.318182,0.238095,0.151515
2010,final,all,state,PA,1248,279,0.543269,0.736378,0.456731,0.387821,0,0.359776,0.223558,0.115385
2010,final,all,state,PB,590,84,0.820339,0.830508,0.333898,0.574576,0,0.274576,0.142373,0.020339
2010,final,all,state,PE,1544,69,0.75,0.826425,0.356218,0.632124,0,0.112694,0.0446891,0
2010,final,all,state,PI,499,167,0.723447,0.755511,0.420842,0.43487,0,0.416834,0.334669,0.190381
2010,final,all,state,PR,1776,29,0.796734,0.877252,0.576014,0.368806,0,0.0551802,0.0163288,0
2010,final,all,state,RJ,3078,21,0.724496,0.926901,0.820013,0.267057,0,0.0230669,0.00682261,0
2010,final,all,state,RN,572,75,0.81993,0.846154,0.463287,0.513986,0,0.227273,0.131119,0.00874126
2010,final,all,state,RO,258,58,0.662791,0.77907,0.496124,0.403101,0,0.294574,0.224806,0.139535
2010,final,all,state,RR,104,15,0.855769,0.913462,0.721154,0.211538,0,0.153846,0.144231,0.00961538
2010,final,all,state,RS,1793,63,0.840491,0.860569,0.55159,0.408254,0,0.11266,0.0351366,0.00278862
2010,final,all,state,SC,927,27,0.815534,0.869471,0.488673,0.464941,0,0.0755124,0.0291262,0.00107875
2010,final,all,state,SE,389,12,0.856041,0.871465,0.377892,0.611825,0,0.0719794,0.0308483,0
2010,final,all,state,SP,8089,22,0.849549,0.934603,0.769193,0.294968,0.000123625,0.010879,0.00271974,0.000988997
2010,final,all,state,TO,226,56,0.685841,0.685841,0.349558,0.438053,0,0.384956,0.247788,0.0752212
2011,final,sus,country,BR,34976,3644,0.602985,0.818075,0.547947,0.385035,5.71821e-05,0.158366,0.104186,0.0489478
2011,final,sus,region,Centro-Oeste,2584,567,0.618421,0.802245,0.55418,0.352941,0,0.270898,0.219427,0.11726
2011,final,sus,region,Nordeste,9090,1652,0.627833,0.761716,0.382178,0.481408,0,0.282398,0.181738,0.0713971
2011,final,sus,region,Norte,2899,828,0.531908,0.74336,0.525009,0.302518,0,0.349086,0.285616,0.211452
2011,final,sus,region,Sudeste,15588,462,0.57756,0.855081,0.653836,0.337054,0.000128304,0.0547857,0.0296382,0.00872466
2011,final,sus,region,Sul,4815,135,0.672897,0.858152,0.528557,0.425337,0,0.0843198,0.0280374,0.00228453
2011,final,sus,state,AC,151,41,0.788079,0.788079,0.615894,0.211921,0,0.331126,0.271523,0.192053
2011,final,sus,state,AL,508,5,0.767717,0.891732,0.482283,0.515748,0,0.0984252,0.00984252,0
2011,final,sus,state,AM,738,198,0.398374,0.750678,0.673442,0.0867209,0,0.268293,0.268293,0.254743
2011,final,sus,state,AP,194,27,0.731959,0.793814,0.680412,0.180412,0,0.159794,0.139175,0.118557
2011,final,sus,state,BA,2553,548,0.499412,0.687427,0.403055,0.390129,0,0.317665,0.214649,0.0646298
2011,final,sus,state,CE,1333,94,0.657914,0.795199,0.467367,0.415604,0,0.183796,0.0705176,0.0165041
2011,final,sus,state,DF,610,0,0.752459,0.995082,1,0.00819672,0,0,0,0
2011,final,sus,state,ES,613,23,0.650897,0.866232,0.504078,0.507341,0,0.0978793,0.0375204,0
2011,final,sus,state,GO,1015,199,0.609852,0.871921,0.396059,0.57734,0,0.256158,0.196059,0.108374
2011,final,sus,state,MA,1044,390,0.603448,0.675287,0.346743,0.435824,0,0.445402,0.373563,0.249042
2011,final,sus,state,MG,3543,368,0.653966,0.81654,0.484335,0.45724,0.000282247,0.165114,0.103867,0.0347163
2011,final,sus,state,MS,419,188,0.446301,0.520286,0.384248,0.250597,0,0.522673,0.448687,0.171838
2011,final,sus,state,MT,540,180,0.616667,0.672222,0.47963,0.4,0,0.409259,0.333333,0.224074
2011,final,sus,state,PA,1261,353,0.47502,0.707375,0.444885,0.395718,0,0.395718,0.279937,0.180809
2011,final,sus,state,PB,576,90,0.748264,0.848958,0.340278,0.592014,0,0.286458,0.15625,0.0277778
2011,final,sus,state,PE,1544,219,0.660622,0.783031,0.259067,0.619819,0,0.264249,0.141839,0.0297927
2011,final,sus,state,PI,494,225,0.609312,0.720648,0.390688,0.469636,0,0.51417,0.455466,0.269231
2011,final,sus,state,PR,1923,43,0.646386,0.855434,0.526781,0.415497,0,0.075923,0.0223609,0.00312012
2011,final,sus,state,RJ,3072,30,0.358073,0.70638,0.602865,0.278971,0.000325521,0.0335286,0.00976562,0.000651042
2011,final,sus,state,RN,606,68,0.719472,0.881188,0.50165,0.493399,0,0.186469,0.112211,0.0115512
2011,final,sus,state,RO,247,147,0.62753,0.757085,0.368421,0.481781,0,0.595142,0.595142,0.497976
2011,final,sus,state,RR,88,11,0.875,0.909091,0.75,0.181818,0,0.136364,0.125,0.0454545
2011,final,sus,state,RS,1843,63,0.686923,0.851872,0.545849,0.412914,0,0.103093,0.0341834,0.00217037
2011,final,sus,state,SC,1049,29,0.696854,0.874166,0.50143,0.465205,0,0.0667302,0.0276454,0.000953289
2011,final,sus,state,SE,432,13,0.803241,0.840278,0.282407,0.648148,0,0.12963,0.0300926,0
2011,final,sus,state,SP,8360,41,0.620455,0.925239,0.755383,0.294976,0,0.0126794,0.00490431,0.00131579
2011,final,sus,state,TO,220,51,0.709091,0.768182,0.372727,0.509091,0,0.340909,0.231818,0.0818182
2011,final,all,country,BR,34976,2915,0.77436,0.858875,0.590719,0.385035,5.71821e-05,0.133034,0.0833429,0.0357674
2011,final,all,region,Centro-Oeste,2584,420,0.724845,0.849458,0.587461,0.352941,0,0.217105,0.162539,0.0924923
2011,final,all,region,Nordeste,9090,1276,0.69967,0.779978,0.411111,0.481408,0,0.230033,0.140374,0.049505
2011,final,all,region,Norte,2899,644,0.668161,0.784408,0.565367,0.302518,0,0.293894,0.222146,0.143498
2011,final,all,region,Sudeste,15588,443,0.833333,0.915576,0.715166,0.337054,0.000128304,0.0487555,0.0284193,0.00866051
2011,final,all,region,Sul,4815,132,0.814953,0.874143,0.543925,0.425337,0,0.0807892,0.0274143,0.00228453
2011,final,all,state,AC,151,30,0.847682,0.847682,0.668874,0.211921,0,0.258278,0.198675,0.119205
2011,final,all,state,AL,508,5,0.801181,0.891732,0.482283,0.515748,0,0.0944882,0.00984252,0
2011,final,all,state,AM,738,195,0.686992,0.754743,0.673442,0.0867209,0,0.264228,0.264228,0.250678
2011,final,all,state,AP,194,27,0.891753,0.917526,0.819588,0.180412,0,0.159794,0.139175,0.118557
2011,final,all,state,BA,2553,516,0.541324,0.689777,0.404622,0.390129,0,0.299256,0.202115,0.0622797
2011,final,all,state,CE,1333,53,0.75919,0.802701,0.472618,0.415604,0,0.157539,0.0397599,0.00675169
2011,final,all,state,DF,610,0,0.788525,0.995082,1,0.00819672,0,0,0,0
2011,final,all,state,ES,613,23,0.82708,0.892333,0.62969,0.507341,0,0.0978793,0.0375204,0
2011,final,all,state,GO,1015,196,0.725123,0.873892,0.409852,0.57734,0,0.253202,0.193103,0.108374
2011,final,all,state,MA,1044,307,0.638889,0.689655,0.361111,0.435824,0,0.374521,0.294061,0.162835
2011,final,all,state,MG,3543,350,0.804121,0.843071,0.494778,0.45724,0.000282247,0.151002,0.0987863,0.0347163
2011,final,all,state,MS,419,94,0.692124,0.71599,0.494033,0.250597,0,0.317422,0.224344,0.0954654
2011,final,all,state,MT,540,130,0.677778,0.742593,0.527778,0.4,0,0.316667,0.240741,0.164815
2011,final,all,state,PA,1261,281,0.560666,0.752577,0.475813,0.395718,0,0.339413,0.222839,0.108644
2011,final,all,state,PB,576,86,0.817708,0.850694,0.340278,0.592014,0,0.28125,0.149306,0.0190972
2011,final,all,state,PE,1544,61,0.765544,0.852332,0.391839,0.619819,0,0.11658,0.0395078,0
2011,final,all,state,PI,494,167,0.742915,0.769231,0.408907,0.469636,0,0.40081,0.338057,0.190283
2011,final,all,state,PR,1923,43,0.817993,0.886635,0.551742,0.415497,0,0.0696828,0.0223609,0.00312012
2011,final,all,state,RJ,3072,30,0.777344,0.921875,0.81543,0.278971,0.000325521,0.0214844,0.00976562,0.000651042
2011,final,all,state,RN,606,68,0.843234,0.881188,0.50165,0.493399,0,0.186469,0.112211,0.0115512
2011,final,all,state,RO,247,49,0.724696,0.862348,0.54251,0.481781,0,0.291498,0.198381,0.125506
2011,final,all,state,RR,88,11,0.875,0.909091,0.75,0.181818,0,0.136364,0.125,0.0454545
2011,final,all,state,RS,1843,60,0.825285,0.860553,0.559957,0.412914,0,0.10038,0.0325556,0.00217037
2011,final,all,state,SC,1049,29,0.79123,0.875119,0.50143,0.465205,0,0.0667302,0.0276454,0.000953289
2011,final,all,state,SE,432,13,0.835648,0.847222,0.335648,0.648148,0,0.0578704,0.0300926,0
2011,final,all,state,SP,8360,40,0.866746,0.945694,0.77799,0.294976,0,0.0118421,0.00478469,0.00119617
2011,final,all,state,TO,220,51,0.754545,0.768182,0.372727,0.509091,0,0.340909,0.231818,0.0818182
2012,final,sus,country,BR,34876,3481,0.600155,0.82369,0.544013,0.391759,8.6019e-05,0.156526,0.0998108,0.0445579
2012,final,sus,region,Centro-Oeste,2610,506,0.626054,0.828736,0.554789,0.36092,0,0.244061,0.19387,0.113027
2012,final,sus,region,Nordeste,9202,1583,0.642034,0.772006,0.374918,0.494349,0,0.279613,0.172028,0.0570528
2012,final,sus,region,Norte,2903,862,0.523941,0.734413,0.51154,0.313124,0,0.367206,0.296934,0.219084
2012,final,sus,region,Sudeste,15501,397,0.559383,0.858267,0.650861,0.342107,0.000193536,0.0507064,0.0256113,0.00574157
2012,final,sus,region,Sul,4660,133,0.686052,0.863519,0.536695,0.420601,0,0.0851931,0.0285408,0.00193133
2012,final,sus,state,AC,163,59,0.766871,0.766871,0.472393,0.331288,0,0.423313,0.361963,0.269939
2012,final,sus,state,AL,508,7,0.795276,0.895669,0.437008,0.521654,0,0.127953,0.0137795,0
2012,final,sus,state,AM,700,214,0.361429,0.741429,0.655714,0.11,0,0.305714,0.305714,0.287143
2012,final,sus,state,AP,174,26,0.683908,0.764368,0.655172,0.16092,0,0.178161,0.149425,0.126437
2012,final,sus,state,BA,2610,532,0.527586,0.712261,0.391954,0.415709,0,0.307663,0.203831,0.0440613
2012,final,sus,state,CE,1401,104,0.683084,0.828694,0.445396,0.468951,0,0.208423,0.0742327,0.0135617
2012,final,sus,state,DF,577,0,0.65338,1,1,0.0034662,0,0,0,0
2012,final,sus,state,ES,618,27,0.65534,0.88835,0.517799,0.509709,0,0.0825243,0.0436893,0
2012,final,sus,state,GO,1081,185,0.635523,0.877891,0.407031,0.552266,0,0.232192,0.171138,0.0980574
2012,final,sus,state,MA,959,343,0.579771,0.654849,0.356621,0.394161,0,0.417101,0.357664,0.225235
2012,final,sus,state,MG,3408,324,0.676643,0.8348,0.476819,0.485329,0.000293427,0.153462,0.0950704,0.0246479
2012,final,sus,state,MS,425,111,0.621176,0.729412,0.470588,0.282353,0,0.336471,0.261176,0.110588
2012,final,sus,state,MT,527,210,0.580645,0.620493,0.43833,0.42315,0,0.461101,0.398482,0.26945
2012,final,sus,state,PA,1305,369,0.485824,0.697318,0.436782,0.407663,0,0.407663,0.282759,0.190038
2012,final,sus,state,PB,616,86,0.741883,0.847403,0.368506,0.573052,0,0.227273,0.13961,0.025974
2012,final,sus,state,PE,1648,224,0.656553,0.753034,0.244539,0.632888,0,0.287621,0.135922,0.0194175
2012,final,sus,state,PI,501,211,0.632735,0.776447,0.419162,0.479042,0,0.479042,0.421158,0.253493
2012,final,sus,state,PR,1761,46,0.68711,0.86996,0.545713,0.408291,0,0.0721181,0.0261215,0.00113572
2012,final,sus,state,RJ,3223,17,0.328886,0.705244,0.5982,0.270555,0.00031027,0.0363016,0.00527459,0.00062054
2012,final,sus,state,RN,565,68,0.745133,0.893805,0.472566,0.515044,0,0.20531,0.120354,0
2012,final,sus,state,RO,221,114,0.61991,0.782805,0.461538,0.371041,0,0.515837,0.515837,0.452489
2012,final,sus,state,RR,111,14,0.837838,0.927928,0.747748,0.18018,0,0.126126,0.126126,0.00900901
2012,final,sus,state,RS,1895,61,0.698153,0.869657,0.558839,0.403694,0,0.108707,0.03219,0.00263852
2012,final,sus,state,SC,1004,26,0.661355,0.840637,0.479084,0.474104,0,0.063745,0.0258964,0.00199203
2012,final,sus,state,SE,394,8,0.85533,0.873096,0.335025,0.601523,0,0.109137,0.0203046,0
2012,final,sus,state,SP,8252,29,0.593795,0.925473,0.753272,0.298352,0.000121183,0.0115124,0.0035143,0.000363548
2012,final,sus,state,TO,229,66,0.69869,0.737991,0.349345,0.50655,0,0.401747,0.28821,0.0873362
2012,final,all,country,BR,34876,2977,0.779447,0.865466,0.586478,0.391759,8.6019e-05,0.136225,0.0853596,0.0369595
2012,final,all,region,Centro-Oeste,2610,467,0.724904,0.837548,0.56092,0.36092,0,0.232184,0.178927,0.101916
2012,final,all,region,Nordeste,9202,1312,0.718648,0.794067,0.401217,0.494349,0,0.238209,0.142578,0.0491198
2012,final,all,region,Norte,2903,709,0.66104,0.773338,0.542887,0.313124,0,0.321047,0.24423,0.163624
2012,final,all,region,Sudeste,15501,360,0.825882,0.92336,0.718534,0.342107,0.000193536,0.0413522,0.0232243,0.00561254
2012,final,all,region,Sul,4660,129,0.849356,0.88691,0.554506,0.420601,0,0.0815451,0.0276824,0.00193133
2012,final,all,state,AC,163,42,0.852761,0.852761,0.570552,0.331288,0,0.319018,0.257669,0.165644
2012,final,all,state,AL,508,4,0.84252,0.897638,0.437008,0.521654,0,0.0984252,0.00787402,0
2012,final,all,state,AM,700,212,0.65,0.744286,0.655714,0.11,0,0.302857,0.302857,0.284286
2012,final,all,state,AP,174,26,0.862069,0.896552,0.793103,0.16092,0,0.178161,0.149425,0.126437
2012,final,all,state,BA,2610,532,0.577011,0.712261,0.391954,0.415709,0,0.307663,0.203831,0.0440613
2012,final,all,state,CE,1401,96,0.788009,0.828694,0.445396,0.468951,0,0.20414,0.0685225,0.0121342
2012,final,all,state,DF,577,0,0.785095,1,1,0.0034662,0,0,0,0
2012,final,all,state,ES,618,27,0.852751,0.907767,0.616505,0.509709,0,0.0825243,0.0436893,0
2012,final,all,state,GO,1081,185,0.745606,0.877891,0.407031,0.552266,0,0.232192,0.171138,0.0980574
2012,final,all,state,MA,959,343,0.61731,0.654849,0.356621,0.394161,0,0.417101,0.357664,0.224192
2012,final,all,state,MG,3408,308,0.822477,0.861209,0.487089,0.485329,0.000293427,0.139378,0.0903756,0.0246479
2012,final,all,state,MS,425,111,0.703529,0.729412,0.470588,0.282353,0,0.336471,0.261176,0.110588
2012,final,all,state,MT,527,171,0.633776,0.664137,0.468691,0.42315,0,0.402277,0.324478,0.214421
2012,final,all,state,PA,1305,299,0.577011,0.747893,0.462835,0.407663,0,0.354023,0.229119,0.127969
2012,final,all,state,PB,616,25,0.853896,0.88474,0.383117,0.573052,0,0.154221,0.0405844,0
2012,final,all,state,PE,1648,117,0.757282,0.847694,0.377427,0.632888,0,0.143204,0.0709951,0.00910194
2012,final,all,state,PI,501,150,0.784431,0.822355,0.447106,0.479042,0,0.365269,0.299401,0.179641
2012,final,all,state,PR,1761,46,0.861442,0.9046,0.571834,0.408291,0,0.0653038,0.0261215,0.00113572
2012,final,all,state,RJ,3223,16,0.785914,0.929569,0.835557,0.270555,0.00031027,0.0176854,0.00496432,0.00062054
2012,final,all,state,RN,565,37,0.840708,0.893805,0.472566,0.515044,0,0.169912,0.0654867,0
2012,final,all,state,RO,221,50,0.723982,0.819005,0.538462,0.371041,0,0.312217,0.226244,0.176471
2012,final,all,state,RR,111,14,0.837838,0.927928,0.747748,0.18018,0,0.126126,0.126126,0.00900901
2012,final,all,state,RS,1895,57,0.860686,0.881794,0.569921,0.403694,0,0.106069,0.0300792,0.00263852
2012,final,all,state,SC,1004,26,0.806773,0.865538,0.49502,0.474104,0,0.063745,0.0258964,0.00199203
2012,final,all,state,SE,394,8,0.865482,0.873096,0.335025,0.601523,0,0.109137,0.0203046,0
2012,final,all,state,SP,8252,9,0.840887,0.94777,0.776054,0.298352,0.000121183,0.0070286,0.00109064,0.000121183
2012,final,all,state,TO,229,66,0.737991,0.737991,0.349345,0.50655,0,0.401747,0.28821,0.0873362
2013,final,sus,country,BR,35385,3462,0.608902,0.845726,0.552183,0.40373,0.000169563,0.152494,0.0978381,0.0446234
2013,final,sus,region,Centro-Oeste,2667,505,0.63892,0.858268,0.569929,0.375703,0,0.238845,0.189351,0.101237
2013,final,sus,region,Nordeste,9278,1522,0.645182,0.785945,0.398685,0.493533,0.000107782,0.258784,0.164044,0.061759
2013,final,sus,region,Norte,3021,874,0.551804,0.765641,0.521682,0.324396,0.000993049,0.361139,0.289308,0.208209
2013,final,sus,region,Sudeste,15622,411,0.568621,0.887722,0.658943,0.353092,6.40123e-05,0.0542184,0.0263091,0.00620919
2013,final,sus,region,Sul,4797,150,0.689181,0.868043,0.510736,0.460496,0.000208464,0.0875547,0.0312695,0.00208464
2013,final,sus,state,AC,187,83,0.721925,0.727273,0.470588,0.299465,0,0.486631,0.44385,0.326203
2013,final,sus,state,AL,502,6,0.752988,0.89243,0.486056,0.503984,0,0.0796813,0.0119522,0
2013,final,sus,state,AM,750,199,0.392,0.788,0.696,0.113333,0,0.265333,0.265333,0.242667
2013,final,sus,state,AP,193,25,0.720207,0.823834,0.673575,0.176166,0,0.15544,0.129534,0.103627
2013,final,sus,state,BA,2556,457,0.536776,0.730829,0.422144,0.394757,0,0.277778,0.178795,0.0410798
2013,final,sus,state,CE,1495,101,0.694314,0.834114,0.454849,0.453512,0,0.205351,0.0675585,0.0133779
2013,final,sus,state,DF,627,0,0.637959,1,1,0.00797448,0,0,0,0
2013,final,sus,state,ES,653,29,0.624809,0.903522,0.511485,0.523737,0,0.124043,0.0444104,0
2013,final,sus,state,GO,1076,205,0.659851,0.893123,0.398699,0.60316,0,0.256506,0.19052,0.0975836
2013,final,sus,state,MA,986,385,0.553753,0.631846,0.338742,0.41785,0.0010142,0.448276,0.390467,0.262677
2013,final,sus,state,MG,3500,337,0.656857,0.844571,0.480857,0.492571,0,0.151429,0.0962857,0.0271429
2013,final,sus,state,MS,416,122,0.661058,0.778846,0.485577,0.329327,0,0.372596,0.293269,0.125
2013,final,sus,state,MT,548,178,0.582117,0.687956,0.478102,0.385036,0,0.375912,0.324818,0.206204
2013,final,sus,state,PA,1327,363,0.519216,0.728711,0.438583,0.425772,0.00150716,0.412208,0.273549,0.171816
2013,final,sus,state,PB,607,91,0.716639,0.815486,0.375618,0.563427,0,0.270181,0.149918,0.0362438
2013,final,sus,state,PE,1636,202,0.688264,0.819682,0.320905,0.65709,0,0.216993,0.123472,0.0226161
2013,final,sus,state,PI,476,198,0.670168,0.798319,0.42437,0.468487,0,0.47479,0.415966,0.260504
2013,final,sus,state,PR,1890,39,0.712169,0.894709,0.519577,0.454497,0.000529101,0.0708995,0.0206349,0.000529101
2013,final,sus,state,RJ,3178,19,0.395532,0.820327,0.642857,0.285085,0,0.0421649,0.0059786,0
2013,final,sus,state,RN,595,76,0.710924,0.877311,0.443697,0.54958,0,0.208403,0.127731,0.010084
2013,final,sus,state,RO,245,138,0.616327,0.755102,0.404082,0.412245,0.00408163,0.563265,0.563265,0.469388
2013,final,sus,state,RR,99,11,0.929293,0.949495,0.737374,0.222222,0,0.111111,0.111111,0.030303
2013,final,sus,state,RS,1924,78,0.674116,0.857588,0.515593,0.456341,0,0.112786,0.0405405,0.004158
2013,final,sus,state,SC,983,33,0.674466,0.837233,0.484232,0.480163,0,0.0701933,0.0335707,0.00101729
2013,final,sus,state,SE,425,6,0.821176,0.865882,0.336471,0.611765,0,0.0776471,0.0141176,0
2013,final,sus,state,SP,8291,26,0.593294,0.930527,0.7519,0.306839,0.000120613,0.0123025,0.00313593,0.000241225
2013,final,sus,state,TO,220,55,0.759091,0.822727,0.372727,0.531818,0,0.340909,0.25,0.0909091
2013,final,all,country,BR,35385,2789,0.796213,0.87831,0.588357,0.40373,0.000169563,0.128303,0.0788187,0.0330366
2013,final,all,region,Centro-Oeste,2667,458,0.733033,0.872141,0.578178,0.375703,0,0.224597,0.171729,0.0903637
2013,final,all,region,Nordeste,9278,1126,0.749623,0.81537,0.418517,0.493533,0.000107782,0.207264,0.121362,0.0426816
2013,final,all,region,Norte,3021,679,0.707713,0.80768,0.558424,0.324396,0.000993049,0.300232,0.22476,0.140682
2013,final,all,region,Sudeste,15622,381,0.834464,0.927922,0.714761,0.353092,6.40123e-05,0.0450647,0.0243887,0.00620919
2013,final,all,region,Sul,4797,145,0.852616,0.886387,0.529706,0.460496,0.000208464,0.0848447,0.0302272,0.00208464
2013,final,all,state,AC,187,55,0.839572,0.839572,0.593583,0.299465,0,0.336898,0.294118,0.176471
2013,final,all,state,AL,502,6,0.836653,0.89243,0.486056,0.503984,0,0.0796813,0.0119522,0
2013,final,all,state,AM,750,193,0.749333,0.794667,0.696,0.113333,0,0.257333,0.257333,0.234667
2013,final,all,state,AP,193,25,0.782383,0.823834,0.673575,0.176166,0,0.15544,0.129534,0.103627
2013,final,all,state,BA,2556,437,0.634977,0.745305,0.432316,0.394757,0,0.255869,0.17097,0.0410798
2013,final,all,state,CE,1495,80,0.795987,0.836789,0.461538,0.453512,0,0.189298,0.0535117,0.00869565
2013,final,all,state,DF,627,0,0.76555,1,1,0.00797448,0,0,0,0
2013,final,all,state,ES,653,29,0.816233,0.912711,0.624809,0.523737,0,0.124043,0.0444104,0
2013,final,all,state,GO,1076,205,0.758364,0.893123,0.398699,0.60316,0,0.256506,0.19052,0.0975836
2013,final,all,state,MA,986,328,0.635903,0.675456,0.350913,0.41785,0.0010142,0.387424,0.332657,0.213996
2013,final,all,state,MG,3500,331,0.836286,0.871143,0.492857,0.492571,0,0.143143,0.0945714,0.0271429
2013,final,all,state,MS,416,122,0.745192,0.778846,0.485577,0.329327,0,0.372596,0.293269,0.125
2013,final,all,state,MT,548,131,0.636861,0.755474,0.518248,0.385036,0,0.306569,0.239051,0.153285
2013,final,all,state,PA,1327,291,0.617935,0.78523,0.472494,0.425772,0.00150716,0.359457,0.219292,0.110023
2013,final,all,state,PB,607,27,0.876442,0.896211,0.408567,0.563427,0,0.158155,0.0444811,0
2013,final,all,state,PE,1636,95,0.800733,0.878362,0.373472,0.65709,0,0.115526,0.0580685,0.00855746
2013,final,all,state,PI,476,106,0.842437,0.890756,0.487395,0.468487,0,0.302521,0.222689,0.10084
2013,final,all,state,PR,1890,39,0.874074,0.915344,0.546032,0.454497,0.000529101,0.0666667,0.0206349,0.000529101
2013,final,all,state,RJ,3178,16,0.800189,0.932662,0.824418,0.285085,0,0.0179358,0.00503461,0
2013,final,all,state,RN,595,41,0.821849,0.877311,0.443697,0.54958,0,0.171429,0.0689076,0.00840336
2013,final,all,state,RO,245,49,0.734694,0.861224,0.579592,0.412245,0.00408163,0.236735,0.2,0.110204
2013,final,all,state,RR,99,11,0.929293,0.949495,0.737374,0.222222,0,0.111111,0.111111,0.030303
2013,final,all,state,RS,1924,73,0.849272,0.869023,0.532744,0.456341,0,0.110187,0.0379418,0.004158
2013,final,all,state,SC,983,33,0.817904,0.8647,0.49237,0.480163,0,0.0701933,0.0335707,0.00101729
2013,final,all,state,SE,425,6,0.854118,0.865882,0.336471,0.611765,0,0.0776471,0.0141176,0
2013,final,all,state,SP,8291,5,0.848269,0.951272,0.773489,0.306839,0.000120613,0.00783983,0.000603064,0.000241225
2013,final,all,state,TO,220,55,0.8,0.822727,0.372727,0.531818,0,0.340909,0.25,0.0909091
2014,final,sus,country,BR,35975,3377,0.611786,0.851675,0.55722,0.403141,0.000166782,0.148242,0.0938707,0.0402502
2014,final,sus,region,Centro-Oeste,2707,464,0.606206,0.84928,0.562985,0.374954,0.000369413,0.224233,0.171407,0.0812708
2014,final,sus,region,Nordeste,9228,1449,0.643585,0.796489,0.405505,0.492739,0,0.247941,0.157022,0.0502818
2014,final,sus,region,Norte,2996,875,0.625501,0.770027,0.519359,0.335447,0.000333778,0.360814,0.292056,0.213952
2014,final,sus,region,Sudeste,16077,452,0.558997,0.887044,0.660633,0.35162,0.000248803,0.057349,0.0281147,0.00696647
2014,final,sus,region,Sul,4967,137,0.718341,0.890276,0.524059,0.459634,0,0.087578,0.027582,0.00221462
2014,final,sus,state,AC,163,51,0.760736,0.760736,0.539877,0.263804,0,0.374233,0.312883,0.226994
2014,final,sus,state,AL,518,11,0.787645,0.907336,0.498069,0.509653,0,0.0810811,0.0212355,0
2014,final,sus,state,AM,811,204,0.637485,0.795314,0.697904,0.110974,0,0.251541,0.251541,0.240444
2014,final,sus,state,AP,177,30,0.819209,0.853107,0.672316,0.237288,0,0.19209,0.169492,0.141243
2014,final,sus,state,BA,2484,444,0.55475,0.762077,0.431159,0.404589,0,0.253221,0.178744,0.0358293
2014,final,sus,state,CE,1559,101,0.654907,0.831944,0.444516,0.462476,0,0.199487,0.0647851,0.0115459
2014,final,sus,state,DF,603,0,0.568823,0.996683,1,0.013267,0,0,0,0
2014,final,sus,state,ES,638,20,0.374608,0.899687,0.496865,0.550157,0,0.0909091,0.031348,0
2014,final,sus,state,GO,1093,215,0.623971,0.874657,0.389753,0.591034,0,0.259835,0.196706,0.10064
2014,final,sus,state,MA,1022,350,0.565558,0.634051,0.331703,0.411937,0,0.419765,0.342466,0.223092
2014,final,sus,state,MG,3504,366,0.678653,0.850457,0.489726,0.491438,0.000285388,0.173801,0.104452,0.0296804
2014,final,sus,state,MS,443,104,0.677201,0.781038,0.487585,0.318284,0,0.309255,0.234763,0.0699774
2014,final,sus,state,MT,568,145,0.556338,0.697183,0.491197,0.387324,0.00176056,0.327465,0.255282,0.139085
2014,final,sus,state,PA,1262,368,0.523772,0.722662,0.416799,0.452456,0,0.422345,0.291601,0.18542
2014,final,sus,state,PB,583,90,0.708405,0.801029,0.396226,0.530017,0,0.279588,0.154374,0.0291595
2014,final,sus,state,PE,1629,213,0.666053,0.817066,0.334561,0.658072,0,0.22345,0.130755,0.0208717
2014,final,sus,state,PI,475,162,0.669474,0.823158,0.44,0.482105,0,0.429474,0.341053,0.155789
2014,final,sus,state,PR,1983,40,0.72819,0.90116,0.525971,0.465456,0,0.0771558,0.0201715,0.00100857
2014,final,sus,state,RJ,3351,15,0.381976,0.797374,0.643688,0.26798,0,0.0373023,0.00447628,0
2014,final,sus,state,RN,569,64,0.748682,0.927944,0.463972,0.544815,0,0.173989,0.112478,0.00702988
2014,final,sus,state,RO,224,130,0.633929,0.78125,0.40625,0.459821,0,0.580357,0.580357,0.495536
2014,final,sus,state,RR,126,26,0.888889,0.912698,0.619048,0.301587,0.00793651,0.230159,0.206349,0.0793651
2014,final,sus,state,RS,1947,69,0.713919,0.883924,0.535696,0.44376,0,0.102209,0.0354391,0.0046225
2014,final,sus,state,SC,1037,28,0.707811,0.881389,0.498554,0.478303,0,0.0800386,0.027001,0
2014,final,sus,state,SE,389,14,0.802057,0.835476,0.339332,0.55527,0,0.120823,0.0359897,0
2014,final,sus,state,SP,8584,51,0.592964,0.936044,0.749185,0.312442,0.000349487,0.0151445,0.00594129,0.000931966
2014,final,sus,state,TO,233,66,0.742489,0.793991,0.377682,0.506438,0,0.386266,0.283262,0.124464
2014,final,all,country,BR,35975,2800,0.805671,0.883947,0.595608,0.403141,0.000166782,0.126366,0.0778318,0.0316053
2014,final,all,region,Centro-Oeste,2707,421,0.76727,0.876986,0.58478,0.374954,0.000369413,0.20724,0.155523,0.0731437
2014,final,all,region,Nordeste,9228,1145,0.750867,0.814044,0.424902,0.492739,0,0.207304,0.124079,0.0390117
2014,final,all,region,Norte,2996,737,0.702603,0.802069,0.548064,0.335447,0.000333778,0.319426,0.245995,0.159212
2014,final,all,region,Sudeste,16077,367,0.842881,0.934316,0.721154,0.35162,0.000248803,0.0441625,0.0228276,0.00566026
2014,final,all,region,Sul,4967,130,0.870143,0.903966,0.54097,0.459634,0,0.0815382,0.0261727,0.00221462
2014,final,all,state,AC,163,29,0.895706,0.895706,0.668712,0.263804,0,0.239264,0.177914,0.0920245
2014,final,all,state,AL,518,11,0.84556,0.907336,0.498069,0.509653,0,0.0791506,0.0212355,0
2014,final,all,state,AM,811,203,0.738594,0.796547,0.697904,0.110974,0,0.250308,0.250308,0.239211
2014,final,all,state,AP,177,30,0.841808,0.853107,0.672316,0.237288,0,0.19209,0.169492,0.141243
2014,final,all,state,BA,2484,432,0.665056,0.766103,0.453704,0.404589,0,0.242754,0.173913,0.0330113
2014,final,all,state,CE,1559,87,0.792174,0.831944,0.448364,0.462476,0,0.184092,0.055805,0.00577293
2014,final,all,state,DF,603,0,0.776119,0.996683,1,0.013267,0,0,0,0
2014,final,all,state,ES,638,20,0.873041,0.910658,0.625392,0.550157,0,0.0909091,0.031348,0
2014,final,all,state,GO,1093,215,0.767612,0.874657,0.389753,0.591034,0,0.259835,0.196706,0.10064
2014,final,all,state,MA,1022,313,0.611546,0.655577,0.343444,0.411937,0,0.364971,0.306262,0.204501
2014,final,all,state,MG,3504,321,0.856164,0.884418,0.506279,0.491438,0.000285388,0.149829,0.0916096,0.0248288
2014,final,all,state,MS,443,104,0.758465,0.781038,0.487585,0.318284,0,0.309255,0.234763,0.0699774
2014,final,all,state,MT,568,102,0.764085,0.829225,0.59507,0.387324,0.00176056,0.246479,0.179577,0.100352
2014,final,all,state,PA,1262,290,0.603011,0.772583,0.456418,0.452456,0,0.362124,0.229794,0.110935
2014,final,all,state,PB,583,32,0.847341,0.876501,0.425386,0.530017,0,0.188679,0.0548885,0
2014,final,all,state,PE,1629,108,0.786372,0.859423,0.383057,0.658072,0,0.131369,0.0662983,0.0092081
2014,final,all,state,PI,475,112,0.823158,0.858947,0.458947,0.482105,0,0.330526,0.235789,0.0905263
2014,final,all,state,PR,1983,40,0.879476,0.919314,0.543116,0.465456,0,0.0670701,0.0201715,0.00100857
2014,final,all,state,RJ,3351,14,0.772008,0.924799,0.829603,0.26798,0,0.0152193,0.00417786,0
2014,final,all,state,RN,569,36,0.866432,0.927944,0.463972,0.544815,0,0.142355,0.0632689,0.00351494
2014,final,all,state,RO,224,93,0.709821,0.825893,0.473214,0.459821,0,0.46875,0.415179,0.285714
2014,final,all,state,RR,126,26,0.888889,0.912698,0.619048,0.301587,0.00793651,0.230159,0.206349,0.0793651
2014,final,all,state,RS,1947,62,0.874679,0.89471,0.547509,0.44376,0,0.0970724,0.0318439,0.0046225
2014,final,all,state,SC,1037,28,0.84378,0.891996,0.52459,0.478303,0,0.0800386,0.027001,0
2014,final,all,state,SE,389,14,0.822622,0.835476,0.339332,0.55527,0,0.120823,0.0359897,0
2014,final,all,state,SP,8584,12,0.862884,0.960158,0.773649,0.312442,0.000349487,0.00885368,0.00139795,0.000465983
2014,final,all,state,TO,233,66,0.76824,0.793991,0.377682,0.506438,0,0.386266,0.283262,0.124464
2015,final,sus,country,BR,36739,3446,0.622145,0.857617,0.5532,0.415444,0.000136095,0.145214,0.0937968,0.0409646
2015,final,sus,region,Centro-Oeste,2748,487,0.623726,0.866448,0.576055,0.372999,0.000363901,0.235444,0.17722,0.0942504
2015,final,sus,region,Nordeste,9539,1524,0.659922,0.811091,0.393123,0.5141,0,0.249188,0.159765,0.0511584
2015,final,sus,region,Norte,3112,905,0.599936,0.77892,0.511247,0.355077,0.000321337,0.356684,0.29081,0.211118
2015,final,sus,region,Sudeste,16297,403,0.572253,0.884764,0.657544,0.356814,0.000184083,0.0501319,0.0247285,0.00552249
2015,final,sus,region,Sul,5043,127,0.724767,0.901646,0.532223,0.478683,0,0.0761452,0.0251834,0.00218124
2015,final,sus,state,AC,154,64,0.694805,0.694805,0.474026,0.331169,0,0.454545,0.415584,0.324675
2015,final,sus,state,AL,535,11,0.736449,0.893458,0.534579,0.448598,0,0.0990654,0.0205607,0
2015,final,sus,state,AM,790,206,0.640506,0.789873,0.692405,0.118987,0.00126582,0.260759,0.260759,0.24557
2015,final,sus,state,AP,169,29,0.751479,0.810651,0.650888,0.218935,0,0.189349,0.171598,0.112426
2015,final,sus,state,BA,2468,442,0.549838,0.764587,0.409643,0.423015,0,0.265802,0.179092,0.0307942
2015,final,sus,state,CE,1611,104,0.695841,0.844196,0.429547,0.471757,0,0.18622,0.0645562,0.0130354
2015,final,sus,state,DF,624,0,0.514423,0.996795,1,0.00961538,0,0,0,0
2015,final,sus,state,ES,715,28,0.644755,0.896503,0.527273,0.538462,0,0.0839161,0.0391608,0
2015,final,sus,state,GO,1099,206,0.653321,0.89081,0.409463,0.584167,0.000909918,0.252957,0.187443,0.100091
2015,final,sus,state,MA,1028,388,0.596304,0.663424,0.311284,0.457198,0,0.433852,0.377432,0.218872
2015,final,sus,state,MG,3624,313,0.689018,0.845475,0.481236,0.496965,0,0.150938,0.0863687,0.0226269
2015,final,sus,state,MS,481,125,0.706861,0.783784,0.451143,0.359667,0,0.351351,0.259875,0.0935551
2015,final,sus,state,MT,544,156,0.615809,0.740809,0.536765,0.375,0,0.367647,0.286765,0.191176
2015,final,sus,state,PA,1367,373,0.49744,0.758595,0.427213,0.463058,0,0.39722,0.27286,0.166057
2015,final,sus,state,PB,591,80,0.692047,0.815567,0.390863,0.539763,0,0.255499,0.135364,0.0304569
2015,final,sus,state,PE,1683,194,0.690434,0.83363,0.343434,0.677362,0,0.205585,0.11527,0.0231729
2015,final,sus,state,PI,563,209,0.740675,0.861456,0.385435,0.53286,0,0.465364,0.371226,0.17762
2015,final,sus,state,PR,1937,38,0.737739,0.909654,0.521941,0.483738,0,0.065049,0.019618,0.000516262
2015,final,sus,state,RJ,3351,27,0.364369,0.798568,0.644882,0.281409,0.000298418,0.0370039,0.0080573,0.000298418
2015,final,sus,state,RN,626,85,0.734824,0.921725,0.429712,0.58147,0,0.196486,0.135783,0.014377
2015,final,sus,state,RO,269,153,0.594796,0.769517,0.401487,0.449814,0,0.568773,0.568773,0.505576
2015,final,sus,state,RR,108,13,0.861111,0.925926,0.648148,0.305556,0,0.157407,0.12037,0.0185185
2015,final,sus,state,RS,1982,61,0.734612,0.904137,0.567608,0.443996,0,0.0938446,0.030777,0.00353179
2015,final,sus,state,SC,1124,28,0.685053,0.883452,0.487544,0.531139,0,0.0640569,0.024911,0.00266904
2015,final,sus,state,SE,434,11,0.834101,0.882488,0.336406,0.615207,0,0.0921659,0.0253456,0
2015,final,sus,state,SP,8607,35,0.598002,0.933891,0.747531,0.312072,0.000232369,0.00999187,0.00406646,0.000813292
2015,final,sus,state,TO,255,67,0.760784,0.831373,0.388235,0.533333,0,0.34902,0.262745,0.113725
2015,final,all,country,BR,36739,2866,0.817877,0.892131,0.591143,0.415444,0.000136095,0.125507,0.0780097,0.0315741
2015,final,all,region,Centro-Oeste,2748,456,0.776929,0.880277,0.590611,0.372999,0.000363901,0.225255,0.165939,0.0829694
2015,final,all,region,Nordeste,9539,1206,0.76203,0.833001,0.412517,0.5141,0,0.20977,0.126428,0.0369011
2015,final,all,region,Norte,3112,759,0.697301,0.811697,0.536632,0.355077,0.000321337,0.315231,0.243895,0.158098
2015,final,all,region,Sudeste,16297,318,0.859606,0.93643,0.719335,0.356814,0.000184083,0.0387188,0.0195128,0.0047248
2015,final,all,region,Sul,5043,127,0.885386,0.916915,0.548681,0.478683,0,0.0751537,0.0251834,0.00218124
2015,final,all,state,AC,154,41,0.863636,0.863636,0.577922,0.331169,0,0.305195,0.266234,0.175325
2015,final,all,state,AL,535,11,0.831776,0.893458,0.534579,0.448598,0,0.0953271,0.0205607,0
2015,final,all,state,AM,790,204,0.732911,0.793671,0.692405,0.118987,0.00126582,0.258228,0.258228,0.243038
2015,final,all,state,AP,169,29,0.775148,0.810651,0.650888,0.218935,0,0.189349,0.171598,0.112426
2015,final,all,state,BA,2468,436,0.660859,0.773096,0.437601,0.423015,0,0.254052,0.176661,0.0291734
2015,final,all,state,CE,1611,83,0.79702,0.846058,0.435754,0.471757,0,0.170701,0.0515208,0.00558659
2015,final,all,state,DF,624,0,0.767628,0.996795,1,0.00961538,0,0,0,0
2015,final,all,state,ES,715,28,0.876923,0.925874,0.661538,0.538462,0,0.0839161,0.0391608,0
2015,final,all,state,GO,1099,206,0.794359,0.89081,0.409463,0.584167,0.000909918,0.252957,0.187443,0.100091
2015,final,all,state,MA,1028,341,0.659533,0.687743,0.315175,0.457198,0,0.378405,0.331712,0.197471
2015,final,all,state,MG,3624,279,0.864238,0.887417,0.495309,0.496965,0,0.139349,0.0769868,0.0198675
2015,final,all,state,MS,481,125,0.756757,0.783784,0.451143,0.359667,0,0.351351,0.259875,0.0935551
2015,final,all,state,MT,544,125,0.770221,0.810662,0.610294,0.375,0,0.316176,0.229779,0.134191
2015,final,all,state,PA,1367,289,0.607169,0.803219,0.462326,0.463058,0,0.337966,0.211412,0.103146
2015,final,all,state,PB,591,18,0.85956,0.896785,0.41286,0.539763,0,0.167513,0.0304569,0
2015,final,all,state,PE,1683,99,0.795009,0.892454,0.387403,0.677362,0,0.122995,0.0588235,0.00713012
2015,final,all,state,PI,563,149,0.834813,0.884547,0.412078,0.53286,0,0.362345,0.264654,0.0852575
2015,final,all,state,PR,1937,38,0.887455,0.931337,0.54001,0.483738,0,0.0624677,0.019618,0.000516262
2015,final,all,state,RJ,3351,1,0.811698,0.937631,0.837362,0.281409,0.000298418,0.00507311,0.000298418,0.000298418
2015,final,all,state,RN,626,58,0.864217,0.921725,0.429712,0.58147,0,0.174121,0.0926518,0.0127796
2015,final,all,state,RO,269,116,0.724907,0.814126,0.457249,0.449814,0,0.483271,0.431227,0.304833
2015,final,all,state,RR,108,13,0.87037,0.925926,0.648148,0.305556,0,0.157407,0.12037,0.0185185
2015,final,all,state,RS,1982,61,0.89556,0.907669,0.575177,0.443996,0,0.0938446,0.030777,0.00353179
2015,final,all,state,SC,1124,28,0.863879,0.908363,0.516904,0.531139,0,0.0640569,0.024911,0.00266904
2015,final,all,state,SE,434,11,0.861751,0.882488,0.336406,0.615207,0,0.0921659,0.0253456,0
2015,final,all,state,SP,8607,10,0.874869,0.957476,0.772511,0.312072,0.000232369,0.00569304,0.00116185,0.000464738
2015,final,all,state,TO,255,67,0.815686,0.831373,0.388235,0.533333,0,0.34902,0.262745,0.113725
2016,final,sus,country,BR,35258,3264,0.628708,0.858103,0.54728,0.418685,2.83624e-05,0.14669,0.0925747,0.0427137
2016,final,sus,region,Centro-Oeste,2674,498,0.629768,0.860135,0.557218,0.38893,0,0.235976,0.186238,0.10172
2016,final,sus,region,Nordeste,9053,1423,0.648735,0.801171,0.384292,0.515188,0,0.250525,0.157185,0.0554512
2016,final,sus,region,Norte,2989,896,0.602208,0.758782,0.502509,0.331214,0.00033456,0.36902,0.299766,0.216795
2016,final,sus,region,Sudeste,15761,324,0.59311,0.895375,0.655986,0.367045,0,0.0486644,0.0205571,0.00494892
2016,final,sus,region,Sul,4781,123,0.724116,0.903995,0.519975,0.477515,0,0.084292,0.0257268,0.00125497
2016,final,sus,state,AC,145,53,0.703448,0.703448,0.503448,0.296552,0,0.427586,0.365517,0.324138
2016,final,sus,state,AL,507,6,0.781065,0.907298,0.487179,0.495069,0,0.100592,0.0118343,0
2016,final,sus,state,AM,749,212,0.638184,0.76235,0.6502,0.140187,0.00133511,0.283044,0.283044,0.259012
2016,final,sus,state,AP,170,29,0.776471,0.823529,0.617647,0.235294,0,0.211765,0.170588,0.117647
2016,final,sus,state,BA,2502,434,0.536371,0.743405,0.411271,0.403677,0,0.258593,0.173461,0.0355715
2016,final,sus,state,CE,1478,102,0.709743,0.840325,0.390392,0.513532,0,0.194181,0.0690122,0.011502
2016,final,sus,state,DF,630,0,0.565079,0.998413,1,0.00793651,0,0,0,0
2016,final,sus,state,ES,665,19,0.676692,0.900752,0.494737,0.56391,0,0.0917293,0.0285714,0
2016,final,sus,state,GO,1057,200,0.664144,0.886471,0.407758,0.594134,0,0.247871,0.189215,0.103122
2016,final,sus,state,MA,1025,356,0.605854,0.691707,0.306341,0.507317,0,0.438049,0.347317,0.228293
2016,final,sus,state,MG,3449,290,0.693824,0.870687,0.486808,0.508553,0,0.14265,0.0840823,0.0223253
2016,final,sus,state,MS,452,132,0.692478,0.761062,0.429204,0.358407,0,0.371681,0.292035,0.117257
2016,final,sus,state,MT,535,166,0.585047,0.728972,0.439252,0.457944,0,0.375701,0.31028,0.205607
2016,final,sus,state,PA,1327,394,0.505652,0.721929,0.410701,0.419744,0,0.425772,0.29691,0.180859
2016,final,sus,state,PB,587,69,0.71891,0.817717,0.364566,0.572402,0,0.238501,0.117547,0.0170358
2016,final,sus,state,PE,1494,191,0.670683,0.817938,0.341365,0.648594,0,0.215529,0.127845,0.0207497
2016,final,sus,state,PI,510,202,0.670588,0.827451,0.419608,0.509804,0,0.470588,0.396078,0.22549
2016,final,sus,state,PR,1787,28,0.743145,0.920537,0.512591,0.505876,0,0.0783436,0.0156687,0.000559597
2016,final,sus,state,RJ,3228,9,0.363693,0.777571,0.630731,0.282838,0,0.0424411,0.0027881,0
2016,final,sus,state,RN,571,56,0.674256,0.928196,0.458844,0.553415,0,0.168126,0.0980736,0.0105079
2016,final,sus,state,RO,248,133,0.625,0.802419,0.46371,0.41129,0,0.53629,0.53629,0.475806
2016,final,sus,state,RR,110,15,0.863636,0.909091,0.727273,0.190909,0,0.154545,0.136364,0
2016,final,sus,state,RS,1993,60,0.712995,0.894631,0.550928,0.43151,0,0.0948319,0.0301054,0.00200702
2016,final,sus,state,SC,1001,35,0.712288,0.893107,0.471528,0.518482,0,0.0739261,0.034965,0.000999001
2016,final,sus,state,SE,379,7,0.828496,0.865435,0.295515,0.641161,0,0.0949868,0.0184697,0
2016,final,sus,state,SP,8419,6,0.633211,0.950232,0.747714,0.325811,0,0.00914598,0.000712674,0.000118779
2016,final,sus,state,TO,240,60,0.695833,0.825,0.404167,0.508333,0,0.325,0.25,0.120833
2016,final,all,country,BR,35258,2782,0.808781,0.889784,0.583867,0.418685,2.83624e-05,0.128907,0.0789041,0.0340632
2016,final,all,region,Centro-Oeste,2674,414,0.781227,0.887809,0.589379,0.38893,0,0.212416,0.154824,0.0897532
2016,final,all,region,Nordeste,9053,1191,0.732023,0.814758,0.396112,0.515188,0,0.223241,0.131559,0.0431901
2016,final,all,region,Norte,2989,771,0.696889,0.789896,0.526932,0.331214,0.00033456,0.330545,0.257946,0.166276
2016,final,all,region,Sudeste,15761,284,0.853943,0.944483,0.717213,0.367045,0,0.0371804,0.0180192,0.004251
2016,final,all,region,Sul,4781,122,0.890609,0.915081,0.532315,0.477515,0,0.0798996,0.0255177,0.00125497
2016,final,all,state,AC,145,34,0.841379,0.848276,0.57931,0.296552,0,0.296552,0.234483,0.193103
2016,final,all,state,AL,507,6,0.842209,0.907298,0.487179,0.495069,0,0.100592,0.0118343,0
2016,final,all,state,AM,749,211,0.738318,0.76235,0.6502,0.140187,0.00133511,0.281709,0.281709,0.257677
2016,final,all,state,AP,170,29,0.782353,0.823529,0.617647,0.235294,0,0.211765,0.170588,0.117647
2016,final,all,state,BA,2502,423,0.621902,0.749001,0.429656,0.403677,0,0.248201,0.169065,0.0307754
2016,final,all,state,CE,1478,80,0.799729,0.846414,0.401894,0.513532,0,0.179296,0.0541272,0.00608931
2016,final,all,state,DF,630,0,0.774603,0.998413,1,0.00793651,0,0,0,0
2016,final,all,state,ES,665,15,0.891729,0.945865,0.681203,0.56391,0,0.075188,0.0225564,0
2016,final,all,state,GO,1057,200,0.789026,0.886471,0.407758,0.594134,0,0.247871,0.189215,0.103122
2016,final,all,state,MA,1025,323,0.657561,0.709268,0.317073,0.507317,0,0.387317,0.315122,0.209756
2016,final,all,state,MG,3449,263,0.828646,0.898811,0.494056,0.508553,0,0.135112,0.076254,0.019136
2016,final,all,state,MS,452,106,0.752212,0.794248,0.471239,0.358407,0,0.325221,0.234513,0.117257
2016,final,all,state,MT,535,108,0.798131,0.839252,0.564486,0.457944,0,0.297196,0.201869,0.145794
2016,final,all,state,PA,1327,317,0.607385,0.77468,0.446873,0.419744,0,0.370008,0.238885,0.116805
2016,final,all,state,PB,587,16,0.873935,0.90971,0.390119,0.572402,0,0.160136,0.0272572,0
2016,final,all,state,PE,1494,170,0.771754,0.821954,0.341365,0.648594,0,0.208166,0.113788,0.0127175
2016,final,all,state,PI,510,143,0.672549,0.862745,0.439216,0.509804,0,0.358824,0.280392,0.131373
2016,final,all,state,PR,1787,28,0.910464,0.940683,0.529379,0.505876,0,0.0716284,0.0156687,0.000559597
2016,final,all,state,RJ,3228,0,0.774164,0.929058,0.824659,0.282838,0,0.00247831,0,0
2016,final,all,state,RN,571,23,0.80035,0.935201,0.472855,0.553415,0,0.110333,0.0402802,0.00700525
2016,final,all,state,RO,248,105,0.75,0.810484,0.520161,0.41129,0,0.451613,0.423387,0.290323
2016,final,all,state,RR,110,15,0.863636,0.909091,0.727273,0.190909,0,0.154545,0.136364,0
2016,final,all,state,RS,1993,59,0.887607,0.903161,0.559458,0.43151,0,0.0903161,0.0296036,0.00200702
2016,final,all,state,SC,1001,35,0.861139,0.893107,0.483516,0.518482,0,0.0739261,0.034965,0.000999001
2016,final,all,state,SE,379,7,0.849604,0.865435,0.295515,0.641161,0,0.0949868,0.0184697,0
2016,final,all,state,SP,8419,6,0.891911,0.968999,0.770282,0.325811,0,0.0073643,0.000712674,0.000118779
2016,final,all,state,TO,240,60,0.783333,0.825,0.404167,0.508333,0,0.325,0.25,0.120833
2017,final,sus,country,BR,37001,3493,0.641685,0.859274,0.540256,0.425799,2.70263e-05,0.150645,0.0944029,0.0447555
2017,final,sus,region,Centro-Oeste,2778,524,0.602592,0.844492,0.561555,0.37077,0,0.237941,0.188625,0.108351
2017,final,sus,region,Nordeste,9738,1515,0.663586,0.810331,0.381598,0.522078,0,0.257137,0.155576,0.057404
2017,final,sus,region,Norte,3176,975,0.60296,0.769521,0.487406,0.355164,0,0.379093,0.30699,0.220403
2017,final,sus,region,Sudeste,16184,359,0.614249,0.894896,0.647862,0.375865,6.17894e-05,0.0497405,0.0221824,0.00537568
2017,final,sus,region,Sul,5125,120,0.731902,0.903415,0.523122,0.474146,0,0.0780488,0.0234146,0.0017561
2017,final,sus,state,AC,138,52,0.688406,0.688406,0.442029,0.311594,0,0.434783,0.376812,0.311594
2017,final,sus,state,AL,509,10,0.750491,0.891945,0.447937,0.516699,0,0.113949,0.0196464,0
2017,final,sus,state,AM,800,268,0.6,0.74875,0.63375,0.12875,0,0.335,0.335,0.31125
2017,final,sus,state,AP,183,28,0.710383,0.868852,0.655738,0.262295,0,0.196721,0.153005,0.131148
2017,final,sus,state,BA,2621,480,0.563144,0.757726,0.394506,0.433041,0,0.272797,0.183136,0.0373903
2017,final,sus,state,CE,1664,117,0.719952,0.855168,0.429087,0.490385,0,0.210337,0.0703125,0.0210337
2017,final,sus,state,DF,652,0,0.518405,1,1,0.00766871,0,0,0,0
2017,final,sus,state,ES,652,23,0.691718,0.941718,0.519939,0.588957,0,0.0874233,0.0352761,0
2017,final,sus,state,GO,1093,205,0.622141,0.889296,0.407136,0.594694,0,0.252516,0.187557,0.10613
2017,final,sus,state,MA,1114,446,0.590664,0.663375,0.297127,0.496409,0,0.470377,0.400359,0.248654
2017,final,sus,state,MG,3692,312,0.714789,0.870531,0.46831,0.515168,0,0.146262,0.084507,0.0232936
2017,final,sus,state,MS,469,130,0.703625,0.784648,0.458422,0.353945,0,0.345416,0.277186,0.110874
2017,final,sus,state,MT,564,189,0.578014,0.62766,0.439716,0.370567,0,0.39539,0.335106,0.235816
2017,final,sus,state,PA,1437,389,0.536534,0.760612,0.424495,0.439109,0,0.400835,0.270703,0.145442
2017,final,sus,state,PB,665,26,0.789474,0.888722,0.368421,0.569925,0,0.178947,0.0390977,0
2017,final,sus,state,PE,1573,191,0.685315,0.830896,0.336936,0.662428,0,0.211062,0.121424,0.0158932
2017,final,sus,state,PI,566,196,0.64841,0.823322,0.429329,0.5,0,0.441696,0.34629,0.210247
2017,final,sus,state,PR,1952,33,0.728484,0.909836,0.522029,0.470799,0,0.0737705,0.0169057,0.000512295
2017,final,sus,state,RJ,3299,20,0.409215,0.783571,0.626857,0.31555,0.000303122,0.0433465,0.00606244,0.000303122
2017,final,sus,state,RN,583,39,0.770154,0.929674,0.425386,0.586621,0,0.178388,0.0668954,0.00857633
2017,final,sus,state,RO,260,167,0.569231,0.703846,0.342308,0.488462,0,0.642308,0.642308,0.580769
2017,final,sus,state,RR,121,20,0.884298,0.909091,0.595041,0.31405,0,0.190083,0.165289,0.0247934
2017,final,sus,state,RS,2055,64,0.7382,0.901703,0.552311,0.446715,0,0.0895377,0.0311436,0.00291971
2017,final,sus,state,SC,1118,23,0.726297,0.895349,0.471377,0.530411,0,0.0644007,0.0205725,0.00178891
2017,final,sus,state,SE,443,10,0.742664,0.86456,0.322799,0.611738,0,0.117381,0.0225734,0
2017,final,sus,state,SP,8541,4,0.64407,0.944854,0.743356,0.322679,0,0.00761035,0.000468329,0
2017,final,sus,state,TO,237,51,0.776371,0.864979,0.375527,0.582278,0,0.312236,0.21519,0.0886076
2017,final,all,country,BR,37001,3058,0.827329,0.891219,0.572876,0.425799,2.70263e-05,0.134537,0.0826464,0.0356477
2017,final,all,region,Centro-Oeste,2778,413,0.778258,0.893089,0.605112,0.37077,0,0.203384,0.148668,0.087833
2017,final,all,region,Nordeste,9738,1314,0.765763,0.823578,0.394845,0.522078,0,0.232183,0.134935,0.0409735
2017,final,all,region,Norte,3176,879,0.702456,0.785579,0.501889,0.355164,0,0.353275,0.276763,0.18262
2017,final,all,region,Sudeste,16184,332,0.879263,0.945378,0.701557,0.375865,6.17894e-05,0.0401631,0.0205141,0.00537568
2017,final,all,region,Sul,5125,120,0.884293,0.913171,0.531317,0.474146,0,0.0741463,0.0234146,0.0017561
2017,final,all,state,AC,138,32,0.84058,0.847826,0.557971,0.311594,0,0.289855,0.231884,0.166667
2017,final,all,state,AL,509,10,0.791749,0.891945,0.447937,0.516699,0,0.113949,0.0196464,0
2017,final,all,state,AM,800,268,0.7125,0.74875,0.63375,0.12875,0,0.335,0.335,0.31125
2017,final,all,state,AP,183,28,0.715847,0.868852,0.655738,0.262295,0,0.196721,0.153005,0.131148
2017,final,all,state,BA,2621,464,0.675696,0.764594,0.417398,0.433041,0,0.259443,0.177032,0.0331934
2017,final,all,state,CE,1664,100,0.820913,0.859976,0.445312,0.490385,0,0.192909,0.0600962,0.0108173
2017,final,all,state,DF,652,0,0.783742,1,1,0.00766871,0,0,0,0
2017,final,all,state,ES,652,15,0.927914,0.973926,0.58589,0.588957,0,0.059816,0.0230061,0
2017,final,all,state,GO,1093,205,0.763952,0.889296,0.407136,0.594694,0,0.252516,0.187557,0.10613
2017,final,all,state,MA,1114,376,0.674147,0.696589,0.310592,0.496409,0,0.404847,0.337522,0.193896
2017,final,all,state,MG,3692,312,0.865385,0.89247,0.47481,0.515168,0,0.146262,0.084507,0.0232936
2017,final,all,state,MS,469,101,0.769723,0.82516,0.50533,0.353945,0,0.294243,0.215352,0.110874
2017,final,all,state,MT,564,107,0.806738,0.833333,0.615248,0.370567,0,0.26773,0.189716,0.134752
2017,final,all,state,PA,1437,354,0.64579,0.773834,0.434238,0.439109,0,0.377871,0.246347,0.121086
2017,final,all,state,PB,665,24,0.855639,0.888722,0.368421,0.569925,0,0.178947,0.0360902,0
2017,final,all,state,PE,1573,191,0.783217,0.842975,0.336936,0.662428,0,0.211062,0.121424,0.0158932
2017,final,all,state,PI,566,107,0.832155,0.892226,0.459364,0.5,0,0.286219,0.189046,0.0865724
2017,final,all,state,PR,1952,33,0.884221,0.929816,0.538422,0.470799,0,0.0635246,0.0169057,0.000512295
2017,final,all,state,RJ,3299,1,0.781752,0.947863,0.812367,0.31555,0.000303122,0.0054562,0.000303122,0.000303122
2017,final,all,state,RN,583,32,0.885077,0.943396,0.442539,0.586621,0,0.147513,0.0548885,0.00686106
2017,final,all,state,RO,260,126,0.692308,0.738462,0.403846,0.488462,0,0.530769,0.484615,0.330769
2017,final,all,state,RR,121,20,0.884298,0.909091,0.595041,0.31405,0,0.190083,0.165289,0.0247934
2017,final,all,state,RS,2055,64,0.895377,0.907056,0.557178,0.446715,0,0.0895377,0.0311436,0.00291971
2017,final,all,state,SC,1118,23,0.864043,0.895349,0.471377,0.530411,0,0.0644007,0.0205725,0.00178891
2017,final,all,state,SE,443,10,0.853273,0.86456,0.322799,0.611738,0,0.117381,0.0225734,0
2017,final,all,state,SP,8541,4,0.919213,0.965109,0.765601,0.322679,0,0.00620536,0.000468329,0
2017,final,all,state,TO,237,51,0.839662,0.869198,0.375527,0.582278,0,0.312236,0.21519,0.0886076
2018,final,sus,country,BR,36579,3511,0.642472,0.859646,0.534104,0.432297,0.000109352,0.151863,0.095984,0.0455726
2018,final,sus,region,Centro-Oeste,2841,558,0.594861,0.835269,0.531151,0.399155,0.000351989,0.259416,0.19641,0.104189
2018,final,sus,region,Nordeste,9643,1505,0.667116,0.813336,0.38235,0.523281,0,0.2549,0.156072,0.0585917
2018,final,sus,region,Norte,3324,989,0.610108,0.766546,0.495788,0.353791,0.000300842,0.362214,0.297533,0.211191
2018,final,sus,region,Sudeste,15790,312,0.608993,0.89563,0.643382,0.381634,0.000126662,0.0455351,0.0197593,0.00582647
2018,final,sus,region,Sul,4981,147,0.749649,0.911263,0.508733,0.488055,0,0.0877334,0.0295121,0.00240915
2018,final,sus,state,AC,165,69,0.678788,0.678788,0.460606,0.30303,0,0.460606,0.418182,0.357576
2018,final,sus,state,AL,541,14,0.711645,0.868762,0.50647,0.486137,0,0.101664,0.025878,0
2018,final,sus,state,AM,827,275,0.587666,0.741233,0.614268,0.154776,0.00120919,0.332527,0.332527,0.311971
2018,final,sus,state,AP,186,27,0.768817,0.806452,0.623656,0.225806,0,0.188172,0.145161,0.11828
2018,final,sus,state,BA,2453,477,0.554423,0.744395,0.382389,0.426009,0,0.280473,0.194456,0.0411741
2018,final,sus,state,CE,1626,98,0.717712,0.867159,0.429274,0.496925,0,0.202337,0.0602706,0.0110701
2018,final,sus,state,DF,634,0,0.566246,1,1,0.00788644,0,0,0,0
2018,final,sus,state,ES,758,23,0.676781,0.926121,0.501319,0.562005,0,0.0831135,0.030343,0
2018,final,sus,state,GO,1179,230,0.599661,0.881255,0.371501,0.620865,0.000848176,0.281595,0.195081,0.0983885
2018,final,sus,state,MA,1140,455,0.62193,0.700877,0.289474,0.513158,0,0.464912,0.399123,0.265789
2018,final,sus,state,MG,3624,267,0.714956,0.875276,0.458609,0.530353,0.000275938,0.131623,0.0736755,0.0248344
2018,final,sus,state,MS,440,113,0.665909,0.754545,0.425,0.365909,0,0.343182,0.256818,0.118182
2018,final,sus,state,MT,588,215,0.562925,0.62585,0.42517,0.401361,0,0.431973,0.365646,0.217687
2018,final,sus,state,PA,1447,382,0.552177,0.761576,0.422253,0.463027,0,0.385625,0.263994,0.142364
2018,final,sus,state,PB,617,24,0.774716,0.862237,0.350081,0.588331,0,0.184765,0.0388979,0
2018,final,sus,state,PE,1588,167,0.706549,0.846348,0.34068,0.65932,0,0.212217,0.105164,0.0138539
2018,final,sus,state,PI,572,207,0.624126,0.786713,0.437063,0.487762,0,0.431818,0.361888,0.195804
2018,final,sus,state,PR,1959,50,0.777437,0.931598,0.507912,0.499234,0,0.0775906,0.0255232,0.00102093
2018,final,sus,state,RJ,3031,18,0.381392,0.770373,0.620257,0.308809,0.000329924,0.034972,0.00593863,0.000329924
2018,final,sus,state,RN,656,50,0.753049,0.916159,0.46189,0.54878,0,0.172256,0.0762195,0.0137195
2018,final,sus,state,RO,240,146,0.491667,0.670833,0.3875,0.366667,0,0.608333,0.608333,0.533333
2018,final,sus,state,RR,154,21,0.87013,0.922078,0.733766,0.227273,0,0.155844,0.136364,0.0324675
2018,final,sus,state,RS,1883,62,0.739777,0.893787,0.535847,0.448752,0,0.105151,0.0329262,0.00477961
2018,final,sus,state,SC,1139,35,0.718174,0.90518,0.46532,0.533802,0,0.0763828,0.0307287,0.000877963
2018,final,sus,state,SE,450,13,0.802222,0.913333,0.304444,0.657778,0,0.1,0.0288889,0
2018,final,sus,state,SP,8377,4,0.63937,0.946998,0.744539,0.327325,0,0.00871434,0.000477498,0.000119374
2018,final,sus,state,TO,305,69,0.77377,0.878689,0.429508,0.534426,0,0.295082,0.22623,0.0786885
2018,final,all,country,BR,36579,2818,0.833702,0.897619,0.573006,0.432297,0.000109352,0.129583,0.0770387,0.0319582
2018,final,all,region,Centro-Oeste,2841,295,0.785287,0.902499,0.597325,0.399155,0.000351989,0.179866,0.103837,0.0644139
2018,final,all,region,Nordeste,9643,1241,0.774448,0.835425,0.397283,0.523281,0,0.226797,0.128694,0.0366069
2018,final,all,region,Norte,3324,871,0.695848,0.802347,0.530385,0.353791,0.000300842,0.320999,0.262034,0.159146
2018,final,all,region,Sudeste,15790,285,0.8905,0.946865,0.699493,0.381634,0.000126662,0.0371754,0.0180494,0.00582647
2018,final,all,region,Sul,4981,126,0.887974,0.922706,0.526802,0.488055,0,0.077896,0.0252961,0.00240915
2018,final,all,state,AC,165,43,0.866667,0.866667,0.587879,0.30303,0,0.30303,0.260606,0.2
2018,final,all,state,AL,541,2,0.853974,0.935305,0.519409,0.486137,0,0.0628466,0.00369686,0
2018,final,all,state,AM,827,272,0.712213,0.74607,0.614268,0.154776,0.00120919,0.3289,0.3289,0.308343
2018,final,all,state,AP,186,27,0.854839,0.897849,0.77957,0.225806,0,0.188172,0.145161,0.11828
2018,final,all,state,BA,2453,443,0.65797,0.760701,0.415002,0.426009,0,0.263351,0.180595,0.0309825
2018,final,all,state,CE,1626,94,0.847478,0.867159,0.429274,0.496925,0,0.201107,0.0578106,0.0104551
2018,final,all,state,DF,634,0,0.788644,1,1,0.00788644,0,0,0,0
2018,final,all,state,ES,758,13,0.87467,0.951187,0.57124,0.562005,0,0.0646438,0.0171504,0
2018,final,all,state,GO,1179,110,0.782867,0.910941,0.417303,0.620865,0.000848176,0.201866,0.0932994,0.0483461
2018,final,all,state,MA,1140,361,0.698246,0.75,0.320175,0.513158,0,0.390351,0.316667,0.173684
2018,final,all,state,MG,3624,267,0.873896,0.901766,0.463852,0.530353,0.000275938,0.131347,0.0736755,0.0248344
2018,final,all,state,MS,440,86,0.752273,0.790909,0.472727,0.365909,0,0.290909,0.195455,0.118182
2018,final,all,state,MT,588,99,0.811224,0.863946,0.617347,0.401361,0,0.246599,0.168367,0.12585
2018,final,all,state,PA,1447,335,0.603317,0.792674,0.455425,0.463027,0,0.331721,0.231513,0.0836213
2018,final,all,state,PB,617,21,0.797407,0.862237,0.350081,0.588331,0,0.184765,0.0340357,0
2018,final,all,state,PE,1588,150,0.833753,0.852015,0.34068,0.65932,0,0.202141,0.0944584,0.00755668
2018,final,all,state,PI,572,124,0.788462,0.882867,0.466783,0.487762,0,0.284965,0.216783,0.0769231
2018,final,all,state,PR,1959,29,0.897907,0.947422,0.535477,0.499234,0,0.0530883,0.0148035,0.00102093
2018,final,all,state,RJ,3031,1,0.848235,0.950511,0.829759,0.308809,0.000329924,0.00395909,0.000329924,0.000329924
2018,final,all,state,RN,656,40,0.82622,0.942073,0.469512,0.54878,0,0.140244,0.0609756,0.00914634
2018,final,all,state,RO,240,104,0.6375,0.758333,0.458333,0.366667,0,0.483333,0.433333,0.2875
2018,final,all,state,RR,154,21,0.876623,0.922078,0.733766,0.227273,0,0.155844,0.136364,0.0324675
2018,final,all,state,RS,1883,62,0.886352,0.901221,0.543813,0.448752,0,0.10462,0.0329262,0.00477961
2018,final,all,state,SC,1139,35,0.873573,0.915716,0.483758,0.533802,0,0.0763828,0.0307287,0.000877963
2018,final,all,state,SE,450,6,0.908889,0.913333,0.304444,0.657778,0,0.1,0.0133333,0
2018,final,all,state,SP,8377,4,0.914408,0.964665,0.765907,0.327325,0,0.00596872,0.000477498,0.000119374
2018,final,all,state,TO,305,69,0.855738,0.881967,0.429508,0.534426,0,0.295082,0.22623,0.0786885
2019,final,sus,country,BR,36326,3508,0.658619,0.870699,0.539696,0.434234,2.75285e-05,0.151379,0.0965699,0.0440456
2019,final,sus,region,Centro-Oeste,2885,571,0.611438,0.85026,0.544887,0.406586,0,0.250953,0.19792,0.111265
2019,final,sus,region,Nordeste,9659,1500,0.677089,0.827415,0.377368,0.538669,0,0.251579,0.155296,0.0543535
2019,final,sus,region,Norte,3320,954,0.623193,0.78253,0.514458,0.345783,0,0.349699,0.287349,0.198494
2019,final,sus,region,Sudeste,15505,336,0.63199,0.906675,0.656304,0.374847,6.44953e-05,0.048694,0.0216704,0.00496614
2019,final,sus,region,Sul,4957,147,0.757111,0.913456,0.505144,0.49183,0,0.0865443,0.029655,0.00363123
2019,final,sus,state,AC,151,66,0.682119,0.682119,0.437086,0.390728,0,0.490066,0.437086,0.370861
2019,final,sus,state,AL,524,0,0.776718,0.923664,0.513359,0.480916,0,0.0648855,0,0
2019,final,sus,state,AM,870,271,0.602299,0.765517,0.644828,0.145977,0,0.311494,0.311494,0.28046
2019,final,sus,state,AP,201,33,0.820896,0.865672,0.651741,0.223881,0,0.19403,0.164179,0.149254
2019,final,sus,state,BA,2512,477,0.593949,0.777866,0.386943,0.454618,0,0.281847,0.189889,0.0370223
2019,final,sus,state,CE,1708,139,0.715457,0.862998,0.409251,0.522248,0,0.211944,0.0813817,0.0204918
2019,final,sus,state,DF,581,0,0.545611,1,1,0.00344234,0,0,0,0
2019,final,sus,state,ES,636,27,0.709119,0.926101,0.511006,0.561321,0,0.105346,0.0424528,0
2019,final,sus,state,GO,1180,220,0.614407,0.883051,0.379661,0.617797,0,0.241525,0.186441,0.0923729
2019,final,sus,state,MA,1126,411,0.664298,0.753108,0.290409,0.539964,0,0.420071,0.365009,0.227353
2019,final,sus,state,MG,3559,276,0.720708,0.879742,0.478224,0.514189,0,0.142456,0.0775499,0.0210733
2019,final,sus,state,MS,472,131,0.661017,0.788136,0.449153,0.379237,0,0.372881,0.277542,0.118644
2019,final,sus,state,MT,652,220,0.628834,0.702454,0.507669,0.403374,0,0.403374,0.337423,0.239264
2019,final,sus,state,PA,1393,325,0.529792,0.768844,0.448672,0.437186,0,0.351759,0.233309,0.103374
2019,final,sus,state,PB,657,28,0.770167,0.884323,0.378995,0.561644,0,0.173516,0.042618,0
2019,final,sus,state,PE,1543,162,0.686325,0.830849,0.342839,0.663642,0,0.212573,0.10499,0.00712897
2019,final,sus,state,PI,558,216,0.634409,0.790323,0.394265,0.537634,0,0.453405,0.387097,0.216846
2019,final,sus,state,PR,1979,37,0.764528,0.932794,0.51996,0.486104,0,0.0702375,0.0186963,0.00303183
2019,final,sus,state,RJ,3017,23,0.438184,0.814054,0.667882,0.30063,0.000331455,0.0411004,0.00762347,0.000331455
2019,final,sus,state,RN,564,56,0.748227,0.907801,0.439716,0.551418,0,0.18617,0.0992908,0.0159574
2019,final,sus,state,RO,283,165,0.696113,0.749117,0.402827,0.434629,0,0.583039,0.583039,0.530035
2019,final,sus,state,RR,145,21,0.882759,0.931034,0.724138,0.213793,0,0.17931,0.144828,0.0344828
2019,final,sus,state,RS,1902,77,0.747634,0.895899,0.512618,0.474238,0,0.108833,0.0404837,0.0042061
2019,final,sus,state,SC,1076,33,0.760223,0.908922,0.464684,0.533457,0,0.0771375,0.0306691,0.00371747
2019,final,sus,state,SE,467,11,0.706638,0.890792,0.282655,0.653105,0,0.11349,0.0235546,0
2019,final,sus,state,SP,8293,10,0.658507,0.95044,0.73966,0.327746,0,0.00687327,0.00120584,0.000120584
2019,final,sus,state,TO,277,73,0.772563,0.855596,0.382671,0.555957,0,0.34657,0.263538,0.108303
2019,final,all,country,BR,36326,2843,0.839179,0.901393,0.568986,0.434234,2.75285e-05,0.130595,0.0782635,0.0327589
2019,final,all,region,Centro-Oeste,2885,338,0.822877,0.905719,0.586482,0.406586,0,0.190641,0.117158,0.0724437
2019,final,all,region,Nordeste,9659,1204,0.793457,0.844497,0.393312,0.538669,0,0.220106,0.124651,0.0363392
2019,final,all,region,Norte,3320,870,0.689759,0.801506,0.531928,0.345783,0,0.326506,0.262048,0.161145
2019,final,all,region,Sudeste,15505,284,0.883715,0.9495,0.699968,0.374847,6.44953e-05,0.0368268,0.0183167,0.00496614
2019,final,all,region,Sul,4957,147,0.898527,0.926165,0.51624,0.49183,0,0.0833165,0.029655,0.00363123
2019,final,all,state,AC,151,35,0.89404,0.900662,0.562914,0.390728,0,0.284768,0.231788,0.165563
2019,final,all,state,AL,524,0,0.860687,0.923664,0.513359,0.480916,0,0.0648855,0,0
2019,final,all,state,AM,870,268,0.722989,0.767816,0.644828,0.145977,0,0.308046,0.308046,0.277011
2019,final,all,state,AP,201,33,0.860697,0.905473,0.766169,0.223881,0,0.19403,0.164179,0.149254
2019,final,all,state,BA,2512,382,0.707006,0.798567,0.424363,0.454618,0,0.237261,0.15207,0.0298567
2019,final,all,state,CE,1708,116,0.845433,0.869438,0.418618,0.522248,0,0.199063,0.0679157,0.00819672
2019,final,all,state,DF,581,0,0.860585,1,1,0.00344234,0,0,0,0
2019,final,all,state,ES,636,11,0.916667,0.955975,0.578616,0.561321,0,0.0707547,0.0172956,0
2019,final,all,state,GO,1180,97,0.84322,0.927966,0.425424,0.617797,0,0.167797,0.0822034,0.0449153
2019,final,all,state,MA,1126,348,0.718472,0.769982,0.296625,0.539964,0,0.368561,0.309059,0.176732
2019,final,all,state,MG,3559,262,0.886766,0.913459,0.486373,0.514189,0,0.130655,0.0736162,0.0210733
2019,final,all,state,MS,472,102,0.747881,0.832627,0.483051,0.379237,0,0.330508,0.216102,0.118644
2019,final,all,state,MT,652,139,0.806748,0.834356,0.584356,0.403374,0,0.300613,0.21319,0.153374
2019,final,all,state,PA,1393,303,0.56425,0.773151,0.450826,0.437186,0,0.335966,0.217516,0.0832735
2019,final,all,state,PB,657,25,0.834094,0.884323,0.378995,0.561644,0,0.171994,0.0380518,0
2019,final,all,state,PE,1543,162,0.815943,0.835386,0.342839,0.663642,0,0.212573,0.10499,0.00712897
2019,final,all,state,PI,558,123,0.84767,0.908602,0.439068,0.537634,0,0.311828,0.22043,0.0824373
2019,final,all,state,PR,1979,37,0.931784,0.953512,0.538656,0.486104,0,0.0621526,0.0186963,0.00303183
2019,final,all,state,RJ,3017,1,0.790852,0.941332,0.814054,0.30063,0.000331455,0.00530328,0.000331455,0.000331455
2019,final,all,state,RN,564,37,0.867021,0.925532,0.460993,0.551418,0,0.129433,0.0656028,0.0106383
2019,final,all,state,RO,283,137,0.731449,0.798587,0.448763,0.434629,0,0.508834,0.484099,0.310954
2019,final,all,state,RR,145,21,0.889655,0.931034,0.724138,0.213793,0,0.17931,0.144828,0.0344828
2019,final,all,state,RS,1902,77,0.870137,0.902734,0.516824,0.474238,0,0.108833,0.0404837,0.0042061
2019,final,all,state,SC,1076,33,0.887546,0.917286,0.473978,0.533457,0,0.0771375,0.0306691,0.00371747
2019,final,all,state,SE,467,11,0.888651,0.890792,0.282655,0.653105,0,0.11349,0.0235546,0
2019,final,all,state,SP,8293,10,0.913662,0.967442,0.759436,0.327746,0,0.00542626,0.00120584,0.000120584
2019,final,all,state,TO,277,73,0.833935,0.855596,0.382671,0.555957,0,0.34657,0.263538,0.108303
2020,final,sus,country,BR,34532,3375,0.658143,0.866645,0.530522,0.439824,0.000173752,0.153626,0.0977354,0.0406579
2020,final,sus,region,Centro-Oeste,2711,590,0.606787,0.831796,0.526374,0.414238,0,0.278864,0.217632,0.122833
2020,final,sus,region,Nordeste,9375,1443,0.6736,0.827627,0.37056,0.540907,0,0.25408,0.15392,0.0448
2020,final,sus,region,Norte,3114,867,0.630058,0.773282,0.503211,0.353243,0.000642261,0.345536,0.27842,0.181439
2020,final,sus,region,Sudeste,14563,327,0.635446,0.907231,0.651171,0.383025,0.000206002,0.0473117,0.0224542,0.00549337
2020,final,sus,region,Sul,4769,148,0.744601,0.900189,0.49675,0.485636,0.000209688,0.0842944,0.0310338,0.00125813
2020,final,sus,state,AC,170,60,0.705882,0.717647,0.452941,0.352941,0,0.423529,0.352941,0.305882
2020,final,sus,state,AL,513,1,0.783626,0.922027,0.487329,0.510721,0,0.0604288,0.00194932,0
2020,final,sus,state,AM,743,218,0.615074,0.77389,0.631225,0.166891,0.00269179,0.293405,0.293405,0.253028
2020,final,sus,state,AP,159,18,0.899371,0.91195,0.716981,0.213836,0,0.144654,0.113208,0.0880503
2020,final,sus,state,BA,2477,468,0.580541,0.775535,0.373839,0.46306,0,0.285022,0.188938,0.0371417
2020,final,sus,state,CE,1559,127,0.711353,0.855677,0.416292,0.500321,0,0.216164,0.0814625,0.0160359
2020,final,sus,state,DF,539,0,0.556586,1,1,0.00371058,0,0,0,0
2020,final,sus,state,ES,681,21,0.676946,0.895742,0.487518,0.553598,0.00146843,0.0792952,0.030837,0.00146843
2020,final,sus,state,GO,1127,239,0.61047,0.851819,0.355812,0.621118,0,0.281278,0.212067,0.107365
2020,final,sus,state,MA,1110,443,0.628829,0.713514,0.275676,0.535135,0,0.472973,0.399099,0.225225
2020,final,sus,state,MG,3351,269,0.729036,0.890182,0.467323,0.524023,0.000298418,0.134288,0.0802745,0.0226798
2020,final,sus,state,MS,447,141,0.615213,0.771812,0.425056,0.387025,0,0.402685,0.315436,0.143177
2020,final,sus,state,MT,598,210,0.638796,0.687291,0.496656,0.414716,0,0.43311,0.351171,0.247492
2020,final,sus,state,PA,1339,305,0.551904,0.756535,0.432412,0.448096,0,0.35773,0.227782,0.0896191
2020,final,sus,state,PB,645,30,0.739535,0.865116,0.35969,0.568992,0,0.182946,0.0465116,0.00155039
2020,final,sus,state,PE,1488,164,0.713038,0.858871,0.31586,0.694892,0,0.216398,0.110215,0.00672043
2020,final,sus,state,PI,538,151,0.654275,0.864312,0.462825,0.479554,0,0.364312,0.280669,0.0669145
2020,final,sus,state,PR,1866,39,0.767953,0.91104,0.50911,0.475884,0,0.0803859,0.0209003,0.00160772
2020,final,sus,state,RJ,2988,31,0.462851,0.827644,0.675033,0.312249,0.000334672,0.042838,0.0103748,0.000334672
2020,final,sus,state,RN,602,53,0.727575,0.900332,0.421927,0.571429,0,0.159468,0.0880399,0.00996678
2020,final,sus,state,RO,287,172,0.550523,0.651568,0.390244,0.379791,0,0.599303,0.599303,0.533101
2020,final,sus,state,RR,161,27,0.863354,0.900621,0.708075,0.21118,0,0.186335,0.167702,0.0496894
2020,final,sus,state,RS,1794,74,0.709588,0.88796,0.510591,0.46767,0,0.0986622,0.0412486,0.000557414
2020,final,sus,state,SC,1109,35,0.761948,0.901713,0.453562,0.531109,0.000901713,0.0676285,0.03156,0.00180343
2020,final,sus,state,SE,443,6,0.767494,0.893905,0.311512,0.643341,0,0.115124,0.013544,0
2020,final,sus,state,SP,7543,6,0.658491,0.947368,0.738168,0.333024,0,0.00755668,0.000795439,0.000265146
2020,final,sus,state,TO,255,67,0.807843,0.866667,0.4,0.545098,0,0.321569,0.262745,0.117647
2020,final,all,country,BR,34532,2576,0.831142,0.897226,0.564201,0.439824,0.000173752,0.128055,0.0745975,0.0302039
2020,final,all,region,Centro-Oeste,2711,365,0.832903,0.89266,0.573589,0.414238,0,0.208041,0.134637,0.0837329
2020,final,all,region,Nordeste,9375,1098,0.766507,0.84416,0.386667,0.540907,0,0.21344,0.11712,0.03488
2020,final,all,region,Norte,3114,678,0.700706,0.795761,0.533398,0.353243,0.000642261,0.298651,0.217726,0.129416
2020,final,all,region,Sudeste,14563,287,0.883197,0.948912,0.700611,0.383025,0.000206002,0.0372863,0.0197075,0.00549337
2020,final,all,region,Sul,4769,148,0.883414,0.91256,0.511428,0.485636,0.000209688,0.08052,0.0310338,0.00125813
2020,final,all,state,AC,170,31,0.882353,0.894118,0.570588,0.352941,0,0.252941,0.182353,0.135294
2020,final,all,state,AL,513,1,0.851852,0.922027,0.487329,0.510721,0,0.0565302,0.00194932,0
2020,final,all,state,AM,743,216,0.732167,0.776581,0.631225,0.166891,0.00269179,0.290713,0.290713,0.250336
2020,final,all,state,AP,159,18,0.91195,0.924528,0.811321,0.213836,0,0.144654,0.113208,0.0880503
2020,final,all,state,BA,2477,371,0.68591,0.788857,0.382721,0.46306,0,0.247881,0.149778,0.0294711
2020,final,all,state,CE,1559,109,0.841565,0.868505,0.422707,0.500321,0,0.207184,0.0699166,0.00962155
2020,final,all,state,DF,539,0,0.90167,1,1,0.00371058,0,0,0,0
2020,final,all,state,ES,681,11,0.86931,0.92511,0.552129,0.553598,0.00146843,0.0543319,0.0161527,0.00146843
2020,final,all,state,GO,1127,114,0.842059,0.90772,0.409938,0.621118,0,0.193434,0.101154,0.0576752
2020,final,all,state,MA,1110,363,0.676577,0.728829,0.294595,0.535135,0,0.405405,0.327027,0.188288
2020,final,all,state,MG,3351,269,0.887198,0.911967,0.472396,0.524023,0.000298418,0.13399,0.0802745,0.0226798
2020,final,all,state,MS,447,115,0.769575,0.803132,0.474273,0.387025,0,0.348993,0.257271,0.143177
2020,final,all,state,MT,598,136,0.801003,0.834448,0.571906,0.414716,0,0.317726,0.227425,0.16388
2020,final,all,state,PA,1339,238,0.598208,0.762509,0.461538,0.448096,0,0.318895,0.177745,0.068708
2020,final,all,state,PB,645,19,0.792248,0.865116,0.35969,0.568992,0,0.182946,0.0294574,0
2020,final,all,state,PE,1488,85,0.780914,0.899194,0.359543,0.694892,0,0.127688,0.0571237,0
2020,final,all,state,PI,538,109,0.784387,0.875465,0.481413,0.479554,0,0.291822,0.202602,0.0501859
2020,final,all,state,PR,1866,39,0.914255,0.931404,0.528939,0.475884,0,0.0707395,0.0209003,0.00160772
2020,final,all,state,RJ,2988,1,0.845382,0.947456,0.835341,0.312249,0.000334672,0.00368139,0.000334672,0.000334672
2020,final,all,state,RN,602,35,0.830565,0.931894,0.460133,0.571429,0,0.114618,0.0581395,0.00498339
2020,final,all,state,RO,287,81,0.637631,0.749129,0.45993,0.379791,0,0.379791,0.28223,0.174216
2020,final,all,state,RR,161,27,0.869565,0.900621,0.708075,0.21118,0,0.186335,0.167702,0.0496894
2020,final,all,state,RS,1794,74,0.844482,0.894649,0.514493,0.46767,0,0.0986622,0.0412486,0.000557414
2020,final,all,state,SC,1109,35,0.8945,0.909829,0.477006,0.531109,0.000901713,0.0676285,0.03156,0.00180343
2020,final,all,state,SE,443,6,0.884876,0.893905,0.311512,0.643341,0,0.115124,0.013544,0
2020,final,all,state,SP,7543,6,0.897653,0.96805,0.762031,0.333024,0,0.00609837,0.000795439,0.000265146
2020,final,all,state,TO,255,67,0.858824,0.866667,0.4,0.545098,0,0.321569,0.262745,0.117647
2021,final,sus,country,BR,34651,3608,0.664108,0.865516,0.522409,0.446134,2.88592e-05,0.163401,0.104124,0.0435485
2021,final,sus,region,Centro-Oeste,2922,628,0.630732,0.838809,0.526694,0.4141,0,0.272074,0.214921,0.115332
2021,final,sus,region,Nordeste,9344,1507,0.683219,0.826413,0.357128,0.552975,0,0.262628,0.16128,0.0450557
2021,final,sus,region,Norte,3299,949,0.615641,0.765383,0.496817,0.352531,0,0.352531,0.287663,0.195817
2021,final,sus,region,Sudeste,14370,366,0.636117,0.908212,0.64739,0.387196,6.95894e-05,0.0562283,0.0254697,0.00640223
2021,final,sus,region,Sul,4716,158,0.766115,0.899491,0.484309,0.499364,0,0.0937235,0.033503,0.00275657
2021,final,sus,state,AC,175,66,0.691429,0.725714,0.485714,0.354286,0,0.445714,0.377143,0.308571
2021,final,sus,state,AL,539,0,0.80705,0.93692,0.41744,0.573284,0,0.0408163,0,0
2021,final,sus,state,AM,787,242,0.593393,0.757306,0.636595,0.152478,0,0.307497,0.307497,0.280813
2021,final,sus,state,AP,189,32,0.84127,0.867725,0.608466,0.285714,0,0.206349,0.169312,0.137566
2021,final,sus,state,BA,2483,520,0.583166,0.778091,0.362465,0.46476,0,0.300846,0.209424,0.035441
2021,final,sus,state,CE,1581,126,0.73308,0.855155,0.399114,0.530044,0,0.237824,0.0796964,0.0101202
2021,final,sus,state,DF,564,0,0.620567,1,1,0.00177305,0,0,0,0
2021,final,sus,state,ES,715,37,0.672727,0.900699,0.482517,0.559441,0,0.113287,0.0517483,0
2021,final,sus,state,GO,1188,223,0.621212,0.880471,0.382155,0.618687,0,0.253367,0.18771,0.0900673
2021,final,sus,state,MA,1106,436,0.617541,0.710669,0.285714,0.522604,0,0.464738,0.394213,0.229656
2021,final,sus,state,MG,3288,251,0.725669,0.885645,0.461983,0.53163,0,0.134732,0.0763382,0.0276764
2021,final,sus,state,MS,493,159,0.679513,0.789047,0.399594,0.425963,0,0.403651,0.322515,0.141988
2021,final,sus,state,MT,677,246,0.620384,0.667651,0.478582,0.389956,0,0.435746,0.363368,0.236337
2021,final,sus,state,PA,1408,340,0.521307,0.734375,0.432528,0.418324,0,0.355824,0.241477,0.113636
2021,final,sus,state,PB,620,36,0.758065,0.86129,0.372581,0.559677,0,0.183871,0.0580645,0.0016129
2021,final,sus,state,PE,1487,176,0.712172,0.843981,0.30464,0.709482,0,0.236046,0.118359,0.00874243
2021,final,sus,state,PI,515,175,0.753398,0.867961,0.376699,0.561165,0,0.407767,0.339806,0.0873786
2021,final,sus,state,PR,1801,43,0.78623,0.911716,0.490838,0.499722,0,0.0905053,0.0238756,0.000555247
2021,final,sus,state,RJ,2822,67,0.457123,0.824592,0.667612,0.306166,0,0.0776045,0.023742,0
2021,final,sus,state,RN,635,35,0.752756,0.933858,0.420472,0.584252,0,0.137008,0.0551181,0.00629921
2021,final,sus,state,RO,296,169,0.675676,0.733108,0.398649,0.459459,0,0.570946,0.570946,0.5
2021,final,sus,state,RR,148,19,0.905405,0.945946,0.709459,0.27027,0,0.141892,0.128378,0.027027
2021,final,sus,state,RS,1784,77,0.749439,0.892937,0.494395,0.484305,0,0.107623,0.0431614,0.00560538
2021,final,sus,state,SC,1131,38,0.760389,0.890363,0.458002,0.522546,0,0.0769231,0.0335986,0.00176835
2021,final,sus,state,SE,378,3,0.698413,0.84127,0.31746,0.597884,0,0.0873016,0.00793651,0
2021,final,sus,state,SP,7545,11,0.66057,0.950033,0.736249,0.338237,0.000132538,0.00861498,0.00145792,0.000132538
2021,final,sus,state,TO,296,81,0.72973,0.834459,0.358108,0.547297,0,0.381757,0.273649,0.111486
2021,final,all,country,BR,34651,2645,0.835272,0.897925,0.559609,0.446134,2.88592e-05,0.12825,0.0763326,0.0317451
2021,final,all,region,Centro-Oeste,2922,398,0.830595,0.898015,0.587611,0.4141,0,0.19781,0.136208,0.0780287
2021,final,all,region,Nordeste,9344,1024,0.780929,0.849636,0.381635,0.552975,0,0.198202,0.109589,0.0338185
2021,final,all,region,Norte,3299,787,0.685965,0.793574,0.52622,0.352531,0,0.313731,0.238557,0.137314
2021,final,all,region,Sudeste,14370,278,0.888935,0.948782,0.697216,0.387196,6.95894e-05,0.0389005,0.0193459,0.00626305
2021,final,all,region,Sul,4716,158,0.886768,0.911578,0.49894,0.499364,0,0.0890585,0.033503,0.00275657
2021,final,all,state,AC,175,54,0.845714,0.874286,0.542857,0.354286,0,0.377143,0.308571,0.24
2021,final,all,state,AL,539,0,0.877551,0.93692,0.41744,0.573284,0,0.038961,0,0
2021,final,all,state,AM,787,221,0.733164,0.782719,0.655654,0.152478,0,0.280813,0.280813,0.245235
2021,final,all,state,AP,189,32,0.867725,0.888889,0.756614,0.285714,0,0.206349,0.169312,0.137566
2021,final,all,state,BA,2483,314,0.696738,0.801047,0.393878,0.46476,0,0.212646,0.12646,0.0233588
2021,final,all,state,CE,1581,105,0.85389,0.877293,0.409867,0.530044,0,0.214421,0.0664137,0.00695762
2021,final,all,state,DF,564,0,0.85461,1,1,0.00177305,0,0,0,0
2021,final,all,state,ES,715,18,0.875524,0.927273,0.537063,0.559441,0,0.0713287,0.0251748,0
2021,final,all,state,GO,1188,117,0.864478,0.924242,0.441919,0.618687,0,0.180976,0.0984848,0.0505051
2021,final,all,state,MA,1106,355,0.684448,0.737794,0.29566,0.522604,0,0.396926,0.320976,0.187161
2021,final,all,state,MG,3288,249,0.885949,0.911496,0.466241,0.53163,0,0.134124,0.0757299,0.0270681
2021,final,all,state,MS,493,125,0.787018,0.819473,0.454361,0.425963,0,0.342799,0.25355,0.141988
2021,final,all,state,MT,677,156,0.782866,0.824225,0.59675,0.389956,0,0.286558,0.230428,0.144756
2021,final,all,state,PA,1408,296,0.555398,0.74929,0.448153,0.418324,0,0.333807,0.210227,0.0696023
2021,final,all,state,PB,620,30,0.816129,0.86129,0.372581,0.559677,0,0.183871,0.0483871,0
2021,final,all,state,PE,1487,83,0.789509,0.887693,0.355077,0.709482,0,0.111634,0.0558171,0.00134499
2021,final,all,state,PI,515,111,0.834951,0.895146,0.421359,0.561165,0,0.299029,0.215534,0.0679612
2021,final,all,state,PR,1801,43,0.913381,0.933926,0.515825,0.499722,0,0.0832871,0.0238756,0.000555247
2021,final,all,state,RJ,2822,0,0.855422,0.946137,0.824592,0.306166,0,0.00637845,0,0
2021,final,all,state,RN,635,23,0.889764,0.959055,0.459843,0.584252,0,0.0929134,0.0362205,0.00472441
2021,final,all,state,RO,296,84,0.736486,0.807432,0.472973,0.459459,0,0.35473,0.283784,0.192568
2021,final,all,state,RR,148,19,0.912162,0.945946,0.709459,0.27027,0,0.141892,0.128378,0.027027
2021,final,all,state,RS,1784,77,0.86435,0.89574,0.496637,0.484305,0,0.102578,0.0431614,0.00560538
2021,final,all,state,SC,1131,38,0.879752,0.900973,0.475685,0.522546,0,0.0769231,0.0335986,0.00176835
2021,final,all,state,SE,378,3,0.825397,0.84127,0.31746,0.597884,0,0.0846561,0.00793651,0
2021,final,all,state,SP,7545,11,0.904042,0.968058,0.765408,0.338237,0.000132538,0.00649437,0.00145792,0.000132538
2021,final,all,state,TO,296,81,0.807432,0.834459,0.358108,0.547297,0,0.381757,0.273649,0.111486
2022,final,sus,country,BR,34530,3384,0.660614,0.864726,0.528584,0.443991,2.89603e-05,0.156357,0.0980017,0.0392702
2022,final,sus,region,Centro-Oeste,2806,628,0.632217,0.823236,0.514255,0.420884,0,0.281183,0.223806,0.122238
2022,final,sus,region,Nordeste,9271,1322,0.677597,0.826772,0.367166,0.551073,0.000107863,0.250243,0.142595,0.0357027
2022,final,sus,region,Norte,3137,939,0.597067,0.754543,0.501753,0.342684,0,0.348422,0.299331,0.197641
2022,final,sus,region,Sudeste,14570,344,0.638641,0.907618,0.650858,0.383253,0,0.0532601,0.0236102,0.00356898
2022,final,sus,region,Sul,4746,151,0.753687,0.904551,0.494732,0.501896,0,0.0887063,0.0318163,0.00210704
2022,final,sus,state,AC,162,66,0.654321,0.666667,0.450617,0.339506,0,0.462963,0.407407,0.358025
2022,final,sus,state,AL,545,1,0.794495,0.924771,0.453211,0.544954,0,0.0715596,0.00183486,0
2022,final,sus,state,AM,823,246,0.599028,0.775213,0.656136,0.139733,0,0.298906,0.298906,0.284326
2022,final,sus,state,AP,151,24,0.807947,0.84106,0.635762,0.258278,0,0.192053,0.15894,0.139073
2022,final,sus,state,BA,2457,493,0.562475,0.770452,0.385836,0.455026,0,0.288563,0.200651,0.039886
2022,final,sus,state,CE,1590,119,0.734591,0.864151,0.394969,0.537736,0.000628931,0.223899,0.0748428,0.0157233
2022,final,sus,state,DF,468,0,0.57906,1,1,0.00641026,0,0,0,0
2022,final,sus,state,ES,664,17,0.721386,0.927711,0.528614,0.527108,0,0.0978916,0.0256024,0
2022,final,sus,state,GO,1175,209,0.639149,0.877447,0.394043,0.617872,0,0.237447,0.177872,0.0961702
2022,final,sus,state,MA,1111,287,0.658866,0.761476,0.330333,0.537354,0,0.360036,0.258326,0.120612
2022,final,sus,state,MG,3422,250,0.719755,0.874927,0.457919,0.526593,0,0.135593,0.0730567,0.0151958
2022,final,sus,state,MS,505,148,0.732673,0.778218,0.461386,0.342574,0,0.368317,0.293069,0.10099
2022,final,sus,state,MT,658,271,0.580547,0.635258,0.424012,0.424012,0,0.492401,0.411854,0.272036
2022,final,sus,state,PA,1324,330,0.511329,0.736405,0.43429,0.430514,0,0.336103,0.249245,0.103474
2022,final,sus,state,PB,635,32,0.746457,0.851969,0.406299,0.52126,0,0.193701,0.0503937,0
2022,final,sus,state,PE,1481,151,0.711681,0.834571,0.303174,0.689399,0,0.225523,0.101958,0.00472654
2022,final,sus,state,PI,506,178,0.695652,0.865613,0.373518,0.56917,0,0.436759,0.351779,0.124506
2022,final,sus,state,PR,1798,44,0.77475,0.923248,0.491101,0.506118,0,0.0806452,0.0244716,0.00278087
2022,final,sus,state,RJ,2724,65,0.478341,0.84141,0.687959,0.302496,0,0.0734214,0.023862,0
2022,final,sus,state,RN,537,59,0.707635,0.882682,0.41527,0.582868,0,0.188082,0.10987,0.00744879
2022,final,sus,state,RO,276,172,0.594203,0.652174,0.344203,0.463768,0,0.623188,0.623188,0.536232
2022,final,sus,state,RR,132,17,0.893939,0.909091,0.727273,0.189394,0,0.151515,0.128788,0.0151515
2022,final,sus,state,RS,1741,61,0.740379,0.892016,0.514072,0.470419,0,0.0993682,0.0350373,0.00287191
2022,final,sus,state,SC,1207,46,0.741508,0.89478,0.472245,0.541011,0,0.0853355,0.038111,0
2022,final,sus,state,SE,409,2,0.750611,0.877751,0.232274,0.706601,0,0.0904645,0.00488998,0
2022,final,sus,state,SP,7760,12,0.652062,0.943557,0.733376,0.336082,0,0.0060567,0.00154639,0
2022,final,sus,state,TO,269,84,0.717472,0.814126,0.36803,0.531599,0,0.394052,0.312268,0.0743494
2022,final,all,country,BR,34530,2268,0.843412,0.903475,0.570808,0.443991,2.89603e-05,0.11587,0.065682,0.0240371
2022,final,all,region,Centro-Oeste,2806,399,0.813257,0.893086,0.576978,0.420884,0,0.202423,0.142195,0.0776907
2022,final,all,region,Nordeste,9271,769,0.797864,0.862043,0.403301,0.551073,0.000107863,0.174738,0.0829468,0.018121
2022,final,all,region,Norte,3137,706,0.702582,0.818935,0.563915,0.342684,0,0.271278,0.225056,0.122091
2022,final,all,region,Sudeste,14570,243,0.894166,0.946397,0.697666,0.383253,0,0.0383665,0.0166781,0.00350034
2022,final,all,region,Sul,4746,151,0.887484,0.914665,0.509482,0.501896,0,0.0849136,0.0318163,0.00210704
2022,final,all,state,AC,162,34,0.901235,0.907407,0.592593,0.339506,0,0.265432,0.209877,0.160494
2022,final,all,state,AL,545,1,0.862385,0.924771,0.453211,0.544954,0,0.0642202,0.00183486,0
2022,final,all,state,AM,823,215,0.759417,0.805589,0.686513,0.139733,0,0.261239,0.261239,0.241798
2022,final,all,state,AP,151,24,0.86755,0.907285,0.781457,0.258278,0,0.192053,0.15894,0.139073
2022,final,all,state,BA,2457,255,0.718356,0.82499,0.445258,0.455026,0,0.184778,0.103785,0.014245
2022,final,all,state,CE,1590,48,0.840252,0.890566,0.420755,0.537736,0.000628931,0.155975,0.0301887,0.00377358
2022,final,all,state,DF,468,0,0.747863,1,1,0.00641026,0,0,0,0
2022,final,all,state,ES,664,10,0.879518,0.947289,0.570783,0.527108,0,0.0692771,0.0150602,0
2022,final,all,state,GO,1175,118,0.86383,0.924255,0.439149,0.617872,0,0.171064,0.100426,0.0417021
2022,final,all,state,MA,1111,208,0.737174,0.790279,0.362736,0.537354,0,0.29703,0.187219,0.0648065
2022,final,all,state,MG,3422,218,0.880479,0.905319,0.46844,0.526593,0,0.126242,0.0637054,0.0149036
2022,final,all,state,MS,505,111,0.819802,0.827723,0.520792,0.342574,0,0.306931,0.219802,0.10099
2022,final,all,state,MT,658,170,0.764438,0.81155,0.56535,0.424012,0,0.322188,0.258359,0.179331
2022,final,all,state,PA,1324,277,0.5929,0.796073,0.48716,0.430514,0,0.266616,0.209215,0.0589124
2022,final,all,state,PB,635,30,0.820472,0.851969,0.406299,0.52126,0,0.192126,0.0472441,0
2022,final,all,state,PE,1481,83,0.829169,0.893315,0.361242,0.689399,0,0.118163,0.0560432,0.00135044
2022,final,all,state,PI,506,108,0.83004,0.891304,0.397233,0.56917,0,0.3083,0.213439,0.102767
2022,final,all,state,PR,1798,44,0.92158,0.939933,0.508899,0.506118,0,0.070634,0.0244716,0.00278087
2022,final,all,state,RJ,2724,3,0.876652,0.948605,0.82746,0.302496,0,0.0157856,0.00110132,0
2022,final,all,state,RN,537,34,0.899441,0.918063,0.441341,0.582868,0,0.122905,0.0633147,0.0018622
2022,final,all,state,RO,276,78,0.67029,0.815217,0.507246,0.463768,0,0.32971,0.282609,0.152174
2022,final,all,state,RR,132,17,0.893939,0.909091,0.727273,0.189394,0,0.151515,0.128788,0.0151515
2022,final,all,state,RS,1741,61,0.851809,0.898909,0.523262,0.470419,0,0.0993682,0.0350373,0.00287191
2022,final,all,state,SC,1207,46,0.888152,0.899751,0.490472,0.541011,0,0.0853355,0.038111,0
2022,final,all,state,SE,409,2,0.867971,0.877751,0.232274,0.706601,0,0.0831296,0.00488998,0
2022,final,all,state,SP,7760,12,0.907603,0.96366,0.764046,0.336082,0,0.00489691,0.00154639,0
2022,final,all,state,TO,269,61,0.795539,0.828996,0.405204,0.531599,0,0.371747,0.226766,0.0557621
2023,final,sus,country,BR,33933,3339,0.667639,0.868594,0.52138,0.451065,0.000117879,0.156691,0.0983998,0.0416114
2023,final,sus,region,Centro-Oeste,2957,595,0.634089,0.84207,0.529253,0.419682,0,0.259723,0.201217,0.118701
2023,final,sus,region,Nordeste,9022,1292,0.690202,0.831523,0.365662,0.557859,0.00011084,0.241632,0.143205,0.0318111
2023,final,sus,region,Norte,3244,991,0.588471,0.743218,0.484279,0.356967,0,0.367756,0.305487,0.209926
2023,final,sus,region,Sudeste,14058,317,0.642908,0.911225,0.639138,0.391307,0.000213402,0.0547731,0.0225494,0.00576184
2023,final,sus,region,Sul,4652,144,0.77515,0.91595,0.488392,0.510103,0,0.0872743,0.0309544,0.00257954
2023,final,sus,state,AC,190,88,0.621053,0.636842,0.405263,0.336842,0,0.542105,0.463158,0.389474
2023,final,sus,state,AL,545,0,0.809174,0.93945,0.46055,0.537615,0,0.0715596,0,0
2023,final,sus,state,AM,834,271,0.570743,0.7494,0.631894,0.151079,0,0.32494,0.32494,0.311751
2023,final,sus,state,AP,161,31,0.832298,0.888199,0.590062,0.31677,0,0.229814,0.192547,0.124224
2023,final,sus,state,BA,2405,521,0.575884,0.755925,0.361331,0.47526,0,0.30104,0.216632,0.043659
2023,final,sus,state,CE,1466,117,0.720327,0.857435,0.396999,0.533424,0,0.198499,0.079809,0.0184175
2023,final,sus,state,DF,574,0,0.571429,0.998258,1,0.00522648,0,0,0,0
2023,final,sus,state,ES,699,27,0.689557,0.922747,0.505007,0.547926,0,0.111588,0.0386266,0
2023,final,sus,state,GO,1187,170,0.634372,0.89385,0.379107,0.621735,0,0.224094,0.143218,0.0749789
2023,final,sus,state,MA,1131,249,0.676393,0.772767,0.351017,0.543767,0,0.32626,0.220159,0.0839965
2023,final,sus,state,MG,3240,222,0.733642,0.890741,0.44321,0.549074,0,0.140123,0.0685185,0.0240741
2023,final,sus,state,MS,488,147,0.741803,0.793033,0.430328,0.432377,0,0.375,0.30123,0.161885
2023,final,sus,state,MT,708,278,0.610169,0.662429,0.467514,0.408192,0,0.450565,0.392655,0.258475
2023,final,sus,state,PA,1389,371,0.493161,0.713463,0.410367,0.444204,0,0.37869,0.267099,0.12311
2023,final,sus,state,PB,576,23,0.796875,0.90625,0.375,0.579861,0,0.154514,0.0399306,0.00173611
2023,final,sus,state,PE,1407,189,0.700782,0.828714,0.297797,0.687278,0.000710732,0.24307,0.134328,0.00639659
2023,final,sus,state,PI,513,148,0.736842,0.883041,0.384016,0.567251,0,0.348928,0.288499,0.0955166
2023,final,sus,state,PR,1864,48,0.792918,0.924893,0.481223,0.520386,0,0.0820815,0.0257511,0.00107296
2023,final,sus,state,RJ,2694,59,0.46882,0.822197,0.654788,0.319228,0.00074239,0.0712695,0.0219005,0.00074239
2023,final,sus,state,RN,557,38,0.775583,0.924596,0.438061,0.581688,0,0.157989,0.0682226,0.00179533
2023,final,sus,state,RO,234,141,0.619658,0.688034,0.380342,0.440171,0,0.602564,0.602564,0.538462
2023,final,sus,state,RR,191,25,0.86911,0.91623,0.685864,0.256545,0,0.167539,0.13089,0.0418848
2023,final,sus,state,RS,1657,62,0.744719,0.891973,0.511768,0.466506,0,0.105009,0.037417,0.004828
2023,final,sus,state,SC,1131,34,0.790451,0.93634,0.465959,0.557029,0,0.0698497,0.0300619,0.00176835
2023,final,sus,state,SE,422,7,0.770142,0.912322,0.293839,0.672986,0,0.13981,0.0165877,0
2023,final,sus,state,SP,7425,9,0.662088,0.95138,0.731582,0.333872,0.00013468,0.00619529,0.00121212,0.00013468
2023,final,sus,state,TO,245,64,0.755102,0.795918,0.334694,0.604082,0,0.338776,0.261224,0.0897959
2023,final,all,country,BR,33933,2192,0.852356,0.910058,0.560958,0.451065,0.000117879,0.116376,0.0645979,0.0266702
2023,final,all,region,Centro-Oeste,2957,380,0.837335,0.910044,0.580318,0.419682,0,0.194792,0.128509,0.0794724
2023,final,all,region,Nordeste,9022,682,0.820993,0.876857,0.39969,0.557859,0.00011084,0.166593,0.075593,0.0183995
2023,final,all,region,Norte,3244,736,0.702219,0.817201,0.548089,0.356967,0,0.281751,0.22688,0.126695
2023,final,all,region,Sudeste,14058,250,0.893157,0.948143,0.685019,0.391307,0.000213402,0.0397638,0.0177835,0.00576184
2023,final,all,region,Sul,4652,144,0.904127,0.924119,0.495486,0.510103,0,0.0853396,0.0309544,0.00257954
2023,final,all,state,AC,190,56,0.836842,0.847368,0.547368,0.336842,0,0.373684,0.294737,0.221053
2023,final,all,state,AL,545,0,0.873394,0.93945,0.46055,0.537615,0,0.0587156,0,0
2023,final,all,state,AM,834,233,0.747002,0.788969,0.664269,0.151079,0,0.279376,0.279376,0.26259
2023,final,all,state,AP,161,31,0.89441,0.931677,0.73913,0.31677,0,0.229814,0.192547,0.124224
2023,final,all,state,BA,2405,241,0.757588,0.836175,0.429106,0.47526,0,0.189605,0.100208,0.0174636
2023,final,all,state,CE,1466,41,0.864939,0.899727,0.416098,0.533424,0,0.151432,0.0279673,0.00341064
2023,final,all,state,DF,574,0,0.808362,0.998258,1,0.00522648,0,0,0,0
2023,final,all,state,ES,699,17,0.875536,0.937053,0.53505,0.547926,0,0.0772532,0.0243205,0
2023,final,all,state,GO,1187,87,0.873631,0.930918,0.41786,0.621735,0,0.165965,0.073294,0.0362258
2023,final,all,state,MA,1131,207,0.71618,0.793103,0.357206,0.543767,0,0.292661,0.183024,0.0680813
2023,final,all,state,MG,3240,222,0.889506,0.91358,0.44784,0.549074,0,0.140123,0.0685185,0.0240741
2023,final,all,state,MS,488,130,0.829918,0.844262,0.452869,0.432377,0,0.35041,0.266393,0.161885
2023,final,all,state,MT,708,163,0.805085,0.84887,0.600282,0.408192,0,0.293785,0.230226,0.159605
2023,final,all,state,PA,1389,274,0.596112,0.804896,0.483801,0.444204,0,0.280058,0.197264,0.0518359
2023,final,all,state,PB,576,20,0.878472,0.90625,0.375,0.579861,0,0.151042,0.0347222,0
2023,final,all,state,PE,1407,42,0.846482,0.906183,0.356787,0.687278,0.000710732,0.0923952,0.0298507,0.00142146
2023,final,all,state,PI,513,95,0.847953,0.902534,0.401559,0.567251,0,0.249513,0.185185,0.0760234
2023,final,all,state,PR,1864,48,0.927039,0.94206,0.496245,0.520386,0,0.0772532,0.0257511,0.00107296
2023,final,all,state,RJ,2694,2,0.873794,0.948404,0.811433,0.319228,0.00074239,0.00482554,0.00074239,0.00074239
2023,final,all,state,RN,557,29,0.929982,0.94614,0.468582,0.581688,0,0.131059,0.0520646,0.00179533
2023,final,all,state,RO,234,55,0.688034,0.824786,0.495726,0.440171,0,0.299145,0.235043,0.119658
2023,final,all,state,RR,191,25,0.879581,0.921466,0.685864,0.256545,0,0.167539,0.13089,0.0418848
2023,final,all,state,RS,1657,62,0.861195,0.895594,0.514786,0.466506,0,0.105009,0.037417,0.004828
2023,final,all,state,SC,1131,34,0.929266,0.93634,0.465959,0.557029,0,0.0698497,0.0300619,0.00176835
2023,final,all,state,SE,422,7,0.902844,0.912322,0.293839,0.672986,0,0.104265,0.0165877,0
2023,final,all,state,SP,7425,9,0.903434,0.964175,0.756768,0.333872,0.00013468,0.00511785,0.00121212,0.00013468
2023,final,all,state,TO,245,62,0.795918,0.795918,0.334694,0.604082,0,0.334694,0.253061,0.0897959
2024,final,sus,country,BR,31609,3032,0.675124,0.868424,0.523079,0.451454,0,0.157424,0.095922,0.0397039
2024,final,sus,region,Centro-Oeste,2656,450,0.652485,0.852033,0.535392,0.416039,0,0.230798,0.169428,0.0926205
2024,final,sus,region,Nordeste,8447,1183,0.695632,0.829289,0.362851,0.555819,0,0.250385,0.14005,0.0323192
2024,final,sus,region,Norte,3070,998,0.614984,0.754723,0.479479,0.357655,0,0.383713,0.325081,0.216938
2024,final,sus,region,Sudeste,13113,279,0.644933,0.907954,0.639899,0.394875,0,0.0527721,0.0212766,0.00465187
2024,final,sus,region,Sul,4323,122,0.783252,0.915799,0.505205,0.507518,0,0.0874393,0.0282211,0.00208189
2024,final,sus,state,AC,152,63,0.625,0.631579,0.447368,0.302632,0,0.513158,0.414474,0.361842
2024,final,sus,state,AL,482,1,0.771784,0.923237,0.506224,0.497925,0,0.0456432,0.00207469,0
2024,final,sus,state,AM,785,257,0.615287,0.766879,0.616561,0.169427,0,0.327389,0.327389,0.298089
2024,final,sus,state,AP,156,29,0.788462,0.826923,0.589744,0.25641,0,0.205128,0.185897,0.166667
2024,final,sus,state,BA,2238,479,0.592046,0.755139,0.348525,0.482574,0,0.31546,0.21403,0.0406613
2024,final,sus,state,CE,1386,98,0.726551,0.865079,0.420635,0.51443,0,0.199856,0.0707071,0.0180375
2024,final,sus,state,DF,472,0,0.565678,0.997881,1,0.0105932,0,0,0,0
2024,final,sus,state,ES,671,15,0.640835,0.879285,0.505216,0.508197,0,0.09538,0.0223547,0
2024,final,sus,state,GO,1176,116,0.665816,0.909014,0.414116,0.603741,0,0.17517,0.0986395,0.0467687
2024,final,sus,state,MA,1061,239,0.69934,0.793591,0.346843,0.533459,0,0.324222,0.225259,0.0876532
2024,final,sus,state,MG,3040,198,0.721382,0.882237,0.449342,0.542434,0,0.126316,0.0651316,0.0200658
2024,final,sus,state,MS,435,110,0.733333,0.781609,0.432184,0.404598,0,0.354023,0.252874,0.117241
2024,final,sus,state,MT,573,224,0.635253,0.668412,0.47993,0.373473,0,0.441536,0.390925,0.244328
2024,final,sus,state,PA,1327,396,0.531274,0.727958,0.411454,0.443858,0,0.401658,0.298417,0.140166
2024,final,sus,state,PB,530,21,0.784906,0.877358,0.339623,0.592453,0,0.216981,0.0396226,0
2024,final,sus,state,PE,1386,167,0.708514,0.82684,0.282828,0.7114,0,0.239538,0.120491,0.0151515
2024,final,sus,state,PI,486,141,0.736626,0.876543,0.393004,0.563786,0,0.386831,0.290123,0.0864198
2024,final,sus,state,PR,1635,33,0.785321,0.911927,0.503364,0.500306,0,0.0856269,0.0201835,0.00183486
2024,final,sus,state,RJ,2472,62,0.51335,0.817152,0.643204,0.317557,0,0.0796926,0.0250809,0
2024,final,sus,state,RN,521,35,0.775432,0.917466,0.403071,0.575816,0,0.166987,0.0671785,0.00191939
2024,final,sus,state,RO,223,145,0.591928,0.650224,0.331839,0.443946,0,0.650224,0.650224,0.596413
2024,final,sus,state,RR,156,35,0.865385,0.916667,0.673077,0.25641,0,0.230769,0.224359,0.0512821
2024,final,sus,state,RS,1592,50,0.773241,0.908291,0.527638,0.482412,0,0.0979899,0.031407,0.0031407
2024,final,sus,state,SC,1096,39,0.794708,0.932482,0.475365,0.554745,0,0.0748175,0.0355839,0.000912409
2024,final,sus,state,SE,357,2,0.756303,0.879552,0.327731,0.621849,0,0.123249,0.00560224,0
2024,final,sus,state,SP,6930,4,0.65873,0.954401,0.735354,0.346753,0,0.00678211,0.000577201,0
2024,final,sus,state,TO,271,73,0.793358,0.870849,0.380074,0.557196,0,0.357934,0.269373,0.0885609
2024,final,all,country,BR,31609,2027,0.857604,0.911165,0.564206,0.451454,0,0.115663,0.0641273,0.0253725
2024,final,all,region,Centro-Oeste,2656,310,0.852033,0.913027,0.590738,0.416039,0,0.179217,0.116717,0.0673946
2024,final,all,region,Nordeste,8447,683,0.823843,0.877471,0.40689,0.555819,0,0.172842,0.0808571,0.0161004
2024,final,all,region,Norte,3070,758,0.721824,0.820847,0.542997,0.357655,0,0.302606,0.246906,0.136156
2024,final,all,region,Sudeste,13113,194,0.896591,0.948143,0.680775,0.394875,0,0.0364524,0.0147945,0.00465187
2024,final,all,region,Sul,4323,82,0.905158,0.927828,0.516771,0.507518,0,0.0724034,0.0189683,0.00185057
2024,final,all,state,AC,152,35,0.815789,0.822368,0.585526,0.302632,0,0.328947,0.230263,0.177632
2024,final,all,state,AL,482,1,0.852697,0.923237,0.506224,0.497925,0,0.0373444,0.00207469,0
2024,final,all,state,AM,785,230,0.768153,0.803822,0.650955,0.169427,0,0.292994,0.292994,0.257325
2024,final,all,state,AP,156,29,0.833333,0.852564,0.75,0.25641,0,0.205128,0.185897,0.166667
2024,final,all,state,BA,2238,250,0.776586,0.851653,0.451296,0.482574,0,0.196157,0.111707,0.0138517
2024,final,all,state,CE,1386,43,0.868687,0.895382,0.4329,0.51443,0,0.163059,0.0310245,0.0036075
2024,final,all,state,DF,472,0,0.819915,0.997881,1,0.0105932,0,0,0,0
2024,final,all,state,ES,671,9,0.868852,0.925484,0.540984,0.508197,0,0.0774963,0.0134128,0
2024,final,all,state,GO,1176,101,0.883503,0.926871,0.460884,0.603741,0,0.164966,0.0858844,0.0382653
2024,final,all,state,MA,1061,203,0.743638,0.811499,0.354383,0.533459,0,0.292177,0.191329,0.0640905
2024,final,all,state,MG,3040,181,0.892105,0.914474,0.457566,0.542434,0,0.122368,0.0595395,0.0200658
2024,final,all,state,MS,435,81,0.83908,0.855172,0.482759,0.404598,0,0.294253,0.186207,0.117241
2024,final,all,state,MT,573,128,0.823735,0.858639,0.602094,0.373473,0,0.268761,0.223386,0.144852
2024,final,all,state,PA,1327,301,0.639035,0.808591,0.475509,0.443858,0,0.309721,0.226827,0.075358
2024,final,all,state,PB,530,20,0.862264,0.877358,0.339623,0.592453,0,0.203774,0.0377358,0
2024,final,all,state,PE,1386,34,0.845599,0.909091,0.356421,0.7114,0,0.0822511,0.024531,0
2024,final,all,state,PI,486,95,0.839506,0.901235,0.411523,0.563786,0,0.302469,0.195473,0.063786
2024,final,all,state,PR,1635,18,0.907645,0.930887,0.525382,0.500306,0,0.058104,0.0110092,0.00183486
2024,final,all,state,RJ,2472,0,0.868123,0.940534,0.752832,0.317557,0,0.00566343,0,0
2024,final,all,state,RN,521,35,0.904031,0.925144,0.414587,0.575816,0,0.166987,0.0671785,0.00191939
2024,final,all,state,RO,223,60,0.641256,0.802691,0.497758,0.443946,0,0.327354,0.269058,0.147982
2024,final,all,state,RR,156,35,0.871795,0.916667,0.673077,0.25641,0,0.230769,0.224359,0.0512821
2024,final,all,state,RS,1592,50,0.882538,0.915201,0.532663,0.482412,0,0.0979899,0.031407,0.0031407
2024,final,all,state,SC,1096,14,0.934307,0.941606,0.480839,0.554745,0,0.0565693,0.0127737,0
2024,final,all,state,SE,357,2,0.865546,0.879552,0.327731,0.621849,0,0.0308123,0.00560224,0
2024,final,all,state,SP,6930,4,0.9114,0.967821,0.766522,0.346753,0,0.00577201,0.000577201,0
2024,final,all,state,TO,271,68,0.856089,0.870849,0.380074,0.557196,0,0.357934,0.250923,0.0811808
2025,prelim,sus,country,BR,31151,2893,0.672595,0.866264,0.523803,0.449937,9.63051e-05,0.15534,0.0928702,0.0381047
2025,prelim,sus,region,Centro-Oeste,2693,428,0.631266,0.840327,0.551058,0.382473,0.000371333,0.232826,0.158931,0.0872633
2025,prelim,sus,region,Nordeste,8158,1137,0.679578,0.81846,0.358789,0.566193,0,0.248345,0.139372,0.0319931
2025,prelim,sus,region,Norte,3128,929,0.620844,0.766624,0.492327,0.375959,0.000319693,0.358696,0.296995,0.201087
2025,prelim,sus,region,Sudeste,12775,279,0.650411,0.908728,0.637808,0.390137,7.82779e-05,0.0537769,0.0218395,0.00446184
2025,prelim,sus,region,Sul,4397,120,0.786218,0.918353,0.504435,0.501933,0,0.0857403,0.0272913,0.00113714
2025,prelim,sus,state,AC,153,68,0.666667,0.673203,0.411765,0.379085,0,0.496732,0.444444,0.392157
2025,prelim,sus,state,AL,495,2,0.733333,0.919192,0.450505,0.553535,0,0.0646465,0.0040404,0
2025,prelim,sus,state,AM,808,238,0.60396,0.780941,0.649752,0.153465,0.00123762,0.294554,0.294554,0.268564
2025,prelim,sus,state,AP,188,29,0.808511,0.87766,0.643617,0.292553,0,0.180851,0.154255,0.117021
2025,prelim,sus,state,BA,2153,469,0.579192,0.738504,0.3451,0.500232,0,0.317232,0.217836,0.0459824
2025,prelim,sus,state,CE,1326,84,0.705882,0.865762,0.404223,0.531674,0,0.193062,0.0633484,0.0165913
2025,prelim,sus,state,DF,481,0,0.592516,0.993763,1,0.00831601,0,0,0,0
2025,prelim,sus,state,ES,631,25,0.667195,0.882726,0.477021,0.554675,0,0.110935,0.0396197,0
2025,prelim,sus,state,GO,1103,94,0.601088,0.885766,0.43427,0.547597,0.000906618,0.174071,0.0852221,0.0389846
2025,prelim,sus,state,MA,1002,209,0.720559,0.806387,0.324351,0.577844,0,0.334331,0.208583,0.0828343
2025,prelim,sus,state,MG,2960,176,0.748311,0.894595,0.463514,0.533108,0,0.123649,0.0594595,0.0185811
2025,prelim,sus,state,MS,483,123,0.726708,0.763975,0.445135,0.380952,0,0.364389,0.254658,0.113872
2025,prelim,sus,state,MT,626,211,0.640575,0.701278,0.49361,0.380192,0,0.413738,0.337061,0.21885
2025,prelim,sus,state,PA,1365,364,0.556044,0.753114,0.419048,0.484982,0,0.374359,0.266667,0.120147
2025,prelim,sus,state,PB,541,23,0.794824,0.881701,0.380776,0.582255,0,0.182994,0.0425139,0.00184843
2025,prelim,sus,state,PE,1341,176,0.66965,0.793438,0.323639,0.665175,0,0.226696,0.131245,0.00745712
2025,prelim,sus,state,PI,455,135,0.734066,0.859341,0.382418,0.549451,0,0.435165,0.296703,0.101099
2025,prelim,sus,state,PR,1730,33,0.786127,0.914451,0.480347,0.509249,0,0.0745665,0.0190751,0
2025,prelim,sus,state,RJ,2564,67,0.50507,0.814353,0.632605,0.320983,0.000390016,0.075663,0.026131,0.000390016
2025,prelim,sus,state,RN,472,31,0.745763,0.923729,0.411017,0.567797,0,0.139831,0.065678,0
2025,prelim,sus,state,RO,240,150,0.6,0.65,0.354167,0.4625,0,0.625,0.625,0.575
2025,prelim,sus,state,RR,129,27,0.844961,0.883721,0.612403,0.302326,0,0.24031,0.209302,0.0852713
2025,prelim,sus,state,RS,1549,65,0.777276,0.910265,0.507424,0.504196,0,0.111039,0.0419626,0.00322789
2025,prelim,sus,state,SC,1118,22,0.798748,0.935599,0.537567,0.487478,0,0.0679785,0.019678,0
2025,prelim,sus,state,SE,373,8,0.702413,0.825737,0.246649,0.69437,0,0.142091,0.0214477,0
2025,prelim,sus,state,SP,6620,11,0.661329,0.954079,0.733082,0.337311,0,0.00861027,0.00166163,0.000151057
2025,prelim,sus,state,TO,245,53,0.767347,0.820408,0.387755,0.518367,0,0.334694,0.216327,0.0693878
2025,prelim,all,country,BR,31151,1914,0.85917,0.913486,0.567911,0.449937,9.63051e-05,0.112998,0.0614427,0.024943
2025,prelim,all,region,Centro-Oeste,2693,303,0.838099,0.905681,0.628667,0.382473,0.000371333,0.18381,0.112514,0.067954
2025,prelim,all,region,Nordeste,8158,619,0.826551,0.87926,0.401937,0.566193,0,0.166462,0.0758764,0.0169159
2025,prelim,all,region,Norte,3128,710,0.725064,0.832801,0.555946,0.375959,0.000319693,0.283568,0.226982,0.126918
2025,prelim,all,region,Sudeste,12775,194,0.900039,0.949276,0.680391,0.390137,7.82779e-05,0.0367123,0.0151859,0.00422701
2025,prelim,all,region,Sul,4397,88,0.909256,0.935183,0.520355,0.501933,0,0.07073,0.0200136,0.00113714
2025,prelim,all,state,AC,153,45,0.856209,0.869281,0.542484,0.379085,0,0.346405,0.294118,0.24183
2025,prelim,all,state,AL,495,2,0.862626,0.919192,0.450505,0.553535,0,0.0424242,0.0040404,0
2025,prelim,all,state,AM,808,212,0.768564,0.810644,0.684406,0.153465,0.00123762,0.262376,0.262376,0.231436
2025,prelim,all,state,AP,188,29,0.893617,0.93617,0.787234,0.292553,0,0.180851,0.154255,0.117021
2025,prelim,all,state,BA,2153,211,0.776126,0.86066,0.460288,0.500232,0,0.173711,0.0980028,0.0130051
2025,prelim,all,state,CE,1326,38,0.873303,0.903469,0.418552,0.531674,0,0.153846,0.0286576,0.00452489
2025,prelim,all,state,DF,481,0,0.844075,0.997921,1,0.00831601,0,0,0,0
2025,prelim,all,state,ES,631,14,0.89065,0.936609,0.521395,0.554675,0,0.0808241,0.022187,0
2025,prelim,all,state,GO,1103,85,0.860381,0.926564,0.530372,0.547597,0.000906618,0.172257,0.0770626,0.0335449
2025,prelim,all,state,MA,1002,179,0.759481,0.820359,0.327345,0.577844,0,0.308383,0.178643,0.0608782
2025,prelim,all,state,MG,2960,168,0.901689,0.918243,0.470608,0.533108,0,0.121284,0.0567568,0.0175676
2025,prelim,all,state,MS,483,87,0.832298,0.859213,0.503106,0.380952,0,0.296066,0.180124,0.113872
2025,prelim,all,state,MT,626,131,0.798722,0.833866,0.613419,0.380192,0,0.258786,0.209265,0.145367
2025,prelim,all,state,PA,1365,281,0.645421,0.830037,0.483516,0.484982,0,0.290842,0.205861,0.0637363
2025,prelim,all,state,PB,541,22,0.848429,0.881701,0.380776,0.582255,0,0.181146,0.0406654,0
2025,prelim,all,state,PE,1341,27,0.862043,0.907532,0.375839,0.665175,0,0.0797912,0.0201342,0
2025,prelim,all,state,PI,455,101,0.81978,0.89011,0.408791,0.549451,0,0.32967,0.221978,0.0945055
2025,prelim,all,state,PR,1730,15,0.920809,0.941618,0.515607,0.509249,0,0.049711,0.00867052,0
2025,prelim,all,state,RJ,2564,1,0.890406,0.938768,0.75312,0.320983,0.000390016,0.00468019,0.000390016,0.000390016
2025,prelim,all,state,RN,472,31,0.911017,0.923729,0.411017,0.567797,0,0.139831,0.065678,0
2025,prelim,all,state,RO,240,65,0.65,0.8,0.504167,0.4625,0,0.3375,0.270833,0.1625
2025,prelim,all,state,RR,129,27,0.860465,0.883721,0.612403,0.302326,0,0.24031,0.209302,0.0852713
2025,prelim,all,state,RS,1549,65,0.87153,0.914138,0.511298,0.504196,0,0.111039,0.0419626,0.00322789
2025,prelim,all,state,SC,1118,8,0.943649,0.954383,0.54025,0.487478,0,0.0474061,0.00715564,0
2025,prelim,all,state,SE,373,8,0.825737,0.831099,0.246649,0.69437,0,0.077748,0.0214477,0
2025,prelim,all,state,SP,6620,11,0.903927,0.968429,0.761178,0.337311,0,0.0070997,0.00166163,0.000151057
2025,prelim,all,state,TO,245,51,0.816327,0.82449,0.387755,0.518367,0,0.322449,0.208163,0.0571429
