mun,name,uf,region,lat,lon,minutes_first,sus_beds_first,minutes_last,sus_beds_last,births_at_risk_first,births_at_risk_last_years,candidate
110001,Alta Floresta D'Oeste,RO,Norte,-11.933,-62.0037,260,0,445,0,1,22,False
110002,Ariquemes,RO,Norte,-9.912,-63.0338,0,3,160,0,8,79,True
110003,Cabixi,RO,Norte,-13.4945,-60.5429,110,0,600,0,1,1,False
110004,Cacoal,RO,Norte,-11.4356,-61.4512,180,0,365,0,10,58,True
110005,Cerejeiras,RO,Norte,-13.1864,-60.8117,95,0,585,0,1,12,False
110006,Colorado do Oeste,RO,Norte,-13.1212,-60.5437,60,0,550,0,2,13,False
110007,Corumbiara,RO,Norte,-13.0092,-61.1279,145,0,635,0,1,4,False
110008,Costa Marques,RO,Norte,-12.4384,-64.2292,440,0,595,0,3,10,False
110009,Espigão D'Oeste,RO,Norte,-11.5347,-61.0164,180,0,425,0,1,25,False
110010,Guajará-Mirim,RO,Norte,-10.7871,-65.3401,300,0,300,0,2,27,False
110011,Jaru,RO,Norte,-10.4382,-62.4616,70,0,230,0,9,33,False
110012,Ji-Paraná,RO,Norte,-10.8768,-61.9575,140,0,295,0,14,91,True
110013,Machadinho D'Oeste,RO,Norte,-9.4657,-62.2562,170,0,325,0,2,33,False
110014,Nova Brasilândia D'Oeste,RO,Norte,-11.7198,-62.3177,285,0,455,0,2,15,False
110015,Ouro Preto do Oeste,RO,Norte,-10.7192,-62.2555,105,0,260,0,0,15,True
110018,Pimenta Bueno,RO,Norte,-11.6707,-61.1888,140,0,400,0,2,31,False
110020,Porto Velho,RO,Norte,-9.6462,-63.9599,0,7,0,31,122,461,False
110025,Presidente Médici,RO,Norte,-11.1698,-61.9041,170,0,325,0,1,16,False
110026,Rio Crespo,RO,Norte,-9.7054,-62.8983,38.1,0,198.1,0,0,2,False
110028,Rolim de Moura,RO,Norte,-11.7251,-61.5543,215,0,385,0,7,38,True
110029,Santa Luzia D'Oeste,RO,Norte,-11.9079,-61.7846,230,0,415,0,0,3,False
110030,Vilhena,RO,Norte,-12.7351,-60.1348,0,1,490,0,7,83,True
110032,São Miguel do Guaporé,RO,Norte,-11.689,-62.7152,245,0,400,0,0,15,False
110033,Nova Mamoré,RO,Norte,-10.4174,-65.3321,270,0,270,0,2,23,False
110034,Alvorada D'Oeste,RO,Norte,-11.3547,-62.2845,175,0,330,0,4,7,False
110037,Alto Alegre dos Parecis,RO,Norte,-12.134,-61.8587,255.9,0,470,0,0,10,False
110040,Alto Paraíso,RO,Norte,-9.7201,-63.3179,60,0,210,0,0,10,False
110045,Buritis,RO,Norte,-10.2025,-63.8349,120,0,280,0,1,26,False
110050,Novo Horizonte do Oeste,RO,Norte,-11.7065,-62.0001,245,0,415,0,1,4,False
110060,Cacaulândia,RO,Norte,-10.3423,-62.9011,60,0,220,0,0,2,False
110070,Campo Novo de Rondônia,RO,Norte,-10.568,-63.6201,170,0,330,0,0,4,False
110080,Candeias do Jamari,RO,Norte,-8.7966,-63.7006,60,0,60,0,0,28,False
110090,Castanheiras,RO,Norte,-11.5005,-61.8876,335,0,505,0,0,1,False
110092,Chupinguaia,RO,Norte,-12.5514,-60.8997,120,0,540,0,1,3,False
110094,Cujubim,RO,Norte,-9.3683,-62.5825,109.1,0,175,0,2,5,False
110100,Governador Jorge Teixeira,RO,Norte,-10.6136,-62.7341,130,0,290,0,0,3,False
110110,Itapuã do Oeste,RO,Norte,-9.1871,-63.1884,80,0,80,0,1,3,False
110120,Ministro Andreazza,RO,Norte,-11.1969,-61.5177,220,0,405,0,0,1,False
110130,Mirante da Serra,RO,Norte,-11.0308,-62.6746,195,0,350,0,2,5,False
110140,Monte Negro,RO,Norte,-10.0375,-63.3339,50,0,210,0,2,4,False
110143,Nova União,RO,Norte,-10.9164,-62.5553,165,0,320,0,0,2,False
110145,Parecis,RO,Norte,-12.1796,-61.6043,216.8,0,465.1,0,0,0,False
110146,Pimenteiras do Oeste,RO,Norte,-13.4835,-61.0465,170,0,660,0,0,3,False
110147,Primavera de Rondônia,RO,Norte,-11.9749,-61.3769,170,0,430,0,0,3,False
110148,São Felipe D'Oeste,RO,Norte,-11.8002,-61.4737,190,0,435,0,1,3,False
110149,São Francisco do Guaporé,RO,Norte,-12.0794,-63.5677,335,0,490,0,1,8,False
110150,Seringueiras,RO,Norte,-11.7714,-63.0369,275,0,430,0,1,6,False
110155,Teixeirópolis,RO,Norte,-10.9336,-62.2553,145,0,300,0,0,2,False
110160,Theobroma,RO,Norte,-10.2459,-62.3495,115,0,275,0,1,3,False
110170,Urupá,RO,Norte,-11.1215,-62.3756,180,0,335,0,0,7,False
110175,Vale do Anari,RO,Norte,-9.8557,-62.1762,175,0,335,0,0,2,False
110180,Vale do Paraíso,RO,Norte,-10.427,-62.1332,155,0,310,0,1,4,False
120001,Acrelândia,AC,Norte,-10.0774,-67.0504,630,0,150,0,4,13,False
120005,Assis Brasil,AC,Norte,-10.9401,-69.5672,765,0,285,0,3,11,False
120010,Brasiléia,AC,Norte,-11.0154,-68.75,645,0,165,0,4,24,False
120013,Bujari,AC,Norte,-9.8311,-67.9524,525,0,45,0,1,9,False
120017,Capixaba,AC,Norte,-10.5722,-67.6753,525,0,45,0,0,8,False
120020,Cruzeiro do Sul,AC,Norte,-7.6345,-72.6665,1140,0,660,0,11,101,True
120025,Epitaciolândia,AC,Norte,-11.0302,-68.7384,705,0,225,0,2,21,False
120030,Feijó,AC,Norte,-8.1657,-70.3545,840,0,360,0,2,28,False
120032,Jordão,AC,Norte,-9.1943,-71.9497,1171.8,0,691.8,0,0,12,False
120033,Mâncio Lima,AC,Norte,-7.6079,-72.9063,1185,0,705,0,6,16,False
120034,Manoel Urbano,AC,Norte,-8.8364,-69.2577,698.5,0,218.5,0,1,14,False
120035,Marechal Thaumaturgo,AC,Norte,-8.9427,-72.7909,1306.1,0,826.1,0,2,18,False
120038,Plácido de Castro,AC,Norte,-10.3367,-67.1847,590,0,110,0,2,19,False
120039,Porto Walter,AC,Norte,-8.2667,-72.7425,1359.7,0,879.7,0,0,16,False
120040,Rio Branco,AC,Norte,-9.9724,-67.8101,480,0,0,15,75,366,False
120042,Rodrigues Alves,AC,Norte,-7.7381,-72.6536,1200,0,720,0,6,10,False
120043,Santa Rosa do Purus,AC,Norte,-9.4343,-70.4936,1037.4,0,557.4,0,0,12,False
120045,Senador Guiomard,AC,Norte,-10.1553,-67.7375,500,0,20,0,7,23,False
120050,Sena Madureira,AC,Norte,-9.0639,-68.6561,600,0,120,0,5,40,False
120060,Tarauacá,AC,Norte,-8.1599,-70.7646,930,0,450,0,4,42,True
120070,Xapuri,AC,Norte,-10.6525,-68.5059,615,0,135,0,3,13,False
120080,Porto Acre,AC,Norte,-9.5898,-67.533,560,0,80,0,2,16,False
130002,Alvarães,AM,Norte,-3.2128,-64.8077,740,0,740,0,2,10,False
130006,Amaturá,AM,Norte,-3.3618,-68.2,900,0,900,0,0,8,False
130008,Anamã,AM,Norte,-3.577,-61.4055,180,0,180,0,1,7,False
130010,Anori,AM,Norte,-3.7486,-61.66,230,0,230,0,2,16,False
130014,Apuí,AM,Norte,-7.2034,-59.8844,480,0,640,0,4,7,False
130020,Atalaia do Norte,AM,Norte,-4.3649,-70.1911,1257.1,0,1257.1,0,0,15,False
130030,Autazes,AM,Norte,-3.5822,-59.13,390,0,390,0,2,40,False
130040,Barcelos,AM,Norte,-0.9692,-62.9264,600,0,600,0,5,15,False
130050,Barreirinha,AM,Norte,-2.7927,-57.0709,420,0,420,0,2,24,False
130060,Benjamin Constant,AM,Norte,-4.3819,-70.0246,1282.9,0,1282.9,0,2,29,False
130063,Beruri,AM,Norte,-3.898,-61.3752,225,0,225,0,0,14,False
130068,Boa Vista do Ramos,AM,Norte,-2.9704,-57.5884,360,0,360,0,1,9,False
130070,Boca do Acre,AM,Norte,-8.7724,-67.336,780,0,300,0,3,28,False
130080,Borba,AM,Norte,-4.3945,-59.589,360,0,360,0,0,28,False
130083,Caapiranga,AM,Norte,-3.3268,-61.2134,165,0,165,0,0,10,False
130090,Canutama,AM,Norte,-6.5328,-64.3872,4065,0,4065,0,1,7,False
130100,Carauari,AM,Norte,-4.8781,-66.8972,1329.5,0,849.5,0,5,24,False
130110,Careiro,AM,Norte,-3.8239,-60.3627,140,0,140,0,2,17,False
130115,Careiro da Várzea,AM,Norte,-3.1988,-59.825,90,0,90,0,2,9,False
130120,Coari,AM,Norte,-4.0861,-63.1426,480,0,480,0,8,58,True
130130,Codajás,AM,Norte,-3.8387,-62.0596,300,0,300,0,1,10,False
130140,Eirunepé,AM,Norte,-6.6678,-69.865,1083.6,0,603.6,0,5,26,False
130150,Envira,AM,Norte,-7.4363,-70.0233,963.7,0,483.7,0,0,17,False
130160,Fonte Boa,AM,Norte,-2.515,-66.104,750,0,750,0,5,12,False
130165,Guajará,AM,Norte,-7.5484,-72.5888,1180,0,700,0,2,13,False
130170,Humaitá,AM,Norte,-7.5068,-63.0217,180,0,180,0,4,41,False
130180,Ipixuna,AM,Norte,-7.0522,-71.693,1226.8,0,746.8,0,5,12,False
130185,Iranduba,AM,Norte,-3.28,-60.1847,30,0,30,0,5,54,False
130190,Itacoatiara,AM,Norte,-3.146,-58.4474,240,0,240,0,21,79,True
130195,Itamarati,AM,Norte,-6.4399,-68.246,1010.8,0,530.8,0,3,3,False
130200,Itapiranga,AM,Norte,-2.7495,-58.022,315,0,315,0,1,7,False
130210,Japurá,AM,Norte,-1.8792,-66.998,1380,0,1380,0,2,7,False
130220,Juruá,AM,Norte,-3.4731,-66.0645,1200,0,1200,0,3,10,False
130230,Jutaí,AM,Norte,-2.7425,-66.7687,600,0,600,0,4,18,False
130240,Lábrea,AM,Norte,-7.2656,-64.7962,540,0,540,0,4,22,False
130250,Manacapuru,AM,Norte,-3.302,-60.6208,75,0,75,0,12,85,True
130255,Manaquiri,AM,Norte,-3.4297,-60.4594,90,0,90,0,2,14,False
130260,Manaus,AM,Norte,-3.0922,-60.0604,0,35,0,59,472,2577,False
130270,Manicoré,AM,Norte,-7.9257,-61.5645,660,0,660,0,2,33,False
130280,Maraã,AM,Norte,-1.8604,-65.5913,1200,0,1200,0,2,10,False
130290,Maués,AM,Norte,-3.3959,-57.7187,540,0,540,0,5,53,True
130300,Nhamundá,AM,Norte,-2.1898,-56.7121,690,0,595,0,1,11,False
130310,Nova Olinda do Norte,AM,Norte,-3.8859,-59.0901,300,0,300,0,4,18,False
130320,Novo Airão,AM,Norte,-2.6233,-60.9429,175,0,175,0,2,13,False
130330,Novo Aripuanã,AM,Norte,-5.1209,-60.38,480,0,480,0,2,24,False
130340,Parintins,AM,Norte,-2.6264,-56.7349,470,0,375,0,15,106,True
130350,Pauini,AM,Norte,-7.7149,-66.9992,861.4,0,381.4,0,0,15,False
130353,Presidente Figueiredo,AM,Norte,-2.0502,-60.027,90,0,90,0,1,31,False
130356,Rio Preto da Eva,AM,Norte,-2.6996,-59.6996,60,0,60,0,1,13,False
130360,Santa Isabel do Rio Negro,AM,Norte,-0.4152,-65.0191,960,0,960,0,1,6,False
130370,Santo Antônio do Içá,AM,Norte,-3.0995,-67.9465,840,0,840,0,3,21,False
130380,São Gabriel da Cachoeira,AM,Norte,-0.1299,-67.0879,1320,0,1320,0,7,46,False
130390,São Paulo de Olivença,AM,Norte,-3.4639,-68.9488,1020,0,1020,0,3,28,False
130395,São Sebastião do Uatumã,AM,Norte,-2.5717,-57.871,300,0,300,0,0,3,False
130400,Silves,AM,Norte,-2.8379,-58.2082,300,0,300,0,0,10,False
130406,Tabatinga,AM,Norte,-4.2266,-69.9363,1260,0,1260,0,8,69,True
130410,Tapauá,AM,Norte,-5.6204,-63.1885,1665,0,1665,0,2,10,False
130420,Tefé,AM,Norte,-3.3461,-64.7084,720,0,720,0,8,81,True
130423,Tonantins,AM,Norte,-2.8627,-67.7764,780,0,780,0,2,19,False
130426,Uarini,AM,Norte,-2.9849,-65.1606,780,0,780,0,1,8,False
130430,Urucará,AM,Norte,-2.5374,-57.7618,330,0,330,0,1,11,False
130440,Urucurituba,AM,Norte,-3.1281,-58.157,285,0,285,0,1,15,False
140002,Amajari,RR,Norte,3.6551,-61.4147,120,0,120,0,0,17,False
140005,Alto Alegre,RR,Norte,2.9921,-61.311,60,0,60,0,2,28,False
140010,Boa Vista,RR,Norte,2.8212,-60.673,0,8,0,23,69,516,False
140015,Bonfim,RR,Norte,3.3579,-59.8319,70,0,70,0,2,25,False
140017,Cantá,RR,Norte,2.6102,-60.601,30,0,30,0,2,17,False
140020,Caracaraí,RR,Norte,1.8275,-61.1253,90,0,90,0,1,6,False
140023,Caroebe,RR,Norte,0.8763,-59.6981,210,0,210,0,2,9,False
140028,Iracema,RR,Norte,2.1646,-61.055,60,0,60,0,1,3,False
140030,Mucajaí,RR,Norte,2.4437,-60.9182,30,0,30,0,1,21,False
140040,Normandia,RR,Norte,3.8793,-59.628,150,0,150,0,3,23,False
140045,Pacaraima,RR,Norte,4.4832,-61.1392,150,0,150,0,3,24,False
140047,Rorainópolis,RR,Norte,0.9324,-60.4253,150,0,150,0,4,32,False
140050,São João da Baliza,RR,Norte,0.9501,-59.9103,180,0,180,0,1,9,False
140060,São Luiz do Anauá,RR,Norte,1.0166,-60.0446,180,0,180,0,1,2,False
140070,Uiramutã,RR,Norte,4.5948,-60.1632,268.1,0,268.1,0,4,24,False
150010,Abaetetuba,PA,Norte,-1.7251,-48.8901,105,0,60,0,18,133,True
150013,Abel Figueiredo,PA,Norte,-4.9527,-48.3941,190,0,70,0,3,3,False
150020,Acará,PA,Norte,-1.9611,-48.1986,120,0,120,0,10,45,False
150030,Afuá,PA,Norte,-0.1552,-50.3918,90,0,90,0,2,52,False
150034,Água Azul do Norte,PA,Norte,-6.8027,-50.4827,145,0,145,0,1,10,False
150040,Alenquer,PA,Norte,-1.9543,-54.7401,870,0,120,0,4,41,True
150050,Almeirim,PA,Norte,-1.5285,-52.5771,390,0,360,0,6,29,False
150060,Altamira,PA,Norte,-3.2069,-52.2189,660,0,0,5,18,129,False
150070,Anajás,PA,Norte,-0.9844,-49.9384,630,0,630,0,7,20,False
150080,Ananindeua,PA,Norte,-1.3665,-48.372,60,0,0,20,83,426,False
150085,Anapu,PA,Norte,-3.47,-51.2022,510,0,180,0,7,43,False
150090,Augusto Corrêa,PA,Norte,-1.0218,-46.6359,20,0,20,0,3,38,False
150095,Aurora do Pará,PA,Norte,-2.1293,-47.5662,170,0,170,0,5,14,False
150100,Aveiro,PA,Norte,-3.6044,-55.332,930,0,180,0,1,4,False
150110,Bagre,PA,Norte,-1.9008,-50.2117,300,0,120,0,1,19,False
150120,Baião,PA,Norte,-2.7913,-49.6725,185,0,140,0,3,23,False
150125,Bannach,PA,Norte,-7.3531,-50.4081,180,0,180,0,2,1,False
150130,Barcarena,PA,Norte,-1.5047,-48.6257,45,0,0,10,21,141,False
150140,Belém,PA,Norte,-1.4554,-48.5051,0,38,0,103,304,1132,False
150145,Belterra,PA,Norte,-2.6376,-54.9423,830,0,80,0,1,14,False
150150,Benevides,PA,Norte,-1.3608,-48.2434,60,0,60,0,12,59,False
150157,Bom Jesus do Tocantins,PA,Norte,-5.0485,-48.607,170,0,50,0,3,14,False
150160,Bonito,PA,Norte,-1.3628,-47.3059,85,0,85,0,1,4,False
150170,Bragança,PA,Norte,-1.0673,-46.7621,0,5,0,10,15,90,False
150172,Brasil Novo,PA,Norte,-3.3028,-52.5403,700,0,40,0,0,12,False
150175,Brejo Grande do Araguaia,PA,Norte,-5.7042,-48.4065,145,0,80,0,1,2,False
150178,Breu Branco,PA,Norte,-3.7779,-49.5691,360,0,40,0,8,15,False
150180,Breves,PA,Norte,-1.6913,-50.4831,300,0,0,5,15,108,False
150190,Bujaru,PA,Norte,-1.5151,-48.0464,80,0,60,0,5,30,False
150195,Cachoeira do Piriá,PA,Norte,-1.7584,-46.5439,105,0,105,0,0,18,False
150200,Cachoeira do Arari,PA,Norte,-1.0098,-48.9612,150,0,150,0,2,7,False
150210,Cametá,PA,Norte,-2.2431,-49.4979,195,0,155,0,24,99,True
150215,Canaã dos Carajás,PA,Norte,-6.5318,-49.8498,220,0,180,0,3,74,True
150220,Capanema,PA,Norte,-1.194,-47.1788,45,0,45,0,6,67,True
150230,Capitão Poço,PA,Norte,-1.7449,-47.0644,120,0,120,0,5,36,False
150240,Castanhal,PA,Norte,-1.2941,-47.9264,60,0,60,0,35,179,True
150250,Chaves,PA,Norte,-0.1644,-49.9815,240,0,240,0,1,8,False
150260,Colares,PA,Norte,-0.9305,-48.2885,120,0,110,0,2,12,False
150270,Conceição do Araguaia,PA,Norte,-8.2712,-49.2705,60,0,60,0,9,34,False
150275,Concórdia do Pará,PA,Norte,-1.9941,-47.9454,155,0,135,0,1,20,False
150276,Cumaru do Norte,PA,Norte,-7.8105,-50.7656,180,0,180,0,1,9,False
150277,Curionópolis,PA,Norte,-6.098,-49.6049,250,0,90,0,1,18,False
150280,Curralinho,PA,Norte,-1.8141,-49.7978,180,0,150,0,2,18,False
150285,Curuá,PA,Norte,-1.8885,-55.1192,885,0,210,0,1,15,False
150290,Curuçá,PA,Norte,-0.7298,-47.849,135,0,135,0,2,36,False
150293,Dom Eliseu,PA,Norte,-4.299,-47.5557,110,0,110,0,9,16,False
150295,Eldorado do Carajás,PA,Norte,-6.1032,-49.3719,220,0,80,0,4,14,False
150300,Faro,PA,Norte,-2.1744,-56.7467,680,0,585,0,1,4,False
150304,Floresta do Araguaia,PA,Norte,-7.5627,-49.7058,90,0,90,0,0,5,False
150307,Garrafão do Norte,PA,Norte,-1.9368,-47.0463,150,0,150,0,4,23,False
150309,Goianésia do Pará,PA,Norte,-3.8385,-49.0992,320,0,90,0,10,19,False
150310,Gurupá,PA,Norte,-1.4068,-51.648,600,0,420,0,3,33,False
150320,Igarapé-Açu,PA,Norte,-1.1279,-47.6244,105,0,105,0,2,29,False
150330,Igarapé-Miri,PA,Norte,-1.9727,-48.9623,120,0,80,0,4,50,False
150340,Inhangapi,PA,Norte,-1.4308,-47.9101,90,0,90,0,1,8,False
150345,Ipixuna do Pará,PA,Norte,-2.5546,-47.4952,190,0,190,0,8,36,False
150350,Irituia,PA,Norte,-1.7711,-47.4373,130,0,130,0,1,25,False
150360,Itaituba,PA,Norte,-4.2775,-55.9873,915,0,270,0,17,132,True
150370,Itupiranga,PA,Norte,-5.1345,-49.3281,215,0,40,0,7,28,False
150375,Jacareacanga,PA,Norte,-6.2221,-57.7564,720,0,810,0,3,19,False
150380,Jacundá,PA,Norte,-4.4476,-49.1122,275,0,100,0,3,31,False
150390,Juruti,PA,Norte,-2.158,-56.0948,540,0,270,0,6,44,True
150400,Limoeiro do Ajuru,PA,Norte,-1.8948,-49.3812,225,0,180,0,3,17,False
150405,Mãe do Rio,PA,Norte,-2.0543,-47.5456,150,0,150,0,7,22,False
150410,Magalhães Barata,PA,Norte,-0.7947,-47.5989,150,0,150,0,1,2,False
150420,Marabá,PA,Norte,-5.3478,-49.0984,175,0,0,9,50,280,False
150430,Maracanã,PA,Norte,-0.763,-47.4564,150,0,150,0,2,15,False
150440,Marapanim,PA,Norte,-0.7163,-47.6993,150,0,150,0,1,26,False
150442,Marituba,PA,Norte,-1.3646,-48.3368,60,0,60,0,34,96,True
150445,Medicilândia,PA,Norte,-3.4465,-52.8895,745,0,85,0,3,20,False
150450,Melgaço,PA,Norte,-1.8072,-50.7129,350,0,50,0,3,18,False
150460,Mocajuba,PA,Norte,-2.5819,-49.5102,195,0,150,0,5,17,False
150470,Moju,PA,Norte,-1.8844,-48.7679,120,0,100,0,7,40,False
150475,Mojuí dos Campos,PA,Norte,-2.6821,-54.6418,810,0,60,0,0,17,False
150480,Monte Alegre,PA,Norte,-2.0051,-54.0677,600,0,150,0,9,47,True
150490,Muaná,PA,Norte,-1.529,-49.2176,315,0,270,0,7,31,False
150495,Nova Esperança do Piriá,PA,Norte,-2.2709,-46.9671,165,0,165,0,1,11,False
150497,Nova Ipixuna,PA,Norte,-4.9113,-49.074,225,0,50,0,5,7,False
150500,Nova Timboteua,PA,Norte,-1.206,-47.3877,85,0,85,0,0,7,False
150503,Novo Progresso,PA,Norte,-7.0382,-55.4068,860,0,530,0,7,39,False
150506,Novo Repartimento,PA,Norte,-4.2485,-49.9514,360,0,90,0,10,58,True
150510,Óbidos,PA,Norte,-1.9166,-55.5158,645,0,180,0,0,53,False
150520,Oeiras do Pará,PA,Norte,-2.0036,-49.8546,270,0,240,0,2,29,False
150530,Oriximiná,PA,Norte,-1.7697,-55.8664,600,0,240,0,7,66,True
150540,Ourém,PA,Norte,-1.5508,-47.1139,95,0,95,0,3,10,False
150543,Ourilândia do Norte,PA,Norte,-6.7543,-51.0672,190,0,190,0,6,31,False
150548,Pacajá,PA,Norte,-3.8303,-50.6406,420,0,140,0,6,33,False
150549,Palestina do Pará,PA,Norte,-5.7475,-48.3165,145,0,80,0,0,3,False
150550,Paragominas,PA,Norte,-3,-47.3554,180,0,180,0,15,106,True
150553,Parauapebas,PA,Norte,-6.0713,-49.8885,280,0,120,0,32,251,True
150555,Pau D'Arco,PA,Norte,-7.8304,-50.0402,20,0,20,0,1,9,False
150560,Peixe-Boi,PA,Norte,-1.1935,-47.3169,65,0,65,0,0,7,False
150563,Piçarra,PA,Norte,-6.4431,-48.8628,180,0,180,0,2,9,False
150565,Placas,PA,Norte,-3.8641,-54.216,840,0,235,0,1,21,False
150570,Ponta de Pedras,PA,Norte,-1.3938,-48.8712,75,0,75,0,0,19,False
150580,Portel,PA,Norte,-1.9391,-50.8238,360,0,60,0,4,44,True
150590,Porto de Moz,PA,Norte,-1.7541,-52.2397,500,0,320,0,4,26,False
150600,Prainha,PA,Norte,-1.8073,-53.4806,510,0,240,0,2,34,False
150610,Primavera,PA,Norte,-0.9403,-47.1172,75,0,75,0,4,7,False
150611,Quatipuru,PA,Norte,-0.8987,-47.005,105,0,105,0,4,4,False
150613,Redenção,PA,Norte,-8.0362,-50.0357,0,3,0,5,11,75,False
150616,Rio Maria,PA,Norte,-7.3144,-50.0466,50,0,50,0,2,7,False
150618,Rondon do Pará,PA,Norte,-4.779,-48.0668,170,0,100,0,5,21,False
150619,Rurópolis,PA,Norte,-4.0973,-54.9079,930,0,180,0,0,27,False
150620,Salinópolis,PA,Norte,-0.6145,-47.3565,105,0,105,0,3,34,False
150630,Salvaterra,PA,Norte,-0.7554,-48.5149,120,0,120,0,1,18,False
150635,Santa Bárbara do Pará,PA,Norte,-1.2285,-48.2918,90,0,90,0,3,16,False
150640,Santa Cruz do Arari,PA,Norte,-0.6644,-49.1715,300,0,300,0,0,2,False
150650,Santa Izabel do Pará,PA,Norte,-1.2988,-48.1649,80,0,70,0,10,54,False
150655,Santa Luzia do Pará,PA,Norte,-1.5247,-46.898,75,0,75,0,0,20,False
150658,Santa Maria das Barreiras,PA,Norte,-8.8711,-49.7163,185,0,185,0,3,20,False
150660,Santa Maria do Pará,PA,Norte,-1.3497,-47.5757,85,0,85,0,6,18,False
150670,Santana do Araguaia,PA,Norte,-9.3395,-50.337,210,0,210,0,8,31,False
150680,Santarém,PA,Norte,-2.4385,-54.7157,750,0,0,19,49,396,False
150690,Santarém Novo,PA,Norte,-0.9287,-47.3989,105,0,105,0,0,5,False
150700,Santo Antônio do Tauá,PA,Norte,-1.1521,-48.1298,60,0,50,0,4,25,False
150710,São Caetano de Odivelas,PA,Norte,-0.7475,-48.0198,105,0,95,0,0,13,False
150715,São Domingos do Araguaia,PA,Norte,-5.5409,-48.7304,155,0,40,0,5,17,False
150720,São Domingos do Capim,PA,Norte,-1.6747,-47.7752,140,0,140,0,6,18,False
150730,São Félix do Xingu,PA,Norte,-6.6424,-51.9943,280,0,280,0,7,38,False
150740,São Francisco do Pará,PA,Norte,-1.1697,-47.7973,80,0,80,0,2,10,False
150745,São Geraldo do Araguaia,PA,Norte,-6.3874,-48.5611,90,0,90,0,6,19,False
150746,São João da Ponta,PA,Norte,-0.8489,-47.9226,110,0,110,0,0,5,False
150747,São João de Pirabas,PA,Norte,-0.7688,-47.1742,135,0,135,0,1,8,False
150750,São João do Araguaia,PA,Norte,-5.3555,-48.7889,170,0,30,0,1,9,False
150760,São Miguel do Guamá,PA,Norte,-1.6245,-47.485,105,0,105,0,16,46,False
150770,São Sebastião da Boa Vista,PA,Norte,-1.7184,-49.5326,210,0,90,0,3,20,False
150775,Sapucaia,PA,Norte,-6.9429,-49.6997,100,0,100,0,0,5,False
150780,Senador José Porfírio,PA,Norte,-2.5915,-51.9548,570,0,210,0,2,12,False
150790,Soure,PA,Norte,-0.7293,-48.5207,120,0,120,0,3,16,False
150795,Tailândia,PA,Norte,-2.9464,-48.9533,240,0,170,0,16,59,True
150796,Terra Alta,PA,Norte,-1.0392,-47.9074,80,0,80,0,3,12,False
150797,Terra Santa,PA,Norte,-2.1107,-56.4917,570,0,475,0,1,10,False
150800,Tomé-Açu,PA,Norte,-2.4208,-48.151,195,0,175,0,3,61,True
150803,Tracuateua,PA,Norte,-1.0745,-46.9032,15,0,15,0,4,25,False
150805,Trairão,PA,Norte,-4.7039,-55.9964,1005,0,360,0,4,16,False
150808,Tucumã,PA,Norte,-6.7532,-51.1552,210,0,210,0,5,28,False
150810,Tucuruí,PA,Norte,-3.7662,-49.6702,400,0,0,8,21,95,False
150812,Ulianópolis,PA,Norte,-3.7452,-47.4988,150,0,150,0,9,17,False
150815,Uruará,PA,Norte,-3.7235,-53.7345,750,0,240,0,3,36,False
150820,Vigia,PA,Norte,-0.8524,-48.1448,100,0,75,0,5,35,False
150830,Viseu,PA,Norte,-1.2086,-46.1374,150,0,150,0,6,29,False
150835,Vitória do Xingu,PA,Norte,-2.8826,-52.0131,570,0,290,0,1,8,False
150840,Xinguara,PA,Norte,-7.1046,-49.9462,70,0,70,0,7,28,False
160005,Serra do Navio,AP,Norte,0.9012,-52.0026,195,0,195,0,1,1,False
160010,Amapá,AP,Norte,2.0502,-50.7917,190,0,190,0,1,7,False
160015,Pedra Branca do Amapari,AP,Norte,0.7775,-51.9525,165,0,165,0,2,10,False
160020,Calçoene,AP,Norte,2.4928,-50.9505,250,0,250,0,0,11,False
160021,Cutias,AP,Norte,0.9724,-50.7996,220,0,220,0,3,9,False
160023,Ferreira Gomes,AP,Norte,0.8603,-51.1807,90,0,90,0,2,9,False
160025,Itaubal,AP,Norte,0.6032,-50.6989,120,0,120,0,1,5,False
160027,Laranjal do Jari,AP,Norte,-0.8413,-52.5202,420,0,420,0,15,45,False
160030,Macapá,AP,Norte,0.0407,-51.0574,0,5,0,40,105,519,False
160040,Mazagão,AP,Norte,-0.1159,-51.284,100,0,100,0,2,21,False
160050,Oiapoque,AP,Norte,3.847,-51.8371,490,0,490,0,8,31,False
160053,Porto Grande,AP,Norte,0.7054,-51.4094,60,0,60,0,1,20,False
160055,Pracuúba,AP,Norte,1.7462,-50.7833,170,0,170,0,0,3,False
160060,Santana,AP,Norte,-0.0308,-51.178,60,0,60,0,21,126,True
160070,Tartarugalzinho,AP,Norte,1.506,-50.9104,130,0,130,0,1,17,False
160080,Vitória do Jari,AP,Norte,-0.9289,-52.4284,450,0,420,0,5,11,False
170025,Abreulândia,TO,Norte,-9.6241,-49.1542,125,0,125,0,0,3,False
170030,Aguiarnópolis,TO,Norte,-6.5568,-47.4792,70,0,70,0,0,2,False
170035,Aliança do Tocantins,TO,Norte,-11.3055,-48.9396,130,0,130,0,2,4,False
170040,Almas,TO,Norte,-11.5697,-47.1671,200,0,200,0,1,6,False
170070,Alvorada,TO,Norte,-12.4801,-49.1254,210,0,180,0,1,8,False
170100,Ananás,TO,Norte,-6.3741,-48.0702,70,0,70,0,1,7,False
170105,Angico,TO,Norte,-6.3872,-47.8668,90,0,90,0,1,1,False
170110,Aparecida do Rio Negro,TO,Norte,-9.9531,-47.9755,60,0,60,0,2,2,False
170130,Aragominas,TO,Norte,-7.1666,-48.5257,40,0,40,0,2,4,False
170190,Araguacema,TO,Norte,-8.8063,-49.557,230,0,230,0,0,2,False
170200,Araguaçu,TO,Norte,-12.9318,-49.8277,285,0,250,0,1,9,False
170210,Araguaína,TO,Norte,-7.1898,-48.2099,0,11,0,18,29,192,False
170215,Araguanã,TO,Norte,-6.5725,-48.6406,60,0,60,0,0,4,False
170220,Araguatins,TO,Norte,-5.6493,-48.1231,85,0,85,0,5,27,False
170230,Arapoema,TO,Norte,-7.6578,-49.0644,130,0,130,0,1,4,False
170240,Arraias,TO,Norte,-12.9297,-46.9436,260,0,260,0,5,18,False
170255,Augustinópolis,TO,Norte,-5.4686,-47.8837,60,0,60,0,3,7,True
170270,Aurora do Tocantins,TO,Norte,-12.7145,-46.4089,200,0,200,0,0,1,False
170290,Axixá do Tocantins,TO,Norte,-5.6173,-47.7714,40,0,40,0,0,12,False
170300,Babaçulândia,TO,Norte,-7.2028,-47.7595,60,0,60,0,1,5,False
170305,Bandeirantes do Tocantins,TO,Norte,-7.7623,-48.5767,70,0,70,0,0,4,False
170307,Barra do Ouro,TO,Norte,-7.7128,-47.6747,80,0,80,0,1,1,False
170310,Barrolândia,TO,Norte,-9.8347,-48.724,80,0,80,0,1,2,False
170320,Bernardo Sayão,TO,Norte,-7.879,-48.8927,90,0,90,0,0,2,False
170330,Bom Jesus do Tocantins,TO,Norte,-8.9656,-48.1638,230,0,230,0,0,3,False
170360,Brasilândia do Tocantins,TO,Norte,-8.3895,-48.4828,90,0,90,0,0,0,False
170370,Brejinho de Nazaré,TO,Norte,-11.0134,-48.5648,90,0,90,0,2,2,False
170380,Buriti do Tocantins,TO,Norte,-5.3165,-48.2263,105,0,105,0,2,6,False
170382,Cachoeirinha,TO,Norte,-6.1149,-47.9175,105,0,105,0,1,0,False
170384,Campos Lindos,TO,Norte,-7.9683,-46.8054,194,0,194,0,2,6,False
170386,Cariri do Tocantins,TO,Norte,-11.8898,-49.1614,175,0,175,0,0,5,False
170388,Carmolândia,TO,Norte,-7.0355,-48.3962,30,0,30,0,1,4,False
170389,Carrasco Bonito,TO,Norte,-5.3212,-48.0363,90,0,90,0,1,2,False
170390,Caseara,TO,Norte,-9.2737,-49.9601,225,0,225,0,0,4,False
170410,Centenário,TO,Norte,-8.9573,-47.3349,340,0,340,0,0,2,False
170460,Chapada de Areia,TO,Norte,-10.1423,-49.1788,130,0,130,0,2,0,False
170510,Chapada da Natividade,TO,Norte,-11.6169,-47.7521,120,0,120,0,0,1,False
170550,Colinas do Tocantins,TO,Norte,-8.0558,-48.4835,80,0,80,0,5,44,False
170555,Combinado,TO,Norte,-12.8179,-46.5488,230,0,230,0,2,1,False
170560,Conceição do Tocantins,TO,Norte,-12.2189,-47.297,210,0,210,0,0,6,False
170600,Couto Magalhães,TO,Norte,-8.3601,-49.1789,85,0,85,0,0,3,False
170610,Cristalândia,TO,Norte,-10.6021,-49.1919,120,0,120,0,0,2,False
170625,Crixás do Tocantins,TO,Norte,-11.1049,-48.919,130,0,130,0,0,1,False
170650,Darcinópolis,TO,Norte,-6.7088,-47.7539,60,0,60,0,1,8,False
170700,Dianópolis,TO,Norte,-11.626,-46.8204,225,0,180,0,4,23,False
170710,Divinópolis do Tocantins,TO,Norte,-9.8001,-49.2114,100,0,100,0,0,8,False
170720,Dois Irmãos do Tocantins,TO,Norte,-9.2547,-49.0655,160,0,160,0,0,6,False
170730,Dueré,TO,Norte,-11.343,-49.2691,200,0,200,0,1,2,False
170740,Esperantina,TO,Norte,-5.3653,-48.539,145,0,145,0,1,3,False
170755,Fátima,TO,Norte,-10.7645,-48.9038,100,0,100,0,0,6,False
170765,Figueirópolis,TO,Norte,-12.1418,-49.1701,200,0,200,0,0,6,False
170770,Filadélfia,TO,Norte,-7.337,-47.4893,80,0,80,0,2,3,False
170820,Formoso do Araguaia,TO,Norte,-11.8014,-49.5294,205,0,205,0,1,8,False
170825,Tabocão,TO,Norte,-9.0576,-48.5202,130,0,130,0,0,0,False
170830,Goianorte,TO,Norte,-8.7777,-48.9332,175,0,175,0,1,4,False
170900,Goiatins,TO,Norte,-7.7089,-47.3149,123,0,123,0,1,15,False
170930,Guaraí,TO,Norte,-8.8366,-48.511,120,0,120,0,4,21,False
170950,Gurupi,TO,Norte,-11.7271,-49.0632,160,0,160,0,9,72,True
170980,Ipueiras,TO,Norte,-11.2402,-48.4444,129.6,0,129.6,0,0,1,False
171050,Itacajá,TO,Norte,-8.3931,-47.7697,160,0,160,0,2,4,False
171070,Itaguatins,TO,Norte,-5.7713,-47.4806,60,0,60,0,0,2,False
171090,Itapiratins,TO,Norte,-8.3894,-48.1012,150,0,150,0,1,3,False
171110,Itaporã do Tocantins,TO,Norte,-8.5728,-48.69,160,0,160,0,0,2,False
171150,Jaú do Tocantins,TO,Norte,-12.6517,-48.5942,270,0,215,0,1,2,False
171180,Juarina,TO,Norte,-8.1189,-49.0993,115,0,115,0,1,1,False
171190,Lagoa da Confusão,TO,Norte,-10.7897,-49.6212,170,0,170,0,0,13,False
171195,Lagoa do Tocantins,TO,Norte,-10.2964,-47.5624,90,0,90,0,0,4,False
171200,Lajeado,TO,Norte,-9.7529,-48.3569,40,0,40,0,0,4,False
171215,Lavandeira,TO,Norte,-12.7904,-46.5072,220,0,220,0,0,1,False
171240,Lizarda,TO,Norte,-9.596,-46.6752,315.5,0,315.5,0,0,1,False
171245,Luzinópolis,TO,Norte,-6.1903,-47.8581,100,0,100,0,0,7,False
171250,Marianópolis do Tocantins,TO,Norte,-9.7992,-49.6562,160,0,160,0,1,5,False
171270,Mateiros,TO,Norte,-10.546,-46.4182,298.6,0,298.6,0,1,4,False
171280,Maurilândia do Tocantins,TO,Norte,-5.9526,-47.5089,90,0,90,0,1,5,False
171320,Miracema do Tocantins,TO,Norte,-9.5744,-48.3946,55,0,55,0,0,15,False
171330,Miranorte,TO,Norte,-9.5234,-48.5898,70,0,70,0,3,5,False
171360,Monte do Carmo,TO,Norte,-10.7636,-48.1102,100,0,100,0,0,3,False
171370,Monte Santo do Tocantins,TO,Norte,-10.0095,-48.9914,75,0,75,0,0,2,False
171380,Palmeiras do Tocantins,TO,Norte,-6.6102,-47.5466,100,0,100,0,0,4,False
171395,Muricilândia,TO,Norte,-7.1496,-48.6053,60,0,60,0,1,6,False
171420,Natividade,TO,Norte,-11.7101,-47.7245,140,0,140,0,0,7,False
171430,Nazaré,TO,Norte,-6.3745,-47.6623,130,0,130,0,1,4,False
171488,Nova Olinda,TO,Norte,-7.6337,-48.422,40,0,40,0,6,7,False
171500,Nova Rosalândia,TO,Norte,-10.5683,-48.9116,90,0,90,0,1,1,False
171510,Novo Acordo,TO,Norte,-9.9638,-47.6756,100,0,100,0,1,2,False
171515,Novo Alegre,TO,Norte,-12.9152,-46.5742,250,0,250,0,0,0,False
171525,Novo Jardim,TO,Norte,-11.8229,-46.6286,255,0,150,0,0,2,False
171550,Oliveira de Fátima,TO,Norte,-10.7092,-48.9119,100,0,100,0,0,0,False
171570,Palmeirante,TO,Norte,-7.858,-47.9253,140,0,140,0,0,5,False
171575,Palmeirópolis,TO,Norte,-13.0422,-48.4095,275,0,170,0,0,4,False
171610,Paraíso do Tocantins,TO,Norte,-10.1767,-48.8811,50,0,50,0,5,50,True
171620,Paranã,TO,Norte,-12.6147,-47.8821,215,0,215,0,2,12,False
171630,Pau D'Arco,TO,Norte,-7.5402,-49.3713,130,0,130,0,1,5,False
171650,Pedro Afonso,TO,Norte,-8.9723,-48.17,170,0,170,0,1,13,False
171660,Peixe,TO,Norte,-12.0328,-48.5394,210,0,210,0,0,6,False
171665,Pequizeiro,TO,Norte,-8.5935,-48.9337,115,0,115,0,0,7,False
171670,Colméia,TO,Norte,-8.7297,-48.7613,145,0,145,0,0,4,False
171700,Pindorama do Tocantins,TO,Norte,-11.1382,-47.5776,180,0,180,0,0,3,False
171720,Piraquê,TO,Norte,-6.7656,-48.2948,41,0,41,0,2,1,False
171750,Pium,TO,Norte,-10.4432,-49.1797,100,0,100,0,0,5,False
171780,Ponte Alta do Bom Jesus,TO,Norte,-12.092,-46.4791,220,0,220,0,0,1,False
171790,Ponte Alta do Tocantins,TO,Norte,-10.7465,-47.5388,120,0,120,0,2,2,False
171800,Porto Alegre do Tocantins,TO,Norte,-11.6098,-47.0484,200,0,200,0,0,3,False
171820,Porto Nacional,TO,Norte,-10.7078,-48.4119,60,0,60,0,12,71,True
171830,Praia Norte,TO,Norte,-5.3954,-47.8107,90.3,0,90.3,0,0,2,False
171840,Presidente Kennedy,TO,Norte,-8.5297,-48.5068,95,0,95,0,0,2,False
171845,Pugmil,TO,Norte,-10.4273,-48.8959,75,0,75,0,0,0,False
171850,Recursolândia,TO,Norte,-8.736,-47.2423,300,0,300,0,1,3,False
171855,Riachinho,TO,Norte,-6.4431,-48.1392,60,0,60,0,0,2,False
171865,Rio da Conceição,TO,Norte,-11.4005,-46.8847,240.8,0,216.2,0,0,1,False
171870,Rio dos Bois,TO,Norte,-9.3446,-48.5351,130,0,130,0,0,2,False
171875,Rio Sono,TO,Norte,-9.3448,-47.901,90,0,90,0,1,3,False
171880,Sampaio,TO,Norte,-5.3524,-47.8781,78,0,78,0,0,1,False
171884,Sandolândia,TO,Norte,-12.5408,-49.9292,265,0,265,0,0,1,False
171886,Santa Fé do Araguaia,TO,Norte,-7.1489,-48.6908,60,0,60,0,2,1,False
171888,Santa Maria do Tocantins,TO,Norte,-8.7756,-47.748,220,0,220,0,0,2,False
171889,Santa Rita do Tocantins,TO,Norte,-10.8629,-48.9081,110,0,110,0,0,1,False
171890,Santa Rosa do Tocantins,TO,Norte,-11.445,-48.1177,120,0,120,0,1,11,False
171900,Santa Tereza do Tocantins,TO,Norte,-10.2816,-47.81,60,0,60,0,0,2,False
172000,Santa Terezinha do Tocantins,TO,Norte,-6.4355,-47.6721,155,0,155,0,0,1,False
172010,São Bento do Tocantins,TO,Norte,-6.0264,-47.9241,80,0,80,0,0,2,False
172015,São Félix do Tocantins,TO,Norte,-10.1609,-46.666,228.1,0,228.1,0,0,0,False
172020,São Miguel do Tocantins,TO,Norte,-5.553,-47.5773,20,0,20,0,1,9,False
172025,São Salvador do Tocantins,TO,Norte,-12.7496,-48.2385,245,0,200,0,0,0,False
172030,São Sebastião do Tocantins,TO,Norte,-5.2583,-48.201,115,0,115,0,1,3,False
172049,São Valério,TO,Norte,-11.9683,-48.2333,180,0,180,0,0,4,False
172065,Silvanópolis,TO,Norte,-11.1537,-48.1706,100,0,100,0,1,4,False
172080,Sítio Novo do Tocantins,TO,Norte,-5.6028,-47.6403,25,0,25,0,0,6,False
172085,Sucupira,TO,Norte,-11.9884,-48.9121,210,0,210,0,0,0,False
172090,Taguatinga,TO,Norte,-12.4043,-46.4377,170,0,170,0,4,10,False
172093,Taipas do Tocantins,TO,Norte,-12.1908,-46.9932,375,0,330,0,0,2,False
172097,Talismã,TO,Norte,-12.798,-49.0923,255,0,180,0,0,1,False
172100,Palmas,TO,Norte,-10.1845,-48.3337,0,12,0,20,50,293,False
172110,Tocantínia,TO,Norte,-9.5679,-48.3765,100,0,100,0,0,10,False
172120,Tocantinópolis,TO,Norte,-6.3291,-47.4216,95,0,95,0,4,18,False
172125,Tupirama,TO,Norte,-8.9755,-48.1909,230,0,230,0,0,1,False
172130,Tupiratins,TO,Norte,-8.3993,-48.1301,130,0,130,0,0,0,False
172208,Wanderlândia,TO,Norte,-6.8486,-47.965,30,0,30,0,1,6,False
172210,Xambioá,TO,Norte,-6.4113,-48.5303,80,0,80,0,3,9,False
210005,Açailândia,MA,Nordeste,-4.9403,-47.4653,50,0,50,0,12,89,True
210010,Afonso Cunha,MA,Nordeste,-4.1341,-43.324,90,0,180,0,0,2,False
210015,Água Doce do Maranhão,MA,Nordeste,-2.8379,-42.1163,325,0,100,0,0,3,False
210020,Alcântara,MA,Nordeste,-2.4089,-44.4176,90,0,90,0,1,25,False
210030,Aldeias Altas,MA,Nordeste,-4.6288,-43.471,30,0,30,0,7,23,False
210040,Altamira do Maranhão,MA,Nordeste,-4.167,-45.4648,210,0,100,0,1,3,False
210043,Alto Alegre do Maranhão,MA,Nordeste,-4.2096,-44.444,110,0,60,0,2,29,True
210047,Alto Alegre do Pindaré,MA,Nordeste,-3.6661,-45.8447,240,0,82.3,0,4,22,False
210050,Alto Parnaíba,MA,Nordeste,-9.1118,-45.9333,540,0,300,0,0,7,False
210055,Amapá do Maranhão,MA,Nordeste,-1.6749,-46.0099,195,0,195,0,1,6,False
210060,Amarante do Maranhão,MA,Nordeste,-5.569,-46.7471,140,0,140,0,7,28,False
210070,Anajatuba,MA,Nordeste,-3.2656,-44.6178,125,0,125,0,3,14,False
210080,Anapurus,MA,Nordeste,-3.6734,-43.1101,85,0,120,0,6,9,False
210083,Apicum-Açu,MA,Nordeste,-1.5351,-45.0817,405,0,250,0,0,8,False
210087,Araguanã,MA,Nordeste,-2.954,-45.6642,285,0,235,0,0,9,False
210090,Araioses,MA,Nordeste,-2.891,-41.9038,205,0,120,0,2,19,False
210095,Arame,MA,Nordeste,-4.8882,-46.012,210,0,210,0,0,22,False
210100,Arari,MA,Nordeste,-3.4527,-44.7791,110,0,60,0,2,18,False
210110,Axixá,MA,Nordeste,-2.8381,-44.052,70,0,70,0,2,8,False
210120,Bacabal,MA,Nordeste,-4.2294,-44.7758,120,0,70,0,23,101,True
210125,Bacabeira,MA,Nordeste,-2.9788,-44.3161,50,0,50,0,3,15,False
210130,Bacuri,MA,Nordeste,-1.7282,-45.142,375,0,230,0,1,13,False
210135,Bacurituba,MA,Nordeste,-2.7075,-44.7374,235,0,140,0,1,1,False
210140,Balsas,MA,Nordeste,-7.5332,-46.0401,260,0,0,4,7,129,False
210150,Barão de Grajaú,MA,Nordeste,-6.7576,-43.0242,170,0,60,0,3,7,False
210160,Barra do Corda,MA,Nordeste,-5.5082,-45.2464,210,0,195,0,11,86,True
210170,Barreirinhas,MA,Nordeste,-2.7502,-42.8271,220,0,220,0,0,53,True
210173,Belágua,MA,Nordeste,-3.1605,-43.5078,320,0,320,0,2,12,False
210177,Bela Vista do Maranhão,MA,Nordeste,-3.7418,-45.2504,190,0,130,0,0,2,False
210180,Benedito Leite,MA,Nordeste,-7.2249,-44.5581,330,0,160,0,0,4,False
210190,Bequimão,MA,Nordeste,-2.4493,-44.783,210,0,210,0,4,10,False
210193,Bernardo do Mearim,MA,Nordeste,-4.6351,-44.7642,160,0,110,0,2,4,False
210197,Boa Vista do Gurupi,MA,Nordeste,-1.7953,-46.3087,120,0,120,0,1,2,False
210200,Bom Jardim,MA,Nordeste,-3.5458,-45.6055,200,0,30,0,3,35,False
210203,Bom Jesus das Selvas,MA,Nordeste,-4.4878,-46.8496,140,0,70,0,2,21,False
210207,Bom Lugar,MA,Nordeste,-4.3706,-45.0348,160,0,110,0,1,3,False
210210,Brejo,MA,Nordeste,-3.6816,-42.7507,115,0,150,0,3,21,False
210215,Brejo de Areia,MA,Nordeste,-4.3323,-45.5849,250,0,140,0,1,2,False
210220,Buriti,MA,Nordeste,-3.9427,-42.9247,45,0,135,0,4,21,False
210230,Buriti Bravo,MA,Nordeste,-5.843,-43.8374,150,0,150,0,0,17,False
210232,Buriticupu,MA,Nordeste,-4.3178,-46.4601,120,0,120,0,5,56,True
210235,Buritirana,MA,Nordeste,-5.592,-47.0182,80,0,80,0,3,13,False
210237,Cachoeira Grande,MA,Nordeste,-2.9277,-44.0613,75,0,75,0,0,12,False
210240,Cajapió,MA,Nordeste,-2.8816,-44.6753,200,0,120,0,2,8,False
210250,Cajari,MA,Nordeste,-3.321,-45.0104,150,0,100,0,2,7,False
210255,Campestre do Maranhão,MA,Nordeste,-6.1738,-47.3657,50,0,50,0,2,11,False
210260,Cândido Mendes,MA,Nordeste,-1.4556,-45.7282,235,0,235,0,1,14,False
210270,Cantanhede,MA,Nordeste,-3.6342,-44.3768,135,0,120,0,1,12,False
210275,Capinzal do Norte,MA,Nordeste,-4.724,-44.3272,130,0,80,0,1,4,False
210280,Carolina,MA,Nordeste,-7.3348,-47.4734,120,0,120,0,1,21,False
210290,Carutapera,MA,Nordeste,-1.2025,-46.0213,185,0,185,0,2,12,False
210300,Caxias,MA,Nordeste,-4.8622,-43.3639,0,8,0,11,28,131,False
210310,Cedral,MA,Nordeste,-1.9974,-44.5352,320,0,100,0,4,3,False
210312,Central do Maranhão,MA,Nordeste,-2.1955,-44.8323,300,0,110,0,1,2,False
210315,Centro do Guilherme,MA,Nordeste,-2.4485,-46.0369,410,0,240,0,0,12,False
210317,Centro Novo do Maranhão,MA,Nordeste,-2.1397,-46.1255,205,0,135,0,0,15,False
210320,Chapadinha,MA,Nordeste,-3.7415,-43.3548,105,0,120,0,16,74,True
210325,Cidelândia,MA,Nordeste,-5.1757,-47.7816,60,0,60,0,2,11,False
210330,Codó,MA,Nordeste,-4.4528,-43.8876,60,0,60,0,27,69,True
210340,Coelho Neto,MA,Nordeste,-4.257,-43.0121,0,2,90,0,9,38,False
210350,Colinas,MA,Nordeste,-6.0262,-44.2495,210,0,135,0,6,31,True
210355,Conceição do Lago-Açu,MA,Nordeste,-3.8379,-44.8978,190,0,140,0,3,15,False
210360,Coroatá,MA,Nordeste,-4.1282,-44.1276,120,0,0,4,15,50,False
210370,Cururupu,MA,Nordeste,-1.8256,-44.8672,300,0,140,0,4,21,False
210375,Davinópolis,MA,Nordeste,-5.5283,-47.3964,60,0,60,0,0,18,False
210380,Dom Pedro,MA,Nordeste,-5.0398,-44.4386,140,0,110,0,3,13,False
210390,Duque Bacelar,MA,Nordeste,-4.1541,-42.9456,30,0,120,0,3,8,False
210400,Esperantinópolis,MA,Nordeste,-4.8765,-44.8826,210,0,160,0,6,9,False
210405,Estreito,MA,Nordeste,-6.5596,-47.4393,80,0,80,0,4,19,False
210407,Feira Nova do Maranhão,MA,Nordeste,-6.9626,-46.6831,260,0,180,0,3,1,False
210408,Fernando Falcão,MA,Nordeste,-6.1508,-44.9011,330,0,315,0,0,7,False
210409,Formosa da Serra Negra,MA,Nordeste,-6.4421,-46.1907,180,0,120,0,1,12,False
210410,Fortaleza dos Nogueiras,MA,Nordeste,-6.9651,-46.1704,210,0,70,0,1,12,False
210420,Fortuna,MA,Nordeste,-5.7373,-44.1606,220,0,165,0,3,13,False
210430,Godofredo Viana,MA,Nordeste,-1.4148,-45.7733,215,0,215,0,1,3,False
210440,Gonçalves Dias,MA,Nordeste,-5.1554,-44.3004,140,0,140,0,0,4,False
210450,Governador Archer,MA,Nordeste,-5.0231,-44.2698,150,0,130,0,1,4,False
210455,Governador Edison Lobão,MA,Nordeste,-5.7481,-47.3635,20,0,20,0,4,19,False
210460,Governador Eugênio Barros,MA,Nordeste,-5.3178,-44.2442,120,0,120,0,2,4,False
210462,Governador Luiz Rocha,MA,Nordeste,-5.4702,-44.0704,180,0,180,0,2,2,False
210465,Governador Newton Bello,MA,Nordeste,-3.4259,-45.67,258.4,0,88.4,0,1,8,False
210467,Governador Nunes Freire,MA,Nordeste,-2.1299,-45.8881,165,0,90,0,4,17,False
210470,Graça Aranha,MA,Nordeste,-5.4092,-44.3305,165,0,165,0,0,4,False
210480,Grajaú,MA,Nordeste,-5.8169,-46.1433,120,0,120,0,5,45,True
210490,Guimarães,MA,Nordeste,-2.1337,-44.6009,300,0,80,0,1,6,False
210500,Humberto de Campos,MA,Nordeste,-2.5972,-43.4617,130,0,130,0,4,21,False
210510,Icatu,MA,Nordeste,-2.7763,-44.0656,75,0,75,0,2,15,False
210515,Igarapé do Meio,MA,Nordeste,-3.6408,-45.1847,180,0,130,0,1,14,False
210520,Igarapé Grande,MA,Nordeste,-4.662,-44.8542,160,0,110,0,2,6,False
210530,Imperatriz,MA,Nordeste,-5.5271,-47.4902,0,15,0,40,36,260,False
210535,Itaipava do Grajaú,MA,Nordeste,-5.1423,-45.7912,240,0,240,0,3,10,False
210540,Itapecuru Mirim,MA,Nordeste,-3.393,-44.358,80,0,80,0,18,72,True
210542,Itinga do Maranhão,MA,Nordeste,-4.4508,-47.528,90,0,90,0,0,23,False
210545,Jatobá,MA,Nordeste,-5.8186,-44.2303,240,0,180,0,1,5,False
210547,Jenipapo dos Vieiras,MA,Nordeste,-5.3693,-45.6375,250,0,235,0,1,13,False
210550,João Lisboa,MA,Nordeste,-5.4489,-47.401,30,0,30,0,2,20,False
210560,Joselândia,MA,Nordeste,-4.9833,-44.6986,240,0,200,0,2,5,False
210565,Junco do Maranhão,MA,Nordeste,-1.8787,-46.0727,285,0,210,0,0,2,False
210570,Lago da Pedra,MA,Nordeste,-4.5713,-45.131,160,0,110,0,3,31,False
210580,Lago do Junco,MA,Nordeste,-4.6067,-45.053,170,0,120,0,2,7,False
210590,Lago Verde,MA,Nordeste,-4.0418,-44.9348,170,0,120,0,0,17,False
210592,Lagoa do Mato,MA,Nordeste,-6.0458,-43.5266,195,0,165,0,1,5,False
210594,Lago dos Rodrigues,MA,Nordeste,-4.6145,-44.9822,175,0,125,0,3,2,False
210596,Lagoa Grande do Maranhão,MA,Nordeste,-4.9929,-45.3848,280,0,230,0,0,12,False
210598,Lajeado Novo,MA,Nordeste,-6.1909,-47.0387,100,0,100,0,0,2,False
210600,Lima Campos,MA,Nordeste,-4.518,-44.4647,120,0,70,0,0,5,False
210610,Loreto,MA,Nordeste,-7.0858,-45.1418,380,0,120,0,0,3,False
210620,Luís Domingues,MA,Nordeste,-1.3267,-45.8969,215,0,215,0,2,9,False
210630,Magalhães de Almeida,MA,Nordeste,-3.3995,-42.2047,246.9,0,211.9,0,0,7,False
210632,Maracaçumé,MA,Nordeste,-2.0424,-45.9638,175,0,110,0,4,12,False
210635,Marajá do Sena,MA,Nordeste,-4.6219,-45.456,240,0,155,0,0,2,False
210637,Maranhãozinho,MA,Nordeste,-2.241,-45.8589,165,0,110,0,3,6,False
210640,Mata Roma,MA,Nordeste,-3.6258,-43.11,92.4,0,127.4,0,3,17,False
210650,Matinha,MA,Nordeste,-3.0993,-45.0318,155,0,105,0,2,17,False
210660,Matões,MA,Nordeste,-5.5201,-43.2014,60,0,60,0,8,28,False
210663,Matões do Norte,MA,Nordeste,-3.6314,-44.5516,110,0,100,0,0,13,False
210667,Milagres do Maranhão,MA,Nordeste,-3.5813,-42.6072,390,0,483,0,0,2,False
210670,Mirador,MA,Nordeste,-6.372,-44.3609,250,0,145,0,2,18,False
210675,Miranda do Norte,MA,Nordeste,-3.5622,-44.5856,105,0,90,0,6,17,False
210680,Mirinzal,MA,Nordeste,-2.0625,-44.7845,290,0,90,0,0,9,False
210690,Monção,MA,Nordeste,-3.4913,-45.2521,260,0,260,0,5,18,False
210700,Montes Altos,MA,Nordeste,-5.8322,-47.0667,50,0,50,0,3,5,False
210710,Morros,MA,Nordeste,-2.8658,-44.042,70,0,70,0,3,16,False
210720,Nina Rodrigues,MA,Nordeste,-3.4658,-43.9066,140,0,140,0,0,14,False
210725,Nova Colinas,MA,Nordeste,-7.12,-46.2626,230,0,90,0,0,4,False
210730,Nova Iorque,MA,Nordeste,-6.7361,-44.0461,250,0,125,0,0,0,False
210735,Nova Olinda do Maranhão,MA,Nordeste,-2.807,-45.7027,225,0,90,0,0,11,False
210740,Olho d'Água das Cunhãs,MA,Nordeste,-4.1408,-45.1171,160,0,60,0,1,11,False
210745,Olinda Nova do Maranhão,MA,Nordeste,-2.999,-44.9967,170,0,100,0,0,9,False
210750,Paço do Lumiar,MA,Nordeste,-2.5512,-44.1653,60,0,60,0,17,127,True
210760,Palmeirândia,MA,Nordeste,-2.6454,-44.8955,280,0,280,0,0,19,False
210770,Paraibano,MA,Nordeste,-6.4332,-43.984,220,0,90,0,1,12,False
210780,Parnarama,MA,Nordeste,-5.682,-43.091,60,0,60,0,4,18,False
210790,Passagem Franca,MA,Nordeste,-6.181,-43.7834,195,0,120,0,0,10,False
210800,Pastos Bons,MA,Nordeste,-6.5942,-44.0803,230,0,105,0,5,9,False
210805,Paulino Neves,MA,Nordeste,-2.7197,-42.5336,260,0,240,0,1,9,False
210810,Paulo Ramos,MA,Nordeste,-4.445,-45.2423,180,0,95,0,0,14,False
210820,Pedreiras,MA,Nordeste,-4.5703,-44.6051,130,0,80,0,9,17,False
210825,Pedro do Rosário,MA,Nordeste,-2.9678,-45.3464,210,0,70,0,0,16,False
210830,Penalva,MA,Nordeste,-3.294,-45.1734,200,0,150,0,6,25,False
210840,Peri Mirim,MA,Nordeste,-2.578,-44.8538,240,0,240,0,1,12,False
210845,Peritoró,MA,Nordeste,-4.3781,-44.3394,90,0,40,0,1,17,False
210850,Pindaré-Mirim,MA,Nordeste,-3.6057,-45.342,180,0,130,0,4,21,False
210860,Pinheiro,MA,Nordeste,-2.5193,-45.081,230,0,0,8,13,56,False
210870,Pio XII,MA,Nordeste,-3.8906,-45.1699,160,0,30,0,4,14,False
210880,Pirapemas,MA,Nordeste,-3.7292,-44.2243,165,0,150,0,3,7,False
210890,Poção de Pedras,MA,Nordeste,-4.7528,-44.9448,180,0,130,0,4,2,False
210900,Porto Franco,MA,Nordeste,-6.3391,-47.4067,60,0,60,0,3,19,False
210905,Porto Rico do Maranhão,MA,Nordeste,-1.8604,-44.5881,330,0,120,0,0,3,False
210910,Presidente Dutra,MA,Nordeste,-5.3012,-44.4753,160,0,135,0,5,29,False
210920,Presidente Juscelino,MA,Nordeste,-2.9261,-44.0643,65,0,65,0,4,4,False
210923,Presidente Médici,MA,Nordeste,-2.3781,-45.8207,295,0,225,0,2,5,False
210927,Presidente Sarney,MA,Nordeste,-2.5939,-45.3646,240,0,240,0,6,11,False
210930,Presidente Vargas,MA,Nordeste,-3.4081,-44.0288,120,0,120,0,1,7,False
210940,Primeira Cruz,MA,Nordeste,-2.5096,-43.4414,160,0,160,0,1,5,False
210945,Raposa,MA,Nordeste,-2.4412,-44.1105,60,0,60,0,9,33,False
210950,Riachão,MA,Nordeste,-7.3626,-46.6182,210,0,60,0,1,12,False
210955,Ribamar Fiquene,MA,Nordeste,-5.9308,-47.3887,40,0,40,0,2,4,False
210960,Rosário,MA,Nordeste,-2.9372,-44.2451,45,0,45,0,12,35,False
210970,Sambaíba,MA,Nordeste,-7.1403,-45.346,350,0,90,0,0,2,False
210975,Santa Filomena do Maranhão,MA,Nordeste,-5.4952,-44.5556,190,0,165,0,3,2,False
210980,Santa Helena,MA,Nordeste,-2.2305,-45.3015,205,0,130,0,3,13,False
210990,Santa Inês,MA,Nordeste,-3.6573,-45.3778,170,0,0,4,18,69,False
211000,Santa Luzia,MA,Nordeste,-3.9707,-45.6566,0,5,170,0,17,29,False
211003,Santa Luzia do Paruá,MA,Nordeste,-2.5437,-45.7753,195,0,120,0,2,18,True
211010,Santa Quitéria do Maranhão,MA,Nordeste,-3.5013,-42.5629,125,0,120,0,4,26,False
211020,Santa Rita,MA,Nordeste,-3.1413,-44.3262,60,0,60,0,5,29,False
211023,Santana do Maranhão,MA,Nordeste,-3.1181,-42.4132,192.8,0,157.8,0,1,1,False
211027,Santo Amaro do Maranhão,MA,Nordeste,-2.5002,-43.2539,200,0,200,0,0,11,False
211030,Santo Antônio dos Lopes,MA,Nordeste,-4.8694,-44.359,120,0,90,0,1,12,False
211040,São Benedito do Rio Preto,MA,Nordeste,-3.3308,-43.5271,170,0,120,0,1,10,False
211050,São Bento,MA,Nordeste,-2.7027,-44.8233,200,0,135,0,2,23,False
211060,São Bernardo,MA,Nordeste,-3.362,-42.4212,155,0,120,0,1,19,False
211065,São Domingos do Azeitão,MA,Nordeste,-6.8125,-44.6444,290,0,120,0,2,5,False
211070,São Domingos do Maranhão,MA,Nordeste,-5.5785,-44.3847,190,0,165,0,3,23,False
211080,São Félix de Balsas,MA,Nordeste,-7.0836,-44.8128,440,0,180,0,0,4,False
211085,São Francisco do Brejão,MA,Nordeste,-5.1253,-47.3896,90,0,90,0,0,5,False
211090,São Francisco do Maranhão,MA,Nordeste,-6.251,-42.8571,180,0,120,0,1,6,False
211100,São João Batista,MA,Nordeste,-2.9599,-44.7955,205,0,135,0,3,21,False
211102,São João do Carú,MA,Nordeste,-3.5547,-46.2583,300.8,0,130.8,0,1,10,False
211105,São João do Paraíso,MA,Nordeste,-6.4673,-47.0544,90,0,90,0,0,4,False
211107,São João do Soter,MA,Nordeste,-5.1141,-43.8102,45,0,45,0,0,17,False
211110,São João dos Patos,MA,Nordeste,-6.4987,-43.7019,190,0,60,0,2,21,False
211120,São José de Ribamar,MA,Nordeste,-2.5632,-44.0557,60,0,60,0,14,203,True
211125,São José dos Basílios,MA,Nordeste,-5.0529,-44.5861,210,0,185,0,0,1,False
211130,São Luís,MA,Nordeste,-2.5274,-44.3061,0,61,0,81,289,1058,False
211140,São Luís Gonzaga do Maranhão,MA,Nordeste,-4.3772,-44.6735,160,0,110,0,2,13,False
211150,São Mateus do Maranhão,MA,Nordeste,-4.0394,-44.47,120,0,70,0,8,35,False
211153,São Pedro da Água Branca,MA,Nordeste,-5.0833,-48.4299,115,0,110,0,1,4,False
211157,São Pedro dos Crentes,MA,Nordeste,-6.8228,-46.5323,255,0,75,0,0,3,False
211160,São Raimundo das Mangabeiras,MA,Nordeste,-7.02,-45.4785,320,0,60,0,0,8,False
211163,São Raimundo do Doca Bezerra,MA,Nordeste,-5.1047,-45.0893,240,0,190,0,0,3,False
211167,São Roberto,MA,Nordeste,-5.017,-44.9933,240,0,190,0,3,3,False
211170,São Vicente Ferrer,MA,Nordeste,-2.8894,-44.8783,185,0,90,0,0,12,False
211172,Satubinha,MA,Nordeste,-4.0404,-45.2362,210,0,40,0,1,6,False
211174,Senador Alexandre Costa,MA,Nordeste,-5.2609,-44.0559,120,0,120,0,1,9,False
211176,Senador La Rocque,MA,Nordeste,-5.4365,-47.2985,40,0,40,0,4,8,False
211178,Serrano do Maranhão,MA,Nordeste,-1.8529,-45.1137,400,0,260,0,0,7,False
211180,Sítio Novo,MA,Nordeste,-5.8773,-46.7007,60,0,60,0,1,6,False
211190,Sucupira do Norte,MA,Nordeste,-6.4786,-44.1917,250,0,125,0,0,3,False
211195,Sucupira do Riachão,MA,Nordeste,-6.4114,-43.5463,190,0,60,0,1,4,False
211200,Tasso Fragoso,MA,Nordeste,-8.4745,-45.7443,420,0,180,0,1,3,False
211210,Timbiras,MA,Nordeste,-4.2553,-43.9391,80,0,40,0,3,12,False
211220,Timon,MA,Nordeste,-5.0987,-42.8246,45,0,0,4,33,156,False
211223,Trizidela do Vale,MA,Nordeste,-4.5693,-44.6277,190,0,140,0,3,20,False
211227,Tufilândia,MA,Nordeste,-3.6716,-45.6357,220,0,50,0,1,2,False
211230,Tuntum,MA,Nordeste,-5.2577,-44.6475,180,0,155,0,0,29,False
211240,Turiaçu,MA,Nordeste,-1.6719,-45.3709,305,0,160,0,1,28,False
211245,Turilândia,MA,Nordeste,-2.2237,-45.309,265,0,80,0,0,15,False
211250,Tutóia,MA,Nordeste,-2.7632,-42.2742,265,0,140,0,10,37,False
211260,Urbano Santos,MA,Nordeste,-3.2082,-43.405,195,0,150,0,8,27,False
211270,Vargem Grande,MA,Nordeste,-3.5422,-43.9176,120,0,60,0,4,41,False
211280,Viana,MA,Nordeste,-3.2184,-45.0027,140,0,90,0,8,50,False
211285,Vila Nova dos Martírios,MA,Nordeste,-5.1856,-48.1361,90,0,90,0,2,8,False
211290,Vitória do Mearim,MA,Nordeste,-3.4658,-44.8724,110,0,60,0,1,21,False
211300,Vitorino Freire,MA,Nordeste,-4.2937,-45.2462,180,0,70,0,3,20,False
211400,Zé Doca,MA,Nordeste,-3.2703,-45.6523,245,0,130,0,3,36,False
220005,Acauã,PI,Nordeste,-8.2147,-41.0833,110,0,105,0,0,6,False
220010,Agricolândia,PI,Nordeste,-5.7968,-42.6619,90,0,90,0,0,6,False
220020,Água Branca,PI,Nordeste,-5.8927,-42.6364,75,0,75,0,1,14,False
220025,Alagoinha do Piauí,PI,Nordeste,-7.01,-40.9385,60,0,93,0,1,3,False
220027,Alegrete do Piauí,PI,Nordeste,-7.2434,-40.8606,45,0,48,0,0,2,False
220030,Alto Longá,PI,Nordeste,-5.2525,-42.2103,75,0,75,0,3,7,False
220040,Altos,PI,Nordeste,-5.0396,-42.4598,40,0,40,0,11,37,False
220045,Alvorada do Gurguéia,PI,Nordeste,-8.4432,-43.8649,320,0,190,0,1,4,False
220050,Amarante,PI,Nordeste,-6.2448,-42.8529,120,0,60,0,1,18,False
220060,Angical do Piauí,PI,Nordeste,-6.0831,-42.7345,105,0,90,0,0,5,False
220070,Anísio de Abreu,PI,Nordeste,-9.1881,-43.0461,265,0,240,0,0,2,False
220080,Antônio Almeida,PI,Nordeste,-7.2199,-44.1976,240,0,110,0,0,1,False
220090,Aroazes,PI,Nordeste,-6.1112,-41.7887,90,0,173,0,0,4,False
220095,Aroeiras do Itaim,PI,Nordeste,-7.2797,-41.5634,40,0,133,0,0,1,False
220100,Arraial,PI,Nordeste,-6.6543,-42.534,170,0,90,0,0,5,False
220105,Assunção do Piauí,PI,Nordeste,-5.8652,-41.0485,200,0,200,0,1,2,False
220110,Avelino Lopes,PI,Nordeste,-10.1405,-43.9461,500,0,260,0,2,6,False
220115,Baixa Grande do Ribeiro,PI,Nordeste,-7.8583,-45.2127,360,0,230,0,1,14,False
220117,Barra D'Alcântara,PI,Nordeste,-6.5192,-42.1069,130,0,155,0,0,2,False
220120,Barras,PI,Nordeste,-4.2468,-42.2956,100,0,100,0,11,31,False
220130,Barreiras do Piauí,PI,Nordeste,-9.9242,-45.4785,470,0,210,0,1,2,False
220140,Barro Duro,PI,Nordeste,-5.8198,-42.5098,65,0,65,0,1,4,False
220150,Batalha,PI,Nordeste,-4.0239,-42.0762,130,0,120,0,1,13,False
220155,Bela Vista do Piauí,PI,Nordeste,-7.9731,-41.8709,130,0,160,0,0,1,False
220157,Belém do Piauí,PI,Nordeste,-7.3789,-40.9721,70,0,163,0,0,4,False
220160,Beneditinos,PI,Nordeste,-5.456,-42.3597,50,0,50,0,1,5,False
220170,Bertolínia,PI,Nordeste,-7.6379,-43.9551,250,0,120,0,0,3,False
220173,Betânia do Piauí,PI,Nordeste,-8.1462,-40.7971,145,0,160,0,1,6,False
220177,Boa Hora,PI,Nordeste,-4.4095,-42.1246,130,0,130,0,1,9,False
220180,Bocaina,PI,Nordeste,-6.9458,-41.3217,20,0,113,0,0,2,False
220190,Bom Jesus,PI,Nordeste,-9.0723,-44.3598,370,0,240,0,6,28,True
220191,Bom Princípio do Piauí,PI,Nordeste,-3.1891,-41.6378,285,0,50,0,1,2,False
220192,Bonfim do Piauí,PI,Nordeste,-9.1664,-42.8727,240,0,215,0,0,3,False
220194,Boqueirão do Piauí,PI,Nordeste,-4.4871,-42.1173,130,0,130,0,1,1,False
220196,Brasileira,PI,Nordeste,-4.1333,-41.781,155,0,110,0,0,5,False
220198,Brejo do Piauí,PI,Nordeste,-8.2069,-42.834,258,0,130,0,0,2,False
220200,Buriti dos Lopes,PI,Nordeste,-3.1732,-41.8715,220,0,30,0,3,13,False
220202,Buriti dos Montes,PI,Nordeste,-5.312,-41.0981,190,0,190,0,2,4,False
220205,Cabeceiras do Piauí,PI,Nordeste,-4.4733,-42.3096,85,0,85,0,1,10,False
220207,Cajazeiras do Piauí,PI,Nordeste,-6.7981,-42.3912,135,0,165,0,0,2,False
220208,Cajueiro da Praia,PI,Nordeste,-2.9303,-41.342,305,0,60,0,0,3,False
220209,Caldeirão Grande do Piauí,PI,Nordeste,-7.3339,-40.6377,83,0,35,0,2,6,False
220210,Campinas do Piauí,PI,Nordeste,-7.6603,-41.8809,130,0,160,0,4,3,False
220211,Campo Alegre do Fidalgo,PI,Nordeste,-8.3769,-41.8362,195,0,200,0,2,5,False
220213,Campo Grande do Piauí,PI,Nordeste,-7.1343,-41.0389,30,0,63,0,0,7,False
220217,Campo Largo do Piauí,PI,Nordeste,-3.8118,-42.63,172,0,172,0,0,4,False
220220,Campo Maior,PI,Nordeste,-4.8255,-42.1669,70,0,70,0,6,30,False
220225,Canavieira,PI,Nordeste,-7.6915,-43.7194,290,0,160,0,0,0,False
220230,Canto do Buriti,PI,Nordeste,-8.1109,-42.9443,238,0,110,0,0,9,False
220240,Capitão de Campos,PI,Nordeste,-4.4579,-41.943,120,0,120,0,2,11,False
220245,Capitão Gervásio Oliveira,PI,Nordeste,-8.4977,-41.8169,215,0,180,0,0,3,False
220250,Caracol,PI,Nordeste,-9.2801,-43.3284,295,0,230,0,1,7,False
220253,Caraúbas do Piauí,PI,Nordeste,-3.476,-41.8439,230,0,90,0,0,4,False
220255,Caridade do Piauí,PI,Nordeste,-7.7328,-40.9891,133,0,75,0,0,5,False
220260,Castelo do Piauí,PI,Nordeste,-5.3222,-41.549,130,0,130,0,5,10,False
220265,Caxingó,PI,Nordeste,-3.4226,-41.8913,250,0,80,0,1,5,False
220270,Cocal,PI,Nordeste,-3.4702,-41.557,225,0,60,0,5,25,False
220271,Cocal de Telha,PI,Nordeste,-4.5547,-41.9678,215,0,210,0,4,1,False
220272,Cocal dos Alves,PI,Nordeste,-3.602,-41.4432,255,0,90,0,1,10,False
220273,Coivaras,PI,Nordeste,-5.0903,-42.2053,90,0,90,0,0,1,False
220275,Colônia do Gurguéia,PI,Nordeste,-8.1814,-43.7939,300,0,170,0,1,2,False
220277,Colônia do Piauí,PI,Nordeste,-7.2285,-42.1828,70,0,100,0,2,0,False
220280,Conceição do Canindé,PI,Nordeste,-7.8781,-41.5958,150,0,195,0,1,2,False
220285,Coronel José Dias,PI,Nordeste,-8.8262,-42.4802,195,0,200,0,1,4,False
220290,Corrente,PI,Nordeste,-10.4354,-45.1786,480,0,140,0,1,24,False
220300,Cristalândia do Piauí,PI,Nordeste,-10.6509,-45.1833,505,0,120,0,1,3,False
220310,Cristino Castro,PI,Nordeste,-8.8192,-44.2239,340,0,210,0,1,6,False
220320,Curimatá,PI,Nordeste,-10.0355,-44.3033,460,0,230,0,0,7,False
220323,Currais,PI,Nordeste,-9.0157,-44.3996,380.6,0,250.6,0,0,5,False
220325,Curralinhos,PI,Nordeste,-5.619,-42.8286,90,0,90,0,0,9,False
220327,Curral Novo do Piauí,PI,Nordeste,-7.8333,-40.9018,173,0,100,0,0,5,False
220330,Demerval Lobão,PI,Nordeste,-5.3528,-42.6781,40,0,40,0,2,11,False
220335,Dirceu Arcoverde,PI,Nordeste,-9.3413,-42.437,255,0,210,0,0,3,False
220340,Dom Expedito Lopes,PI,Nordeste,-6.9591,-41.6455,25,0,118,0,1,3,False
220342,Domingos Mourão,PI,Nordeste,-4.253,-41.2707,205,0,180,0,1,2,False
220345,Dom Inocêncio,PI,Nordeste,-9.0011,-41.9735,335,0,220,0,1,3,False
220350,Elesbão Veloso,PI,Nordeste,-6.206,-42.1351,100,0,115,0,2,12,False
220360,Eliseu Martins,PI,Nordeste,-8.0983,-43.6642,280,0,150,0,0,2,False
220370,Esperantina,PI,Nordeste,-3.8979,-42.236,150,0,140,0,7,35,True
220375,Fartura do Piauí,PI,Nordeste,-9.484,-42.7929,265,0,240,0,0,7,False
220380,Flores do Piauí,PI,Nordeste,-7.7949,-42.9251,213,0,85,0,0,5,False
220385,Floresta do Piauí,PI,Nordeste,-7.4668,-41.7981,110,0,140,0,0,0,False
220390,Floriano,PI,Nordeste,-6.7742,-43.0211,130,0,0,10,10,55,False
220400,Francinópolis,PI,Nordeste,-6.3974,-42.2642,130,0,135,0,0,1,False
220410,Francisco Ayres,PI,Nordeste,-6.6233,-42.6928,190,0,60,0,1,3,False
220415,Francisco Macedo,PI,Nordeste,-7.3285,-40.7911,53,0,40,0,0,2,False
220420,Francisco Santos,PI,Nordeste,-6.994,-41.1377,60,0,153,0,0,7,False
220430,Fronteiras,PI,Nordeste,-7.0874,-40.6167,60,0,93,0,0,2,False
220435,Geminiano,PI,Nordeste,-7.1571,-41.3628,20,0,113,0,0,3,False
220440,Gilbués,PI,Nordeste,-9.8337,-45.3433,440,0,180,0,3,9,False
220450,Guadalupe,PI,Nordeste,-6.7859,-43.5693,190,0,60,0,2,6,False
220455,Guaribas,PI,Nordeste,-9.3947,-43.6869,415,0,390,0,1,4,False
220460,Hugo Napoleão,PI,Nordeste,-5.9894,-42.5581,105,0,105,0,2,4,False
220465,Ilha Grande,PI,Nordeste,-2.8518,-41.8179,275,0,30,0,0,2,False
220470,Inhuma,PI,Nordeste,-6.6712,-41.7081,60,0,145,0,5,11,False
220480,Ipiranga do Piauí,PI,Nordeste,-6.823,-41.7381,40,0,133,0,1,6,False
220490,Isaías Coelho,PI,Nordeste,-7.7358,-41.6771,80,0,170,0,4,5,False
220500,Itainópolis,PI,Nordeste,-7.4492,-41.479,75,0,168,0,1,4,False
220510,Itaueira,PI,Nordeste,-7.6034,-43.0256,188,0,60,0,1,9,False
220515,Jacobina do Piauí,PI,Nordeste,-7.9358,-41.2111,90,0,135,0,0,2,False
220520,Jaicós,PI,Nordeste,-7.3563,-41.1387,40,0,133,0,0,10,False
220525,Jardim do Mulato,PI,Nordeste,-6.0952,-42.6363,135,0,120,0,1,5,False
220527,Jatobá do Piauí,PI,Nordeste,-4.7705,-41.8191,170,0,170,0,1,4,False
220530,Jerumenha,PI,Nordeste,-7.0878,-43.5088,170,0,40,0,0,5,False
220535,João Costa,PI,Nordeste,-8.4898,-42.4185,185,0,190,0,0,1,False
220540,Joaquim Pires,PI,Nordeste,-3.5089,-42.1942,200,0,90,0,4,9,False
220545,Joca Marques,PI,Nordeste,-3.4976,-42.4319,210,0,140,0,1,3,False
220550,José de Freitas,PI,Nordeste,-4.7577,-42.5765,45,0,45,0,3,38,False
220551,Juazeiro do Piauí,PI,Nordeste,-5.1713,-41.7058,130,0,130,0,2,3,False
220552,Júlio Borges,PI,Nordeste,-10.329,-44.2376,500,0,260,0,1,3,False
220553,Jurema,PI,Nordeste,-9.2213,-43.1288,275,0,250,0,0,2,False
220554,Lagoinha do Piauí,PI,Nordeste,-5.8298,-42.6325,95,0,95,0,0,2,False
220555,Lagoa Alegre,PI,Nordeste,-4.5158,-42.6238,75,0,75,0,0,11,False
220556,Lagoa do Barro do Piauí,PI,Nordeste,-8.4815,-41.5307,225,0,170,0,0,2,False
220557,Lagoa de São Francisco,PI,Nordeste,-4.3905,-41.601,175,0,140,0,0,1,False
220558,Lagoa do Piauí,PI,Nordeste,-5.4146,-42.643,30,0,30,0,0,4,False
220559,Lagoa do Sítio,PI,Nordeste,-6.5161,-41.5685,90,0,173,0,0,3,False
220560,Landri Sales,PI,Nordeste,-7.2669,-43.9298,220,0,90,0,1,2,False
220570,Luís Correia,PI,Nordeste,-2.8815,-41.6659,250,0,20,0,4,27,False
220580,Luzilândia,PI,Nordeste,-3.4598,-42.3724,190,0,120,0,6,19,False
220585,Madeiro,PI,Nordeste,-3.4832,-42.4988,220,0,150,0,1,3,False
220590,Manoel Emídio,PI,Nordeste,-8.0131,-43.8713,260,0,130,0,0,2,False
220595,Marcolândia,PI,Nordeste,-7.4446,-40.6622,73,0,20,0,0,4,False
220600,Marcos Parente,PI,Nordeste,-7.1176,-43.8924,210,0,80,0,0,4,False
220605,Massapê do Piauí,PI,Nordeste,-7.4641,-41.1257,60,0,153,0,0,1,False
220610,Matias Olímpio,PI,Nordeste,-3.7155,-42.5545,192,0,190,0,2,12,False
220620,Miguel Alves,PI,Nordeste,-4.166,-42.8947,95,0,95,0,4,23,False
220630,Miguel Leão,PI,Nordeste,-5.6807,-42.7384,120,0,120,0,1,1,False
220635,Milton Brandão,PI,Nordeste,-4.7022,-41.4485,175,0,150,0,3,6,False
220640,Monsenhor Gil,PI,Nordeste,-5.562,-42.6109,50,0,50,0,0,5,False
220650,Monsenhor Hipólito,PI,Nordeste,-6.9987,-41.031,45,0,78,0,0,1,False
220660,Monte Alegre do Piauí,PI,Nordeste,-9.7505,-45.305,430,0,190,0,0,4,False
220665,Morro Cabeça no Tempo,PI,Nordeste,-9.7279,-43.9072,630,0,400,0,0,0,False
220667,Morro do Chapéu do Piauí,PI,Nordeste,-3.7445,-42.3114,180,0,150,0,1,2,False
220669,Murici dos Portelas,PI,Nordeste,-3.3229,-42.0902,265,0,75,0,0,2,False
220670,Nazaré do Piauí,PI,Nordeste,-6.9745,-42.6723,90,0,45,0,1,4,False
220672,Nazária,PI,Nordeste,-5.3502,-42.8201,40,0,40,0,0,8,False
220675,Nossa Senhora de Nazaré,PI,Nordeste,-4.6336,-42.1716,110,0,110,0,0,0,False
220680,Nossa Senhora dos Remédios,PI,Nordeste,-3.9794,-42.6218,150,0,150,0,1,5,False
220690,Novo Oriente do Piauí,PI,Nordeste,-6.4511,-41.9272,80,0,163,0,0,2,False
220695,Novo Santo Antônio,PI,Nordeste,-5.2881,-41.9347,115,0,115,0,0,5,False
220700,Oeiras,PI,Nordeste,-7.0169,-42.1317,50,0,80,0,8,25,False
220710,Olho D'Água do Piauí,PI,Nordeste,-5.8474,-42.5743,80,0,80,0,0,1,False
220720,Padre Marcos,PI,Nordeste,-7.3552,-40.907,63,0,50,0,1,4,False
220730,Paes Landim,PI,Nordeste,-7.7781,-42.2548,140,0,170,0,1,1,False
220735,Pajeú do Piauí,PI,Nordeste,-7.8559,-42.822,283,0,155,0,0,1,False
220740,Palmeira do Piauí,PI,Nordeste,-8.7249,-44.2362,360,0,230,0,0,2,False
220750,Palmeirais,PI,Nordeste,-5.9775,-43.0608,131,0,131,0,0,17,False
220755,Paquetá,PI,Nordeste,-7.1011,-41.7023,60,0,153,0,1,1,False
220760,Parnaguá,PI,Nordeste,-10.2261,-44.6402,500,0,200,0,0,6,False
220770,Parnaíba,PI,Nordeste,-2.9169,-41.7567,245,0,0,10,17,132,False
220775,Passagem Franca do Piauí,PI,Nordeste,-5.857,-42.4422,75,0,75,0,1,4,False
220777,Patos do Piauí,PI,Nordeste,-7.6793,-41.2425,70,0,155,0,0,5,False
220779,Pau D'Arco do Piauí,PI,Nordeste,-5.2534,-42.3884,90,0,90,0,1,1,False
220780,Paulistana,PI,Nordeste,-8.1409,-41.1481,100,0,115,0,1,21,False
220785,Pavussu,PI,Nordeste,-7.9667,-43.2239,260,0,132,0,1,1,False
220790,Pedro II,PI,Nordeste,-4.4258,-41.4589,145,0,140,0,3,31,False
220793,Pedro Laurentino,PI,Nordeste,-8.0678,-42.2888,195,0,200,0,1,1,False
220795,Nova Santa Rita,PI,Nordeste,-8.075,-42.0483,130,0,160,0,0,4,False
220800,Picos,PI,Nordeste,-7.085,-41.4657,0,5,93,0,17,65,True
220810,Pimenteiras,PI,Nordeste,-6.2387,-41.42,90,0,173,0,1,4,False
220820,Pio IX,PI,Nordeste,-6.8361,-40.6149,70,0,98,0,0,18,False
220830,Piracuruca,PI,Nordeste,-3.9347,-41.7105,165,0,90,0,5,16,False
220840,Piripiri,PI,Nordeste,-4.2744,-41.7773,135,0,90,0,12,59,True
220850,Porto,PI,Nordeste,-3.894,-42.71,152,0,152,0,0,10,False
220855,Porto Alegre do Piauí,PI,Nordeste,-6.9704,-44.1992,280,0,150,0,0,2,False
220860,Prata do Piauí,PI,Nordeste,-5.6665,-42.2049,80,0,80,0,0,0,False
220865,Queimada Nova,PI,Nordeste,-8.5822,-41.418,195,0,140,0,0,10,False
220870,Redenção do Gurguéia,PI,Nordeste,-9.4875,-44.5843,430,0,270,0,0,9,False
220880,Regeneração,PI,Nordeste,-6.2383,-42.6892,110,0,75,0,5,16,False
220885,Riacho Frio,PI,Nordeste,-10.1259,-44.9522,525,0,185,0,1,1,False
220887,Ribeira do Piauí,PI,Nordeste,-7.6916,-42.7118,243,0,115,0,0,1,False
220890,Ribeiro Gonçalves,PI,Nordeste,-7.5595,-45.2424,345,0,215,0,2,7,False
220900,Rio Grande do Piauí,PI,Nordeste,-7.778,-43.1384,228,0,100,0,0,6,False
220910,Santa Cruz do Piauí,PI,Nordeste,-7.184,-41.7657,55,0,140,0,0,3,False
220915,Santa Cruz dos Milagres,PI,Nordeste,-5.7997,-41.9555,120,0,120,0,0,1,False
220920,Santa Filomena,PI,Nordeste,-9.1099,-45.9228,560,0,290,0,0,2,False
220930,Santa Luz,PI,Nordeste,-8.9502,-44.1315,422.8,0,292.8,0,0,5,False
220935,Santana do Piauí,PI,Nordeste,-6.9459,-41.5187,30,0,123,0,1,5,False
220937,Santa Rosa do Piauí,PI,Nordeste,-6.7987,-42.2797,110,0,140,0,0,5,False
220940,Santo Antônio de Lisboa,PI,Nordeste,-6.9826,-41.2314,40,0,118,0,0,5,False
220945,Santo Antônio dos Milagres,PI,Nordeste,-6.0457,-42.7105,105,0,105,0,1,1,False
220950,Santo Inácio do Piauí,PI,Nordeste,-7.4266,-41.9113,90,0,120,0,0,1,False
220955,São Braz do Piauí,PI,Nordeste,-9.0644,-42.9985,245,0,220,0,0,1,False
220960,São Félix do Piauí,PI,Nordeste,-5.9325,-42.1137,105,0,105,0,0,1,False
220965,São Francisco de Assis do Piauí,PI,Nordeste,-8.2378,-41.6876,205,0,210,0,0,2,False
220970,São Francisco do Piauí,PI,Nordeste,-7.2457,-42.5445,140,0,105,0,1,4,False
220975,São Gonçalo do Gurguéia,PI,Nordeste,-10.0289,-45.303,450,0,170,0,0,0,False
220980,São Gonçalo do Piauí,PI,Nordeste,-5.9966,-42.7026,105,0,105,0,2,3,False
220985,São João da Canabrava,PI,Nordeste,-6.8161,-41.3465,30,0,123,0,2,4,False
220987,São João da Fronteira,PI,Nordeste,-3.9422,-41.2588,198,0,30,0,0,4,False
220990,São João da Serra,PI,Nordeste,-5.5153,-41.8985,135,0,135,0,1,0,False
220995,São João da Varjota,PI,Nordeste,-6.9158,-41.8643,45,0,138,0,0,0,False
220997,São João do Arraial,PI,Nordeste,-3.8157,-42.4471,180,0,170,0,0,6,False
221000,São João do Piauí,PI,Nordeste,-8.3593,-42.2471,155,0,160,0,4,18,False
221005,São José do Divino,PI,Nordeste,-3.8108,-41.8329,195,0,120,0,0,5,False
221010,São José do Peixe,PI,Nordeste,-7.4941,-42.5643,180,0,120,0,0,2,False
221020,São José do Piauí,PI,Nordeste,-6.8723,-41.4773,55,0,148,0,2,3,False
221030,São Julião,PI,Nordeste,-7.0833,-40.8378,60,0,78,0,0,4,False
221035,São Lourenço do Piauí,PI,Nordeste,-9.1667,-42.5466,235,0,190,0,1,3,False
221037,São Luis do Piauí,PI,Nordeste,-6.8288,-41.3233,40,0,133,0,0,2,False
221038,São Miguel da Baixa Grande,PI,Nordeste,-5.8646,-42.1855,90,0,90,0,0,2,False
221039,São Miguel do Fidalgo,PI,Nordeste,-7.5841,-42.3717,140,0,170,0,0,0,False
221040,São Miguel do Tapuio,PI,Nordeste,-5.503,-41.3211,160,0,160,0,4,10,False
221050,São Pedro do Piauí,PI,Nordeste,-5.9273,-42.7203,85,0,85,0,2,8,False
221060,São Raimundo Nonato,PI,Nordeste,-9.0147,-42.6888,215,0,190,0,7,21,True
221062,Sebastião Barros,PI,Nordeste,-10.8141,-44.8315,570,0,230,0,1,1,False
221063,Sebastião Leal,PI,Nordeste,-7.5677,-44.0644,260,0,130,0,0,1,False
221065,Sigefredo Pacheco,PI,Nordeste,-4.9163,-41.7352,150,0,150,0,0,8,False
221070,Simões,PI,Nordeste,-7.5954,-40.8196,103,0,50,0,2,9,False
221080,Simplício Mendes,PI,Nordeste,-7.8605,-41.9102,110,0,140,0,1,14,False
221090,Socorro do Piauí,PI,Nordeste,-7.8642,-42.5053,165,0,195,0,1,3,False
221093,Sussuapara,PI,Nordeste,-7.0087,-41.3849,15,0,108,0,0,6,False
221095,Tamboril do Piauí,PI,Nordeste,-8.4008,-42.9119,275,0,160,0,0,2,False
221097,Tanque do Piauí,PI,Nordeste,-6.5989,-42.2838,90,0,115,0,0,0,False
221100,Teresina,PI,Nordeste,-5.0911,-42.8116,0,14,0,37,221,758,False
221110,União,PI,Nordeste,-4.5855,-42.8652,50,0,50,0,11,48,False
221120,Uruçuí,PI,Nordeste,-7.2299,-44.5553,300,0,170,0,1,20,False
221130,Valença do Piauí,PI,Nordeste,-6.4022,-41.7355,60,0,143,0,4,14,False
221135,Várzea Branca,PI,Nordeste,-9.2381,-42.9645,260,0,235,0,0,3,False
221140,Várzea Grande,PI,Nordeste,-6.5459,-42.2487,110,0,135,0,1,2,False
221150,Vera Mendes,PI,Nordeste,-7.6038,-41.4834,90,0,183,0,0,1,False
221160,Vila Nova do Piauí,PI,Nordeste,-7.1421,-40.9397,40,0,58,0,0,0,False
221170,Wall Ferraz,PI,Nordeste,-7.234,-41.9119,85,0,170,0,0,1,False
230010,Abaiara,CE,Nordeste,-7.3592,-39.048,40,0,40,0,0,1,False
230015,Acarape,CE,Nordeste,-4.2242,-38.7047,60,0,60,0,1,14,False
230020,Acaraú,CE,Nordeste,-2.8816,-40.1191,130,0,70,0,8,45,True
230030,Acopiara,CE,Nordeste,-6.0957,-39.4534,140,0,140,0,9,26,False
230040,Aiuaba,CE,Nordeste,-6.5713,-40.1225,150,0,90,0,3,9,False
230050,Alcântaras,CE,Nordeste,-3.5873,-40.5443,250,0,60,0,1,11,False
230060,Altaneira,CE,Nordeste,-6.9995,-39.7395,120,0,60,0,0,9,False
230070,Alto Santo,CE,Nordeste,-5.521,-38.2711,160,0,160,0,1,9,False
230075,Amontada,CE,Nordeste,-3.3608,-39.8271,140,0,105,0,6,38,False
230080,Antonina do Norte,CE,Nordeste,-6.774,-39.9867,125,0,90,0,0,1,False
230090,Apuiarés,CE,Nordeste,-3.9458,-39.4294,130,0,130,0,1,3,False
230100,Aquiraz,CE,Nordeste,-3.9061,-38.3889,60,0,60,0,6,79,False
230110,Aracati,CE,Nordeste,-4.5688,-37.7752,140,0,75,0,13,56,True
230120,Aracoiaba,CE,Nordeste,-4.374,-38.809,50,0,50,0,5,13,False
230125,Ararendá,CE,Nordeste,-4.7507,-40.8303,270,0,164,0,0,5,False
230130,Araripe,CE,Nordeste,-7.2119,-40.1362,110,0,110,0,3,30,False
230140,Aratuba,CE,Nordeste,-4.4176,-39.0464,85,0,85,0,2,10,False
230150,Arneiroz,CE,Nordeste,-6.3234,-40.1607,165,0,120,0,0,7,False
230160,Assaré,CE,Nordeste,-6.8733,-39.8689,130,0,70,0,4,16,False
230170,Aurora,CE,Nordeste,-6.943,-38.9684,113,0,110,0,1,11,False
230180,Baixio,CE,Nordeste,-6.731,-38.7178,115,0,90,0,0,2,False
230185,Banabuiú,CE,Nordeste,-5.3121,-38.9175,60,0,60,0,7,8,False
230190,Barbalha,CE,Nordeste,-7.312,-39.3015,0,6,0,20,9,90,False
230195,Barreira,CE,Nordeste,-4.2873,-38.6395,45,0,45,0,3,13,False
230200,Barro,CE,Nordeste,-7.1788,-38.7793,73,0,70,0,3,13,False
230205,Barroquinha,CE,Nordeste,-3.0198,-41.1353,259,0,75,0,2,8,False
230210,Baturité,CE,Nordeste,-4.3289,-38.8826,65,0,65,0,12,33,False
230220,Beberibe,CE,Nordeste,-4.179,-38.1302,80,0,80,0,5,36,False
230230,Bela Cruz,CE,Nordeste,-3.0552,-40.1671,135,0,80,0,3,28,False
230240,Boa Viagem,CE,Nordeste,-5.126,-39.7305,120,0,120,0,11,37,False
230250,Brejo Santo,CE,Nordeste,-7.4915,-38.9853,60,0,30,0,2,54,True
230260,Camocim,CE,Nordeste,-2.9003,-40.843,225,0,105,0,10,57,True
230270,Campos Sales,CE,Nordeste,-7.0737,-40.3763,80,0,113,0,2,25,False
230280,Canindé,CE,Nordeste,-4.3503,-39.3131,120,0,120,0,14,50,True
230290,Capistrano,CE,Nordeste,-4.4689,-38.9008,60,0,60,0,1,13,False
230300,Caridade,CE,Nordeste,-4.232,-39.1951,95,0,95,0,3,8,False
230310,Cariré,CE,Nordeste,-3.9488,-40.4733,230,0,40,0,2,11,False
230320,Caririaçu,CE,Nordeste,-7.0467,-39.2852,120,0,60,0,7,15,False
230330,Cariús,CE,Nordeste,-6.5382,-39.497,190,0,150,0,1,7,False
230340,Carnaubal,CE,Nordeste,-4.1624,-40.9421,273,0,58,0,1,4,False
230350,Cascavel,CE,Nordeste,-4.1326,-38.2423,60,0,60,0,12,50,False
230360,Catarina,CE,Nordeste,-6.135,-39.8762,200,0,200,0,1,12,False
230365,Catunda,CE,Nordeste,-4.651,-40.2015,257,0,100,0,0,6,False
230370,Caucaia,CE,Nordeste,-3.7334,-38.6451,60,0,60,0,63,358,True
230380,Cedro,CE,Nordeste,-6.6079,-39.0592,170,0,110,0,2,19,False
230390,Chaval,CE,Nordeste,-3.0322,-41.2414,245,0,60,0,1,5,False
230393,Choró,CE,Nordeste,-4.8458,-39.1331,30,0,30,0,2,12,False
230395,Chorozinho,CE,Nordeste,-4.2939,-38.4978,60,0,60,0,5,18,False
230400,Coreaú,CE,Nordeste,-3.5514,-40.655,230,0,40,0,6,15,False
230410,Crateús,CE,Nordeste,-5.1758,-40.6683,230,0,177,0,7,48,True
230420,Crato,CE,Nordeste,-7.2309,-39.413,60,0,0,10,20,143,False
230423,Croatá,CE,Nordeste,-4.4132,-40.9025,313,0,98,0,3,12,False
230425,Cruz,CE,Nordeste,-2.9306,-40.1807,120,0,80,0,1,22,False
230426,Deputado Irapuan Pinheiro,CE,Nordeste,-5.9155,-39.2675,165,0,165,0,0,5,False
230427,Ereré,CE,Nordeste,-6.0324,-38.3496,195,0,130,0,0,1,False
230428,Eusébio,CE,Nordeste,-3.8932,-38.4635,60,0,60,0,11,70,True
230430,Farias Brito,CE,Nordeste,-6.9272,-39.5731,120,0,60,0,4,17,False
230435,Forquilha,CE,Nordeste,-3.7985,-40.2621,170,0,20,0,2,15,False
230440,Fortaleza,CE,Nordeste,-3.7254,-38.5236,0,78,0,114,625,2141,False
230445,Fortim,CE,Nordeste,-4.4509,-37.798,120,0,95,0,1,22,False
230450,Frecheirinha,CE,Nordeste,-3.761,-40.8142,240,0,33,0,0,15,False
230460,General Sampaio,CE,Nordeste,-4.0515,-39.4506,145,0,145,0,1,3,False
230465,Graça,CE,Nordeste,-4.0454,-40.7522,270,0,80,0,1,15,False
230470,Granja,CE,Nordeste,-3.1196,-40.8258,200,0,80,0,4,37,False
230480,Granjeiro,CE,Nordeste,-6.89,-39.2173,120,0,60,0,0,1,False
230490,Groaíras,CE,Nordeste,-3.9148,-40.3824,220,0,30,0,0,4,False
230495,Guaiúba,CE,Nordeste,-4.0397,-38.6349,60,0,60,0,2,10,False
230500,Guaraciaba do Norte,CE,Nordeste,-4.162,-40.7525,273,0,58,0,6,39,False
230510,Guaramiranga,CE,Nordeste,-4.2618,-38.9331,105,0,105,0,0,5,False
230520,Hidrolândia,CE,Nordeste,-4.4087,-40.4047,240,0,90,0,1,16,False
230523,Horizonte,CE,Nordeste,-4.1047,-38.4936,56,0,56,0,10,66,False
230526,Ibaretama,CE,Nordeste,-4.8196,-38.8207,20,0,20,0,2,10,False
230530,Ibiapina,CE,Nordeste,-3.923,-40.8895,240,0,25,0,3,18,False
230533,Ibicuitinga,CE,Nordeste,-4.9775,-38.6381,40,0,40,0,0,10,False
230535,Icapuí,CE,Nordeste,-4.7106,-37.3557,200,0,50,0,3,9,False
230540,Icó,CE,Nordeste,-6.4013,-38.8614,133,0,110,0,6,35,False
230550,Iguatu,CE,Nordeste,-6.3704,-39.3139,180,0,120,0,19,62,True
230560,Independência,CE,Nordeste,-5.3938,-40.3132,190,0,190,0,5,14,False
230565,Ipaporanga,CE,Nordeste,-4.9014,-40.7579,260,0,184,0,2,11,False
230570,Ipaumirim,CE,Nordeste,-6.7887,-38.7183,105,0,80,0,1,3,False
230580,Ipu,CE,Nordeste,-4.3245,-40.7094,280,0,84,0,3,28,False
230590,Ipueiras,CE,Nordeste,-4.5388,-40.7173,270,0,107,0,2,30,False
230600,Iracema,CE,Nordeste,-5.8097,-38.3054,170,0,155,0,2,5,False
230610,Irauçuba,CE,Nordeste,-3.7473,-39.7801,130,0,60,0,2,21,False
230620,Itaiçaba,CE,Nordeste,-4.6757,-37.8211,140,0,105,0,0,2,False
230625,Itaitinga,CE,Nordeste,-3.9749,-38.5188,40,0,40,0,5,54,False
230630,Itapajé,CE,Nordeste,-3.6847,-39.5857,115,0,75,0,6,35,False
230640,Itapipoca,CE,Nordeste,-3.4824,-39.5656,110,0,110,0,17,110,True
230650,Itapiúna,CE,Nordeste,-4.5611,-38.9198,60,0,60,0,1,12,False
230655,Itarema,CE,Nordeste,-2.9205,-39.9154,155,0,95,0,2,39,False
230660,Itatira,CE,Nordeste,-4.5295,-39.6229,189,0,189,0,4,16,False
230670,Jaguaretama,CE,Nordeste,-5.6136,-38.7631,135,0,135,0,2,14,False
230680,Jaguaribara,CE,Nordeste,-5.4613,-38.4619,180,0,180,0,1,6,False
230690,Jaguaribe,CE,Nordeste,-5.8889,-38.6233,173,0,150,0,10,19,False
230700,Jaguaruana,CE,Nordeste,-4.8376,-37.7824,160,0,135,0,4,29,False
230710,Jardim,CE,Nordeste,-7.5814,-39.2836,40,0,40,0,3,23,False
230720,Jati,CE,Nordeste,-7.6884,-39.0063,85,0,55,0,0,2,False
230725,Jijoca de Jericoacoara,CE,Nordeste,-2.8939,-40.4507,150,0,105,0,1,20,False
230730,Juazeiro do Norte,CE,Nordeste,-7.209,-39.3183,60,0,0,8,47,259,False
230740,Jucás,CE,Nordeste,-6.5225,-39.522,185,0,150,0,4,22,False
230750,Lavras da Mangabeira,CE,Nordeste,-6.7544,-38.9633,150,0,90,0,1,17,False
230760,Limoeiro do Norte,CE,Nordeste,-5.1481,-38.0995,110,0,110,0,9,43,True
230763,Madalena,CE,Nordeste,-4.8504,-39.5723,90,0,90,0,3,12,False
230765,Maracanaú,CE,Nordeste,-3.8621,-38.6232,60,0,60,0,40,218,True
230770,Maranguape,CE,Nordeste,-3.8906,-38.6835,60,0,60,0,22,76,False
230780,Marco,CE,Nordeste,-3.1174,-40.1497,145,0,75,0,5,26,False
230790,Martinópole,CE,Nordeste,-3.2261,-40.6927,222,0,70,0,1,11,False
230800,Massapê,CE,Nordeste,-3.5225,-40.3414,220,0,30,0,4,31,False
230810,Mauriti,CE,Nordeste,-7.3822,-38.7693,65,0,65,0,2,45,False
230820,Meruoca,CE,Nordeste,-3.5433,-40.4534,250,0,60,0,1,19,False
230830,Milagres,CE,Nordeste,-7.3138,-38.9439,45,0,45,0,2,19,False
230835,Milhã,CE,Nordeste,-5.6765,-39.1939,120,0,120,0,0,4,False
230837,Miraíma,CE,Nordeste,-3.571,-39.9699,170,0,60,0,5,11,False
230840,Missão Velha,CE,Nordeste,-7.2497,-39.1481,30,0,30,0,3,49,False
230850,Mombaça,CE,Nordeste,-5.7429,-39.6267,100,0,100,0,8,25,False
230860,Monsenhor Tabosa,CE,Nordeste,-4.7894,-40.063,290,0,150,0,1,14,False
230870,Morada Nova,CE,Nordeste,-5.1122,-38.3682,70,0,70,0,6,42,False
230880,Moraújo,CE,Nordeste,-3.4669,-40.6779,240,0,50,0,0,7,False
230890,Morrinhos,CE,Nordeste,-3.2286,-40.1261,160,0,60,0,1,19,False
230900,Mucambo,CE,Nordeste,-3.903,-40.7429,250,0,60,0,0,16,False
230910,Mulungu,CE,Nordeste,-4.3042,-38.9951,85,0,85,0,2,5,False
230920,Nova Olinda,CE,Nordeste,-7.0924,-39.6811,100,0,40,0,1,18,False
230930,Nova Russas,CE,Nordeste,-4.7054,-40.5645,240,0,134,0,5,13,False
230940,Novo Oriente,CE,Nordeste,-5.5365,-40.7747,223,0,213,0,1,17,False
230945,Ocara,CE,Nordeste,-4.4904,-38.6011,105,0,105,0,3,21,False
230950,Orós,CE,Nordeste,-6.2423,-38.9135,173,0,150,0,1,16,False
230960,Pacajus,CE,Nordeste,-4.1724,-38.4661,70,0,70,0,12,47,False
230970,Pacatuba,CE,Nordeste,-3.9848,-38.6206,60,0,60,0,5,69,False
230980,Pacoti,CE,Nordeste,-4.2249,-38.9188,100,0,100,0,1,8,False
230990,Pacujá,CE,Nordeste,-3.9796,-40.6966,260,0,70,0,0,2,False
231000,Palhano,CE,Nordeste,-4.7476,-37.9622,170,0,135,0,3,10,False
231010,Palmácia,CE,Nordeste,-4.1476,-38.847,70,0,70,0,1,7,False
231020,Paracuru,CE,Nordeste,-3.4089,-39.0299,80,0,80,0,2,19,False
231025,Paraipaba,CE,Nordeste,-3.4366,-39.1471,90,0,90,0,2,34,False
231030,Parambu,CE,Nordeste,-6.2147,-40.6976,120,0,200,0,3,11,False
231040,Paramoti,CE,Nordeste,-4.101,-39.2386,120,0,120,0,2,7,False
231050,Pedra Branca,CE,Nordeste,-5.454,-39.7164,120,0,120,0,5,29,False
231060,Penaforte,CE,Nordeste,-7.8275,-39.08,85,0,70,0,0,6,False
231070,Pentecoste,CE,Nordeste,-3.7898,-39.2762,100,0,100,0,4,26,False
231080,Pereiro,CE,Nordeste,-6.0463,-38.4589,210,0,200,0,3,9,False
231085,Pindoretama,CE,Nordeste,-4.0282,-38.306,40,0,40,0,4,21,False
231090,Piquet Carneiro,CE,Nordeste,-5.8051,-39.4183,140,0,140,0,1,7,False
231095,Pires Ferreira,CE,Nordeste,-4.2437,-40.6415,270,0,80,0,3,7,False
231100,Poranga,CE,Nordeste,-4.7454,-40.9161,290,0,183,0,0,10,False
231110,Porteiras,CE,Nordeste,-7.5332,-39.1186,80,0,50,0,5,27,False
231120,Potengi,CE,Nordeste,-7.0913,-40.026,135,0,90,0,2,5,False
231123,Potiretama,CE,Nordeste,-5.7215,-38.1561,170,0,170,0,4,3,False
231126,Quiterianópolis,CE,Nordeste,-5.8451,-40.7037,206,0,196,0,5,14,False
231130,Quixadá,CE,Nordeste,-4.9655,-39.0109,0,11,0,10,12,69,False
231135,Quixelô,CE,Nordeste,-6.2531,-39.1998,155,0,150,0,1,9,False
231140,Quixeramobim,CE,Nordeste,-5.1982,-39.2978,30,0,30,0,8,65,True
231150,Quixeré,CE,Nordeste,-5.0741,-37.9893,135,0,85,0,1,9,False
231160,Redenção,CE,Nordeste,-4.225,-38.7308,65,0,65,0,5,21,False
231170,Reriutaba,CE,Nordeste,-4.1424,-40.5822,270,0,80,0,1,13,False
231180,Russas,CE,Nordeste,-4.9386,-37.9727,120,0,120,0,14,58,False
231190,Saboeiro,CE,Nordeste,-6.5414,-39.908,150,0,90,0,5,6,False
231195,Salitre,CE,Nordeste,-7.2827,-40.4555,120,0,140,0,6,25,False
231200,Santana do Acaraú,CE,Nordeste,-3.4604,-40.2133,170,0,30,0,9,27,False
231210,Santana do Cariri,CE,Nordeste,-7.1858,-39.7368,120,0,60,0,6,12,False
231220,Santa Quitéria,CE,Nordeste,-4.336,-40.1547,227,0,70,0,7,35,False
231230,São Benedito,CE,Nordeste,-4.0458,-40.8653,253,0,38,0,6,51,False
231240,São Gonçalo do Amarante,CE,Nordeste,-3.6116,-38.9682,60,0,60,0,7,56,False
231250,São João do Jaguaribe,CE,Nordeste,-5.2694,-38.2721,170,0,170,0,1,1,False
231260,São Luís do Curu,CE,Nordeste,-3.669,-39.241,75,0,75,0,2,14,False
231270,Senador Pompeu,CE,Nordeste,-5.5874,-39.3715,90,0,90,0,7,22,False
231280,Senador Sá,CE,Nordeste,-3.3523,-40.4639,230,0,40,0,1,2,False
231290,Sobral,CE,Nordeste,-3.6839,-40.3563,190,0,0,25,38,214,False
231300,Solonópole,CE,Nordeste,-5.7306,-39.0072,105,0,105,0,0,9,False
231310,Tabuleiro do Norte,CE,Nordeste,-5.2512,-38.1304,130,0,130,0,2,22,False
231320,Tamboril,CE,Nordeste,-4.8284,-40.3184,279,0,122,0,1,16,False
231325,Tarrafas,CE,Nordeste,-6.6825,-39.7582,160,0,100,0,0,3,False
231330,Tauá,CE,Nordeste,-6.0017,-40.2948,160,0,150,0,7,51,False
231335,Tejuçuoca,CE,Nordeste,-3.9898,-39.5797,160,0,135,0,0,9,False
231340,Tianguá,CE,Nordeste,-3.7167,-40.9813,215,0,0,10,7,80,False
231350,Trairi,CE,Nordeste,-3.266,-39.2747,120,0,120,0,7,54,False
231355,Tururu,CE,Nordeste,-3.5995,-39.4358,95,0,95,0,2,23,False
231360,Ubajara,CE,Nordeste,-3.8542,-40.9203,240,0,25,0,4,31,False
231370,Umari,CE,Nordeste,-6.6443,-38.7004,150.1,0,125.1,0,2,2,False
231375,Umirim,CE,Nordeste,-3.6772,-39.3456,85,0,85,0,2,15,False
231380,Uruburetama,CE,Nordeste,-3.6248,-39.5066,105,0,105,0,7,24,False
231390,Uruoca,CE,Nordeste,-3.3148,-40.5596,240,0,50,0,1,14,False
231395,Varjota,CE,Nordeste,-4.1986,-40.4683,260,0,70,0,1,12,False
231400,Várzea Alegre,CE,Nordeste,-6.7902,-39.2973,120,0,60,0,0,30,False
231410,Viçosa do Ceará,CE,Nordeste,-3.5652,-41.0919,240,0,25,0,1,47,False
240010,Acari,RN,Nordeste,-6.434,-36.6406,165,0,90,0,0,7,False
240020,Assú,RN,Nordeste,-5.5738,-36.9069,165,0,60,0,11,42,False
240030,Afonso Bezerra,RN,Nordeste,-5.5004,-36.5069,155,0,145,0,3,8,False
240040,Água Nova,RN,Nordeste,-6.2067,-38.2919,223,0,120,0,1,3,False
240050,Alexandria,RN,Nordeste,-6.4126,-38.0165,193,0,120,0,2,10,False
240060,Almino Afonso,RN,Nordeste,-6.1531,-37.7661,245,0,90,0,2,2,False
240070,Alto do Rodrigues,RN,Nordeste,-5.2884,-36.7616,220,0,115,0,2,14,False
240080,Angicos,RN,Nordeste,-5.665,-36.6009,135,0,90,0,2,11,False
240090,Antônio Martins,RN,Nordeste,-6.2161,-37.8898,253,0,120,0,3,4,False
240100,Apodi,RN,Nordeste,-5.6666,-37.7999,225,0,45,0,3,32,False
240110,Areia Branca,RN,Nordeste,-4.9563,-37.1359,215,0,35,0,5,24,False
240120,Arez,RN,Nordeste,-6.1943,-35.161,60,0,45,0,2,6,False
240130,Campo Grande,RN,Nordeste,-5.8639,-37.3112,225,0,85,0,3,6,False
240140,Baía Formosa,RN,Nordeste,-6.3692,-35.0072,80,0,70,0,0,12,False
240145,Baraúna,RN,Nordeste,-5.0776,-37.6176,195,0,25,0,4,26,False
240150,Barcelona,RN,Nordeste,-5.9506,-35.9281,95.4,0,49.7,0,0,3,False
240160,Bento Fernandes,RN,Nordeste,-5.6929,-35.8198,110,0,110,0,0,6,False
240165,Bodó,RN,Nordeste,-5.9866,-36.4134,197.3,0,109,0,0,3,False
240170,Bom Jesus,RN,Nordeste,-5.9823,-35.5817,60,0,40,0,1,12,False
240180,Brejinho,RN,Nordeste,-6.1915,-35.3589,60,0,40,0,2,13,False
240185,Caiçara do Norte,RN,Nordeste,-5.0616,-36.0487,155,0,155,0,1,5,False
240190,Caiçara do Rio do Vento,RN,Nordeste,-5.7596,-35.9987,95,0,81.7,0,0,4,False
240200,Caicó,RN,Nordeste,-6.4627,-37.0943,130,0,60,0,14,46,False
240210,Campo Redondo,RN,Nordeste,-6.2419,-36.1854,150,0,105,0,2,2,False
240220,Canguaretama,RN,Nordeste,-6.3805,-35.1296,60,0,50,0,6,39,False
240230,Caraúbas,RN,Nordeste,-5.7945,-37.5582,210,0,60,0,2,22,False
240240,Carnaúba dos Dantas,RN,Nordeste,-6.5558,-36.5937,170,0,100,0,0,5,False
240250,Carnaubais,RN,Nordeste,-5.338,-36.8341,216.5,0,111.5,0,1,9,False
240260,Ceará-Mirim,RN,Nordeste,-5.637,-35.4229,60,0,60,0,18,70,True
240270,Cerro Corá,RN,Nordeste,-6.0455,-36.3464,211.1,0,122.8,0,0,7,False
240280,Coronel Ezequiel,RN,Nordeste,-6.3855,-36.2166,145,0,45,0,1,5,False
240290,Coronel João Pessoa,RN,Nordeste,-6.2611,-38.4435,195,0,170,0,0,6,False
240300,Cruzeta,RN,Nordeste,-6.4123,-36.7901,165,0,95,0,0,4,False
240310,Currais Novos,RN,Nordeste,-6.2636,-36.5156,165,0,60,0,3,29,False
240320,Doutor Severiano,RN,Nordeste,-6.0947,-38.3749,225,0,160,0,1,4,False
240325,Parnamirim,RN,Nordeste,-5.9246,-35.2658,50,0,0,10,32,226,False
240330,Encanto,RN,Nordeste,-6.1126,-38.3069,223,0,140,0,0,2,False
240340,Equador,RN,Nordeste,-6.9463,-36.7137,85,0,50,0,0,4,False
240350,Espírito Santo,RN,Nordeste,-6.3315,-35.308,55,0,40,0,1,13,False
240360,Extremoz,RN,Nordeste,-5.7068,-35.3056,60,0,60,0,3,49,False
240370,Felipe Guerra,RN,Nordeste,-5.6002,-37.6933,220,0,40,0,2,3,False
240375,Fernando Pedroza,RN,Nordeste,-5.6972,-36.5313,125,0,100,0,1,5,False
240380,Florânia,RN,Nordeste,-6.1257,-36.8177,195,0,95,0,3,6,False
240390,Francisco Dantas,RN,Nordeste,-6.0894,-38.1235,223,0,140,0,1,3,False
240400,Frutuoso Gomes,RN,Nordeste,-6.1605,-37.8411,280,0,120,0,1,5,False
240410,Galinhos,RN,Nordeste,-5.0915,-36.2748,165,0,165,0,0,2,False
240420,Goianinha,RN,Nordeste,-6.2703,-35.2104,50,0,30,0,7,37,False
240430,Governador Dix-Sept Rosado,RN,Nordeste,-5.4586,-37.5194,210,0,30,0,1,15,False
240440,Grossos,RN,Nordeste,-4.9828,-37.1536,220,0,40,0,3,5,False
240450,Guamaré,RN,Nordeste,-5.1073,-36.3181,190,0,190,0,6,2,False
240460,Ielmo Marinho,RN,Nordeste,-5.8235,-35.5527,84.7,0,69.7,0,0,3,False
240470,Ipanguaçu,RN,Nordeste,-5.5074,-36.8586,190,0,85,0,3,15,False
240480,Ipueira,RN,Nordeste,-6.8154,-37.1983,160,0,40,0,1,0,False
240485,Itajá,RN,Nordeste,-5.6435,-36.871,165,0,81,0,2,6,False
240490,Itaú,RN,Nordeste,-5.842,-37.9929,233,0,75,0,0,1,False
240500,Jaçanã,RN,Nordeste,-6.4261,-36.2039,150,0,50,0,0,7,False
240510,Jandaíra,RN,Nordeste,-5.3555,-36.1281,115,0,115,0,1,5,False
240520,Janduís,RN,Nordeste,-6.0157,-37.4083,240,0,100,0,0,4,False
240530,Januário Cicco,RN,Nordeste,-6.1584,-35.6032,80.1,0,63.6,0,0,4,False
240540,Japi,RN,Nordeste,-6.4672,-35.9456,145.9,0,145.9,0,0,8,False
240550,Jardim de Angicos,RN,Nordeste,-5.6528,-35.9697,130,0,130,0,0,3,False
240560,Jardim de Piranhas,RN,Nordeste,-6.3791,-37.3494,150,0,80,0,2,7,False
240570,Jardim do Seridó,RN,Nordeste,-6.5842,-36.7744,160,0,90,0,1,7,False
240580,João Câmara,RN,Nordeste,-5.5391,-35.817,90,0,90,0,6,25,False
240590,João Dias,RN,Nordeste,-6.2763,-37.797,225,0,130,0,0,0,False
240600,José da Penha,RN,Nordeste,-6.3199,-38.2855,181,0,120,0,0,3,False
240610,Jucurutu,RN,Nordeste,-6.0357,-37.0221,170,0,100,0,3,12,False
240615,Jundiá,RN,Nordeste,-6.2693,-35.3281,70,0,55,0,0,2,False
240620,Lagoa d'Anta,RN,Nordeste,-6.3937,-35.5958,100,0,85,0,0,7,False
240630,Lagoa de Pedras,RN,Nordeste,-6.1495,-35.4364,40,0,40,0,0,8,False
240640,Lagoa de Velhos,RN,Nordeste,-6.0023,-35.8689,97.6,0,61.8,0,0,3,False
240650,Lagoa Nova,RN,Nordeste,-6.0972,-36.4673,195,0,90,0,0,12,False
240660,Lagoa Salgada,RN,Nordeste,-6.1242,-35.4773,60,0,60,0,1,6,False
240670,Lajes,RN,Nordeste,-5.6977,-36.2419,135,0,120,0,3,7,False
240680,Lajes Pintadas,RN,Nordeste,-6.1487,-36.1166,130,0,120,0,1,3,False
240690,Lucrécia,RN,Nordeste,-6.1172,-37.8123,243,0,100,0,1,4,False
240700,Luís Gomes,RN,Nordeste,-6.4153,-38.3889,171,0,120,0,1,5,False
240710,Macaíba,RN,Nordeste,-5.8599,-35.356,30,0,20,0,10,64,True
240720,Macau,RN,Nordeste,-5.1164,-36.6348,175,0,165,0,4,17,False
240725,Major Sales,RN,Nordeste,-6.4013,-38.3207,176,0,140,0,0,5,False
240730,Marcelino Vieira,RN,Nordeste,-6.2951,-38.167,223,0,140,0,0,3,False
240740,Martins,RN,Nordeste,-6.0906,-37.9118,283,0,140,0,1,6,False
240750,Maxaranguape,RN,Nordeste,-5.5191,-35.258,90,0,90,0,1,4,False
240760,Messias Targino,RN,Nordeste,-6.0784,-37.514,240,0,120,0,2,1,False
240770,Montanhas,RN,Nordeste,-6.4865,-35.2868,80,0,70,0,2,10,False
240780,Monte Alegre,RN,Nordeste,-6.0675,-35.3324,50,0,20,0,5,17,False
240790,Monte das Gameleiras,RN,Nordeste,-6.4396,-35.7842,171.1,0,140,0,1,3,False
240800,Mossoró,RN,Nordeste,-5.1922,-37.345,180,0,0,17,49,239,False
240810,Natal,RN,Nordeste,-5.8301,-35.2128,0,29,0,64,171,655,False
240820,Nísia Floresta,RN,Nordeste,-6.0911,-35.2088,90,0,80,0,1,27,False
240830,Nova Cruz,RN,Nordeste,-6.4749,-35.4355,100,0,85,0,4,24,False
240840,Olho d'Água do Borges,RN,Nordeste,-5.9569,-37.7035,270,0,90,0,1,4,False
240850,Ouro Branco,RN,Nordeste,-6.7024,-36.9449,190,0,120,0,0,4,False
240860,Paraná,RN,Nordeste,-6.4852,-38.3125,186,0,165,0,0,0,False
240870,Paraú,RN,Nordeste,-5.778,-37.1005,190,0,60,0,0,4,False
240880,Parazinho,RN,Nordeste,-5.2263,-35.8399,120,0,120,0,0,4,False
240890,Parelhas,RN,Nordeste,-6.688,-36.6566,149.1,0,79.1,0,3,17,False
240895,Rio do Fogo,RN,Nordeste,-5.2748,-35.3824,115,0,115,0,2,5,False
240910,Passa e Fica,RN,Nordeste,-6.4354,-35.6428,115,0,90,0,2,4,False
240920,Passagem,RN,Nordeste,-6.2789,-35.377,80,0,60,0,0,4,False
240930,Patu,RN,Nordeste,-6.1099,-37.6379,190,0,120,0,1,5,False
240933,Santa Maria,RN,Nordeste,-5.841,-35.6942,55,0,40,0,1,2,False
240940,Pau dos Ferros,RN,Nordeste,-6.1127,-38.2035,193,0,110,0,5,21,True
240950,Pedra Grande,RN,Nordeste,-5.1507,-35.8784,130,0,130,0,0,2,False
240960,Pedra Preta,RN,Nordeste,-5.5813,-36.1047,165,0,150,0,0,4,False
240970,Pedro Avelino,RN,Nordeste,-5.5193,-36.3876,150,0,140,0,2,2,False
240980,Pedro Velho,RN,Nordeste,-6.4397,-35.2199,70,0,60,0,3,26,False
240990,Pendências,RN,Nordeste,-5.2564,-36.7194,215,0,125,0,4,13,False
241000,Pilões,RN,Nordeste,-6.2694,-38.0413,223,0,150,0,0,1,False
241010,Poço Branco,RN,Nordeste,-5.6214,-35.6571,80,0,80,0,1,11,False
241020,Portalegre,RN,Nordeste,-6.0267,-37.9873,233,0,110,0,2,3,False
241025,Porto do Mangue,RN,Nordeste,-5.0675,-36.7802,225,0,120,0,0,4,False
241030,Serra Caiada,RN,Nordeste,-6.107,-35.7122,85,0,45,0,1,3,False
241040,Pureza,RN,Nordeste,-5.4672,-35.5559,90,0,90,0,0,7,False
241050,Rafael Fernandes,RN,Nordeste,-6.1944,-38.2251,201,0,120,0,1,0,False
241060,Rafael Godeiro,RN,Nordeste,-6.0749,-37.7169,230,0,90,0,1,1,False
241070,Riacho da Cruz,RN,Nordeste,-5.9363,-37.9461,253,0,120,0,1,1,False
241080,Riacho de Santana,RN,Nordeste,-6.2651,-38.316,233,0,150,0,0,0,False
241090,Riachuelo,RN,Nordeste,-5.8179,-35.8247,65,0,55,0,0,1,False
241100,Rodolfo Fernandes,RN,Nordeste,-5.789,-38.0604,260,0,80,0,0,4,False
241105,Tibau,RN,Nordeste,-4.8359,-37.2554,210,0,30,0,0,2,False
241110,Ruy Barbosa,RN,Nordeste,-5.8811,-35.9347,84.6,0,60.5,0,0,1,False
241120,Santa Cruz,RN,Nordeste,-6.2298,-36.0195,110,0,0,5,4,45,False
241140,Santana do Matos,RN,Nordeste,-5.9581,-36.6544,160,0,146.4,0,1,12,False
241142,Santana do Seridó,RN,Nordeste,-6.7708,-36.7333,133.5,0,63.5,0,0,5,False
241150,Santo Antônio,RN,Nordeste,-6.3082,-35.4782,70,0,55,0,4,12,False
241160,São Bento do Norte,RN,Nordeste,-5.067,-36.0422,155,0,155,0,0,2,False
241170,São Bento do Trairí,RN,Nordeste,-6.3427,-36.0854,160,0,160,0,2,1,False
241180,São Fernando,RN,Nordeste,-6.3774,-37.1859,150,0,80,0,1,3,False
241190,São Francisco do Oeste,RN,Nordeste,-5.9986,-38.1677,213,0,100,0,0,1,False
241200,São Gonçalo do Amarante,RN,Nordeste,-5.7894,-35.3361,60,0,60,0,24,106,False
241210,São João do Sabugi,RN,Nordeste,-6.7184,-37.2008,165,0,50,0,1,4,False
241220,São José de Mipibu,RN,Nordeste,-6.0731,-35.2387,30,0,20,0,6,32,True
241230,São José do Campestre,RN,Nordeste,-6.3187,-35.712,110,0,60,0,3,7,False
241240,São José do Seridó,RN,Nordeste,-6.4499,-36.8786,155,0,85,0,0,0,False
241250,São Miguel,RN,Nordeste,-6.2126,-38.4982,180,0,170,0,4,16,False
241255,São Miguel do Gostoso,RN,Nordeste,-5.1228,-35.6357,130,0,130,0,4,6,False
241260,São Paulo do Potengi,RN,Nordeste,-5.8945,-35.7644,120.8,0,85,0,3,9,False
241270,São Pedro,RN,Nordeste,-5.8976,-35.6341,67.7,0,52.7,0,1,2,False
241280,São Rafael,RN,Nordeste,-5.8028,-36.8869,205,0,100,0,1,3,False
241290,São Tomé,RN,Nordeste,-5.9748,-36.0732,180,0,130,0,0,5,False
241300,São Vicente,RN,Nordeste,-6.2169,-36.6822,185,0,80,0,0,5,False
241310,Senador Elói de Souza,RN,Nordeste,-6.0358,-35.6927,70,0,60,0,1,8,False
241320,Senador Georgino Avelino,RN,Nordeste,-6.1612,-35.1227,55,0,45,0,0,4,False
241330,Serra de São Bento,RN,Nordeste,-6.4167,-35.7047,170,0,120,0,1,6,False
241335,Serra do Mel,RN,Nordeste,-5.1758,-37.0396,205,0,25,0,0,15,False
241340,Serra Negra do Norte,RN,Nordeste,-6.6668,-37.3957,180,0,60,0,1,6,False
241350,Serrinha,RN,Nordeste,-6.2792,-35.4981,60,0,60,0,2,5,False
241355,Serrinha dos Pintos,RN,Nordeste,-6.1129,-37.9568,253,0,140,0,0,3,False
241360,Severiano Melo,RN,Nordeste,-5.781,-37.9583,250,0,70,0,0,2,False
241370,Sítio Novo,RN,Nordeste,-6.105,-35.9101,102.3,0,25.6,0,0,5,False
241380,Taboleiro Grande,RN,Nordeste,-5.9288,-38.0441,233,0,95,0,0,3,False
241390,Taipu,RN,Nordeste,-5.6209,-35.597,60,0,60,0,2,5,False
241400,Tangará,RN,Nordeste,-6.1999,-35.8007,80,0,30,0,4,8,False
241410,Tenente Ananias,RN,Nordeste,-6.4686,-38.1796,193,0,155,0,3,6,False
241415,Tenente Laurentino Cruz,RN,Nordeste,-6.147,-36.7185,215,0,115,0,3,6,False
241420,Tibau do Sul,RN,Nordeste,-6.187,-35.0918,80,0,60,0,2,12,False
241430,Timbaúba dos Batistas,RN,Nordeste,-6.4651,-37.2744,160,0,90,0,0,0,False
241440,Touros,RN,Nordeste,-5.2002,-35.4573,100,0,100,0,8,30,False
241445,Triunfo Potiguar,RN,Nordeste,-5.8655,-37.188,210,0,81,0,2,6,False
241450,Umarizal,RN,Nordeste,-5.9888,-37.8132,250,0,70,0,1,6,False
241460,Upanema,RN,Nordeste,-5.641,-37.258,220,0,40,0,4,9,False
241470,Várzea,RN,Nordeste,-6.3468,-35.3761,60,0,45,0,0,4,False
241475,Venha-Ver,RN,Nordeste,-6.3223,-38.4892,210,0,200,0,0,4,False
241480,Vera Cruz,RN,Nordeste,-6.044,-35.4326,30,0,30,0,2,12,False
241490,Viçosa,RN,Nordeste,-5.9945,-37.9445,253,0,120,0,1,0,False
241500,Vila Flor,RN,Nordeste,-6.3168,-35.0763,72.8,0,62.8,0,1,1,False
250010,Água Branca,PB,Nordeste,-7.5133,-37.6389,145,0,85,0,2,4,False
250020,Aguiar,PB,Nordeste,-7.0916,-38.1724,220,0,100,0,1,1,False
250030,Alagoa Grande,PB,Nordeste,-7.0392,-35.6305,60,0,60,0,3,19,False
250040,Alagoa Nova,PB,Nordeste,-7.061,-35.7633,35,0,35,0,4,18,False
250050,Alagoinha,PB,Nordeste,-6.9515,-35.5468,70,0,70,0,3,5,False
250053,Alcantil,PB,Nordeste,-7.7423,-36.0649,60,0,60,0,1,7,False
250057,Algodão de Jandaíra,PB,Nordeste,-6.9042,-36.0111,70,0,70,0,1,3,False
250060,Alhandra,PB,Nordeste,-7.4364,-34.9127,75,0,75,0,6,15,False
250070,São João do Rio do Peixe,PB,Nordeste,-6.7231,-38.4543,136,0,135,0,1,10,False
250073,Amparo,PB,Nordeste,-7.5696,-37.0645,135,0,100,0,2,1,False
250077,Aparecida,PB,Nordeste,-6.7848,-38.0841,148,0,80,0,0,7,False
250080,Araçagi,PB,Nordeste,-6.851,-35.3874,90,0,90,0,3,8,False
250090,Arara,PB,Nordeste,-6.8297,-35.7591,60,0,60,0,2,11,False
250100,Araruna,PB,Nordeste,-6.5304,-35.7403,125,0,120,0,0,11,False
250110,Areia,PB,Nordeste,-6.9671,-35.7025,65,0,65,0,3,15,False
250115,Areia de Baraúnas,PB,Nordeste,-7.1236,-36.9457,165,0,45,0,2,1,False
250120,Areial,PB,Nordeste,-7.0507,-35.9282,50,0,50,0,1,7,False
250130,Aroeiras,PB,Nordeste,-7.5466,-35.7081,60,0,60,0,3,19,False
250135,Assunção,PB,Nordeste,-7.0735,-36.7276,70,0,70,0,1,1,False
250140,Baía da Traição,PB,Nordeste,-6.6877,-34.9377,90,0,90,0,2,8,False
250150,Bananeiras,PB,Nordeste,-6.7542,-35.6339,80,0,80,0,1,10,False
250153,Baraúna,PB,Nordeste,-6.6437,-36.251,150,0,150,0,0,5,False
250157,Barra de Santana,PB,Nordeste,-7.5233,-35.9995,45,0,45,0,2,5,False
250160,Barra de Santa Rosa,PB,Nordeste,-6.7206,-36.0604,85,0,85,0,3,9,False
250170,Barra de São Miguel,PB,Nordeste,-7.7511,-36.3186,60,0,60,0,0,2,False
250180,Bayeux,PB,Nordeste,-7.1251,-34.9268,60,0,60,0,13,59,False
250190,Belém,PB,Nordeste,-6.6966,-35.5378,95,0,95,0,2,15,False
250200,Belém do Brejo do Cruz,PB,Nordeste,-6.1904,-37.5367,185,0,106,0,2,4,False
250205,Bernardino Batista,PB,Nordeste,-6.4542,-38.5501,196,0,175,0,0,2,False
250210,Boa Ventura,PB,Nordeste,-7.4201,-38.2177,150,0,90,0,1,5,False
250215,Boa Vista,PB,Nordeste,-7.2631,-36.2426,45,0,45,0,1,8,False
250220,Bom Jesus,PB,Nordeste,-6.8154,-38.6555,115.5,0,90.5,0,0,1,False
250230,Bom Sucesso,PB,Nordeste,-6.4441,-37.9298,213,0,130,0,0,4,False
250240,Bonito de Santa Fé,PB,Nordeste,-7.3148,-38.5168,155,0,155,0,2,7,False
250250,Boqueirão,PB,Nordeste,-7.4809,-36.1291,40,0,40,0,1,6,False
250260,Igaracy,PB,Nordeste,-7.1789,-38.1483,210,0,90,0,0,3,False
250270,Borborema,PB,Nordeste,-6.8068,-35.5998,80,0,80,0,0,1,False
250280,Brejo do Cruz,PB,Nordeste,-6.3503,-37.4969,170,0,96,0,8,5,False
250290,Brejo dos Santos,PB,Nordeste,-6.3766,-37.828,210,0,115,0,0,2,False
250300,Caaporã,PB,Nordeste,-7.5155,-34.9175,90,0,90,0,3,16,False
250310,Cabaceiras,PB,Nordeste,-7.4883,-36.2858,70,0,70,0,0,2,False
250320,Cabedelo,PB,Nordeste,-6.9769,-34.8293,60,0,60,0,13,47,False
250330,Cachoeira dos Índios,PB,Nordeste,-6.9222,-38.6734,156,0,155,0,1,8,False
250340,Cacimba de Areia,PB,Nordeste,-7.1285,-37.1566,160,0,40,0,0,2,False
250350,Cacimba de Dentro,PB,Nordeste,-6.6416,-35.7923,100,0,100,0,5,14,False
250355,Cacimbas,PB,Nordeste,-7.2111,-37.0589,120,0,65,0,0,9,False
250360,Caiçara,PB,Nordeste,-6.6157,-35.4683,105,0,105,0,0,3,False
250370,Cajazeiras,PB,Nordeste,-6.8877,-38.5589,111,0,110,0,6,50,True
250375,Cajazeirinhas,PB,Nordeste,-6.9622,-37.7995,170,0,50,0,0,0,False
250380,Caldas Brandão,PB,Nordeste,-7.1678,-35.3501,50,0,50,0,2,7,False
250390,Camalaú,PB,Nordeste,-7.8886,-36.8238,110,0,110,0,2,6,False
250400,Campina Grande,PB,Nordeste,-7.2191,-35.8898,0,15,0,30,62,370,False
250403,Capim,PB,Nordeste,-6.9206,-35.1735,75,0,75,0,0,6,False
250407,Caraúbas,PB,Nordeste,-7.7284,-36.4946,70,0,70,0,0,4,False
250410,Carrapateira,PB,Nordeste,-7.0386,-38.3442,176,0,175,0,0,0,False
250415,Casserengue,PB,Nordeste,-6.7821,-35.8187,95,0,95,0,1,9,False
250420,Catingueira,PB,Nordeste,-7.1244,-37.6078,150,0,30,0,0,2,False
250430,Catolé do Rocha,PB,Nordeste,-6.343,-37.746,195,0,100,0,0,18,False
250435,Caturité,PB,Nordeste,-7.4194,-36.0202,40,0,40,0,0,0,False
250440,Conceição,PB,Nordeste,-7.5601,-38.5024,115,0,115,0,4,11,False
250450,Condado,PB,Nordeste,-6.9108,-37.6025,145,0,25,0,1,2,False
250460,Conde,PB,Nordeste,-7.2611,-34.912,45,0,45,0,3,18,False
250470,Congo,PB,Nordeste,-7.7964,-36.6598,105,0,105,0,1,4,False
250480,Coremas,PB,Nordeste,-7.0159,-37.9467,185,0,65,0,3,11,False
250485,Coxixola,PB,Nordeste,-7.6314,-36.6033,95,0,95,0,0,1,False
250490,Cruz do Espírito Santo,PB,Nordeste,-7.1417,-35.0913,30,0,30,0,6,13,False
250500,Cubati,PB,Nordeste,-6.8652,-36.3515,70,0,70,0,1,4,False
250510,Cuité,PB,Nordeste,-6.4855,-36.152,120,0,120,0,1,11,False
250520,Cuitegi,PB,Nordeste,-6.8977,-35.5243,77,0,77,0,2,6,False
250523,Cuité de Mamanguape,PB,Nordeste,-6.9121,-35.2483,80,0,80,0,0,2,False
250527,Curral de Cima,PB,Nordeste,-6.7183,-35.2667,110,0,110,0,1,5,False
250530,Curral Velho,PB,Nordeste,-7.5376,-38.1969,170,0,110,0,0,2,False
250535,Damião,PB,Nordeste,-6.63,-35.906,120,0,120,0,0,2,False
250540,Desterro,PB,Nordeste,-7.2886,-37.0884,105,0,50,0,2,8,False
250550,Vista Serrana,PB,Nordeste,-6.7395,-37.5677,160,0,40,0,0,2,False
250560,Diamante,PB,Nordeste,-7.4263,-38.2668,145,0,95,0,1,3,False
250570,Dona Inês,PB,Nordeste,-6.6065,-35.6277,125,0,120,0,0,6,False
250580,Duas Estradas,PB,Nordeste,-6.6861,-35.4181,110,0,110,0,2,1,False
250590,Emas,PB,Nordeste,-7.1058,-37.7152,155,0,35,0,1,2,False
250600,Esperança,PB,Nordeste,-7.0179,-35.8584,30,0,30,0,3,19,False
250610,Fagundes,PB,Nordeste,-7.3584,-35.7834,40,0,40,0,0,6,False
250620,Frei Martinho,PB,Nordeste,-6.4035,-36.4548,160,0,120,0,1,3,False
250625,Gado Bravo,PB,Nordeste,-7.5824,-35.7915,50,0,50,0,0,7,False
250630,Guarabira,PB,Nordeste,-6.8531,-35.4892,75,0,75,0,9,43,True
250640,Gurinhém,PB,Nordeste,-7.1261,-35.4259,80,0,80,0,1,5,False
250650,Gurjão,PB,Nordeste,-7.2475,-36.489,90,0,90,0,1,3,False
250660,Ibiara,PB,Nordeste,-7.4996,-38.4029,130,0,110,0,3,3,False
250670,Imaculada,PB,Nordeste,-7.39,-37.5089,145,0,65,0,0,5,False
250680,Ingá,PB,Nordeste,-7.2895,-35.6103,30,0,30,0,2,12,False
250690,Itabaiana,PB,Nordeste,-7.33,-35.336,40,0,40,0,2,16,False
250700,Itaporanga,PB,Nordeste,-7.3058,-38.1491,170,0,90,0,5,17,False
250710,Itapororoca,PB,Nordeste,-6.8286,-35.247,70,0,70,0,3,11,False
250720,Itatuba,PB,Nordeste,-7.3769,-35.63,50,0,50,0,1,14,False
250730,Jacaraú,PB,Nordeste,-6.6151,-35.2914,90,0,90,0,1,9,False
250740,Jericó,PB,Nordeste,-6.554,-37.8087,193,0,80,0,2,4,False
250750,João Pessoa,PB,Nordeste,-7.1688,-34.8638,0,21,0,33,143,655,False
250760,Juarez Távora,PB,Nordeste,-7.1747,-35.5892,40,0,40,0,2,8,False
250770,Juazeirinho,PB,Nordeste,-7.0686,-36.5757,60,0,60,0,4,21,False
250780,Junco do Seridó,PB,Nordeste,-6.9953,-36.7143,80,0,45,0,0,5,False
250790,Juripiranga,PB,Nordeste,-7.3751,-35.2384,55,0,55,0,1,8,False
250800,Juru,PB,Nordeste,-7.5382,-37.8185,165,0,105,0,1,9,False
250810,Lagoa,PB,Nordeste,-6.5906,-37.9151,210,0,90,0,0,4,False
250820,Lagoa de Dentro,PB,Nordeste,-6.6742,-35.3773,100,0,100,0,3,6,False
250830,Lagoa Seca,PB,Nordeste,-7.1568,-35.8536,30,0,30,0,1,22,False
250840,Lastro,PB,Nordeste,-6.515,-38.1781,173,0,135,0,0,4,False
250850,Livramento,PB,Nordeste,-7.3755,-36.9476,110,0,75,0,2,0,False
250855,Logradouro,PB,Nordeste,-6.6148,-35.4424,105,0,105,0,0,3,False
250860,Lucena,PB,Nordeste,-6.8989,-34.8706,60,0,60,0,2,7,False
250870,Mãe d'Água,PB,Nordeste,-7.2589,-37.4265,180,0,60,0,2,7,False
250880,Malta,PB,Nordeste,-6.9076,-37.5212,140,0,20,0,1,3,False
250890,Mamanguape,PB,Nordeste,-6.8356,-35.1202,50,0,50,0,11,32,True
250900,Manaíra,PB,Nordeste,-7.7061,-38.1532,190,0,160,0,2,11,False
250905,Marcação,PB,Nordeste,-6.7675,-35.0134,80,0,80,0,0,7,False
250910,Mari,PB,Nordeste,-7.0607,-35.3193,55,0,55,0,4,13,False
250915,Marizópolis,PB,Nordeste,-6.8444,-38.3533,136,0,110,0,1,2,False
250920,Massaranduba,PB,Nordeste,-7.1802,-35.7343,20,0,20,0,2,16,False
250930,Mataraca,PB,Nordeste,-6.6016,-35.0503,90,0,90,0,4,7,False
250933,Matinhas,PB,Nordeste,-7.1221,-35.7714,40,0,40,0,4,4,False
250937,Mato Grosso,PB,Nordeste,-6.5429,-37.7135,208,0,90,0,0,1,False
250939,Maturéia,PB,Nordeste,-7.2666,-37.3496,125,0,45,0,0,6,False
250940,Mogeiro,PB,Nordeste,-7.3025,-35.478,40,0,40,0,0,8,False
250950,Montadas,PB,Nordeste,-7.0872,-35.9601,45,0,45,0,0,4,False
250960,Monte Horebe,PB,Nordeste,-7.2145,-38.5863,161,0,160,0,0,4,False
250970,Monteiro,PB,Nordeste,-7.8915,-37.126,110,0,110,0,7,31,False
250980,Mulungu,PB,Nordeste,-7.0307,-35.4652,85,0,85,0,1,3,False
250990,Natuba,PB,Nordeste,-7.642,-35.5542,110,0,100,0,2,4,False
251000,Nazarezinho,PB,Nordeste,-6.9163,-38.3243,171,0,135,0,1,2,False
251010,Nova Floresta,PB,Nordeste,-6.4577,-36.2047,130,0,130,0,1,6,False
251020,Nova Olinda,PB,Nordeste,-7.4792,-38.0423,205,0,100,0,1,3,False
251030,Nova Palmeira,PB,Nordeste,-6.6766,-36.4158,100,0,100,0,0,7,False
251040,Olho d'Água,PB,Nordeste,-7.2288,-37.7487,165,0,45,0,1,1,False
251050,Olivedos,PB,Nordeste,-6.9895,-36.243,60,0,60,0,0,4,False
251060,Ouro Velho,PB,Nordeste,-7.6208,-37.1512,120,0,105,0,0,0,False
251065,Parari,PB,Nordeste,-7.3179,-36.6542,81.9,0,81.9,0,0,0,False
251070,Passagem,PB,Nordeste,-7.1373,-37.0475,155,0,35,0,0,5,False
251080,Patos,PB,Nordeste,-7.0264,-37.2768,120,0,0,5,12,66,False
251090,Paulista,PB,Nordeste,-6.5937,-37.6242,180,0,60,0,0,4,False
251100,Pedra Branca,PB,Nordeste,-7.4268,-38.0683,190,0,100,0,1,1,False
251110,Pedra Lavrada,PB,Nordeste,-6.7556,-36.4646,85,0,85,0,0,2,False
251120,Pedras de Fogo,PB,Nordeste,-7.4018,-35.1157,60,0,60,0,4,26,False
251130,Piancó,PB,Nordeste,-7.1988,-37.9286,180,0,60,0,1,8,False
251140,Picuí,PB,Nordeste,-6.5088,-36.3512,120,0,120,0,5,16,False
251150,Pilar,PB,Nordeste,-7.2669,-35.2591,60,0,60,0,0,9,False
251160,Pilões,PB,Nordeste,-6.8688,-35.6137,105,0,105,0,0,4,False
251170,Pilõezinhos,PB,Nordeste,-6.8429,-35.5312,85,0,85,0,1,1,False
251180,Pirpirituba,PB,Nordeste,-6.7812,-35.4962,85,0,85,0,0,7,False
251190,Pitimbu,PB,Nordeste,-7.4733,-34.8082,100,0,100,0,2,11,False
251200,Pocinhos,PB,Nordeste,-7.0775,-36.0588,40,0,40,0,2,8,False
251203,Poço Dantas,PB,Nordeste,-6.4052,-38.4977,196,0,175,0,2,2,False
251207,Poço de José de Moura,PB,Nordeste,-6.5764,-38.5113,156,0,155,0,0,1,False
251210,Pombal,PB,Nordeste,-6.7712,-37.7986,170,0,50,0,3,19,False
251220,Prata,PB,Nordeste,-7.6948,-37.0844,110,0,100,0,1,1,False
251230,Princesa Isabel,PB,Nordeste,-7.7352,-37.9944,160,0,120,0,4,12,False
251240,Puxinanã,PB,Nordeste,-7.147,-35.9634,30,0,30,0,2,13,False
251250,Queimadas,PB,Nordeste,-7.3623,-35.9001,20,0,20,0,3,39,True
251260,Quixaba,PB,Nordeste,-7.031,-37.1479,140,0,20,0,0,0,False
251270,Remígio,PB,Nordeste,-6.9657,-35.7953,40,0,40,0,1,10,False
251272,Pedro Régis,PB,Nordeste,-6.6382,-35.2912,100,0,100,0,0,7,False
251274,Riachão,PB,Nordeste,-6.541,-35.6597,123.7,0,108.7,0,2,0,False
251275,Riachão do Bacamarte,PB,Nordeste,-7.25,-35.6631,20,0,20,0,1,3,False
251276,Riachão do Poço,PB,Nordeste,-7.1466,-35.2642,54.4,0,54.4,0,2,4,False
251278,Riacho de Santo Antônio,PB,Nordeste,-7.6938,-36.1569,40,0,40,0,0,2,False
251280,Riacho dos Cavalos,PB,Nordeste,-6.4358,-37.6522,225,0,130,0,3,2,False
251290,Rio Tinto,PB,Nordeste,-6.8107,-35.0756,60,0,60,0,3,17,False
251300,Salgadinho,PB,Nordeste,-7.1026,-36.8442,180,0,60,0,0,3,False
251310,Salgado de São Félix,PB,Nordeste,-7.3556,-35.4346,70,0,70,0,1,9,False
251315,Santa Cecília,PB,Nordeste,-7.7441,-35.8794,120,0,120,0,0,7,False
251320,Santa Cruz,PB,Nordeste,-6.5343,-38.0614,188,0,130,0,0,5,False
251330,Santa Helena,PB,Nordeste,-6.7219,-38.6405,130.1,0,105.1,0,0,2,False
251335,Santa Inês,PB,Nordeste,-7.6271,-38.5593,135,0,105,0,0,1,False
251340,Santa Luzia,PB,Nordeste,-6.8695,-36.9186,100,0,30,0,2,15,False
251350,Santana de Mangueira,PB,Nordeste,-7.5515,-38.3369,150,0,120,0,0,3,False
251360,Santana dos Garrotes,PB,Nordeste,-7.3829,-37.9906,200,0,80,0,2,4,False
251365,Joca Claudino,PB,Nordeste,-6.4849,-38.4775,176,0,155,0,0,1,False
251370,Santa Rita,PB,Nordeste,-7.1205,-34.9764,60,0,60,0,31,115,True
251380,Santa Teresinha,PB,Nordeste,-7.0852,-37.4439,135,0,15,0,1,2,False
251385,Santo André,PB,Nordeste,-7.2192,-36.631,97.6,0,97.6,0,0,3,False
251390,São Bento,PB,Nordeste,-6.491,-37.4504,190,0,76,0,2,13,False
251392,São Bentinho,PB,Nordeste,-6.8905,-37.7269,155,0,35,0,0,0,False
251394,São Domingos do Cariri,PB,Nordeste,-7.633,-36.4313,60,0,60,0,0,1,False
251396,São Domingos,PB,Nordeste,-6.815,-37.9418,168,0,95,0,0,2,False
251398,São Francisco,PB,Nordeste,-6.6197,-38.0949,174,0,110,0,0,4,False
251400,São João do Cariri,PB,Nordeste,-7.3919,-36.5324,60,0,60,0,3,0,False
251410,São João do Tigre,PB,Nordeste,-8.0806,-36.8484,160,0,220,0,0,3,False
251420,São José da Lagoa Tapada,PB,Nordeste,-6.9405,-38.1646,193,0,95,0,1,6,False
251430,São José de Caiana,PB,Nordeste,-7.2515,-38.3005,195,0,115,0,0,2,False
251440,São José de Espinharas,PB,Nordeste,-6.8473,-37.3263,165,0,45,0,0,1,False
251445,São José dos Ramos,PB,Nordeste,-7.2491,-35.3803,55,0,55,0,1,4,False
251450,São José de Piranhas,PB,Nordeste,-7.1196,-38.4994,146,0,145,0,1,21,False
251455,São José de Princesa,PB,Nordeste,-7.7404,-38.0981,180,0,140,0,0,1,False
251460,São José do Bonfim,PB,Nordeste,-7.1621,-37.3089,135,0,15,0,0,2,False
251465,São José do Brejo do Cruz,PB,Nordeste,-6.2133,-37.3554,175.7,0,105.7,0,0,0,False
251470,São José do Sabugi,PB,Nordeste,-6.775,-36.7952,123.9,0,53.9,0,0,1,False
251480,São José dos Cordeiros,PB,Nordeste,-7.3911,-36.8065,110,0,110,0,1,1,False
251490,São Mamede,PB,Nordeste,-6.9273,-37.0965,110,0,15,0,4,4,False
251500,São Miguel de Taipu,PB,Nordeste,-7.2505,-35.2089,40,0,40,0,0,3,False
251510,São Sebastião de Lagoa de Roça,PB,Nordeste,-7.1033,-35.8663,20,0,20,0,2,4,False
251520,São Sebastião do Umbuzeiro,PB,Nordeste,-8.1533,-37.0086,135,0,135,0,0,3,False
251530,Sapé,PB,Nordeste,-7.0962,-35.2302,45,0,45,0,11,33,False
251540,São Vicente do Seridó,PB,Nordeste,-6.9344,-36.4025,60,0,60,0,1,4,False
251550,Serra Branca,PB,Nordeste,-7.4833,-36.66,80,0,80,0,0,6,False
251560,Serra da Raiz,PB,Nordeste,-6.6875,-35.4429,115,0,115,0,0,3,False
251570,Serra Grande,PB,Nordeste,-7.2147,-38.3684,195,0,130,0,0,2,False
251580,Serra Redonda,PB,Nordeste,-7.1863,-35.6805,15,0,15,0,0,7,False
251590,Serraria,PB,Nordeste,-6.8201,-35.6416,85,0,85,0,2,5,False
251593,Sertãozinho,PB,Nordeste,-6.7531,-35.4399,100,0,100,0,1,2,False
251597,Sobrado,PB,Nordeste,-7.1469,-35.2381,58.4,0,58.4,0,0,2,False
251600,Solânea,PB,Nordeste,-6.7626,-35.6559,70,0,70,0,3,21,False
251610,Soledade,PB,Nordeste,-7.0599,-36.3636,40,0,40,0,5,8,False
251615,Sossêgo,PB,Nordeste,-6.7672,-36.2475,170,0,170,0,2,4,False
251620,Sousa,PB,Nordeste,-6.7586,-38.229,133,0,95,0,10,61,True
251630,Sumé,PB,Nordeste,-7.6721,-36.8791,80,0,80,0,4,12,False
251640,Tacima,PB,Nordeste,-6.4883,-35.6398,115,0,100,0,1,8,False
251650,Taperoá,PB,Nordeste,-7.2112,-36.8242,85,0,60,0,5,13,False
251660,Tavares,PB,Nordeste,-7.6338,-37.8765,175,0,115,0,1,2,False
251670,Teixeira,PB,Nordeste,-7.222,-37.254,115,0,35,0,1,8,False
251675,Tenório,PB,Nordeste,-6.9402,-36.6276,81.4,0,60.8,0,0,3,False
251680,Triunfo,PB,Nordeste,-6.5786,-38.5978,160.1,0,135.1,0,0,6,False
251690,Uiraúna,PB,Nordeste,-6.5212,-38.411,156,0,135,0,1,6,False
251700,Umbuzeiro,PB,Nordeste,-7.6969,-35.6627,80,0,80,0,4,10,False
251710,Várzea,PB,Nordeste,-6.7719,-36.9929,170,0,100,0,0,0,False
251720,Vieirópolis,PB,Nordeste,-6.5446,-38.2774,168,0,130,0,1,1,False
251740,Zabelê,PB,Nordeste,-8.0751,-37.098,125,0,125,0,2,3,False
260005,Abreu e Lima,PE,Nordeste,-7.9038,-34.9014,60,0,60,0,23,49,False
260010,Afogados da Ingazeira,PE,Nordeste,-7.7498,-37.6381,150,0,120,0,12,24,True
260020,Afrânio,PE,Nordeste,-8.5159,-41.0059,135,0,80,0,3,8,False
260030,Agrestina,PE,Nordeste,-8.4555,-35.9476,20,0,75,0,3,18,False
260040,Água Preta,PE,Nordeste,-8.7066,-35.521,75,0,15,0,4,19,False
260050,Águas Belas,PE,Nordeste,-9.112,-37.1224,120,0,60,0,3,35,False
260060,Alagoinha,PE,Nordeste,-8.4663,-36.7754,90,0,150,0,2,16,False
260070,Aliança,PE,Nordeste,-7.6028,-35.2302,80,0,80,0,5,35,False
260080,Altinho,PE,Nordeste,-8.4903,-36.0606,30,0,90,0,3,13,False
260090,Amaraji,PE,Nordeste,-8.3785,-35.4513,75,0,50,0,5,7,False
260100,Angelim,PE,Nordeste,-8.8897,-36.2834,70,0,85,0,1,2,False
260105,Araçoiaba,PE,Nordeste,-7.7892,-35.0916,60,0,60,0,0,15,False
260110,Araripina,PE,Nordeste,-7.5785,-40.5014,93,0,0,10,18,84,False
260120,Arcoverde,PE,Nordeste,-8.421,-37.0547,90,0,150,0,13,68,True
260130,Barra de Guabiraba,PE,Nordeste,-8.4215,-35.6636,60,0,80,0,2,7,False
260140,Barreiros,PE,Nordeste,-8.8133,-35.1971,90,0,40,0,11,31,False
260150,Belém de Maria,PE,Nordeste,-8.6234,-35.8427,60,0,30,0,3,7,False
260160,Belém do São Francisco,PE,Nordeste,-8.7569,-38.9651,155,0,150,0,4,14,False
260170,Belo Jardim,PE,Nordeste,-8.3344,-36.4202,40,0,100,0,11,70,False
260180,Betânia,PE,Nordeste,-8.2741,-38.0341,240,0,215,0,2,13,False
260190,Bezerros,PE,Nordeste,-8.235,-35.7524,20,0,50,0,10,29,False
260200,Bodocó,PE,Nordeste,-7.7796,-39.9384,150,0,60,0,10,28,False
260210,Bom Conselho,PE,Nordeste,-9.1699,-36.6799,60,0,60,0,5,27,False
260220,Bom Jardim,PE,Nordeste,-7.798,-35.5882,105,0,70,0,8,27,False
260230,Bonito,PE,Nordeste,-8.4727,-35.7273,50,0,55,0,6,38,False
260240,Brejão,PE,Nordeste,-9.0292,-36.5686,90,0,100,0,6,13,False
260250,Brejinho,PE,Nordeste,-7.3491,-37.2858,130,0,50,0,1,4,False
260260,Brejo da Madre de Deus,PE,Nordeste,-8.1458,-36.3706,80,0,140,0,5,57,False
260270,Buenos Aires,PE,Nordeste,-7.7245,-35.3261,80,0,75,0,1,7,False
260280,Buíque,PE,Nordeste,-8.6236,-37.1557,115,0,145,0,13,46,False
260290,Cabo de Santo Agostinho,PE,Nordeste,-8.2869,-35.0326,60,0,40,0,26,153,False
260300,Cabrobó,PE,Nordeste,-8.5141,-39.3105,145,0,120,0,3,27,False
260310,Cachoeirinha,PE,Nordeste,-8.4899,-36.2365,35,0,95,0,1,12,False
260320,Caetés,PE,Nordeste,-8.7748,-36.6237,95,0,135,0,7,27,False
260330,Calçado,PE,Nordeste,-8.742,-36.3385,65,0,125,0,0,4,False
260340,Calumbi,PE,Nordeste,-7.9402,-38.1509,175,0,145,0,3,8,False
260345,Camaragibe,PE,Nordeste,-8.0226,-34.9924,60,0,60,0,29,126,False
260350,Camocim de São Félix,PE,Nordeste,-8.3616,-35.7634,40,0,75,0,2,10,False
260360,Camutanga,PE,Nordeste,-7.4074,-35.2747,110,0,110,0,0,5,False
260370,Canhotinho,PE,Nordeste,-8.8816,-36.1909,60,0,75,0,2,22,False
260380,Capoeiras,PE,Nordeste,-8.7371,-36.6265,100,0,140,0,5,13,False
260390,Carnaíba,PE,Nordeste,-7.8077,-37.7943,180,0,140,0,2,10,False
260392,Carnaubeira da Penha,PE,Nordeste,-8.3189,-38.7433,165,0,155,0,3,14,False
260400,Carpina,PE,Nordeste,-7.8441,-35.2563,60,0,55,0,12,43,False
260410,Caruaru,PE,Nordeste,-8.2847,-35.9713,0,1,60,0,59,308,True
260415,Casinhas,PE,Nordeste,-7.7421,-35.7251,100,0,100,0,1,9,False
260420,Catende,PE,Nordeste,-8.6702,-35.7203,60,0,20,0,3,16,False
260430,Cedro,PE,Nordeste,-7.7211,-39.237,45,0,45,0,1,8,False
260440,Chã de Alegria,PE,Nordeste,-7.9995,-35.2121,50,0,25,0,0,13,False
260450,Chã Grande,PE,Nordeste,-8.2391,-35.462,50,0,25,0,2,20,False
260460,Condado,PE,Nordeste,-7.5874,-35.1043,60,0,60,0,5,10,False
260470,Correntes,PE,Nordeste,-9.1294,-36.328,120,0,120,0,1,15,False
260480,Cortês,PE,Nordeste,-8.4729,-35.5429,70,0,65,0,0,8,False
260490,Cumaru,PE,Nordeste,-8.0099,-35.6974,40,0,90,0,0,8,False
260500,Cupira,PE,Nordeste,-8.609,-35.9501,30,0,70,0,1,11,False
260510,Custódia,PE,Nordeste,-8.0898,-37.6422,150,0,200,0,3,26,False
260515,Dormentes,PE,Nordeste,-8.4486,-40.7663,375,0,160,0,7,20,False
260520,Escada,PE,Nordeste,-8.3696,-35.2406,40,0,40,0,7,32,False
260530,Exu,PE,Nordeste,-7.5112,-39.7221,120,0,60,0,2,32,False
260540,Feira Nova,PE,Nordeste,-7.9507,-35.388,70,0,30,0,3,13,False
260545,Fernando de Noronha,PE,Nordeste,-3.8413,-32.4109,600,0,600,0,0,1,False
260550,Ferreiros,PE,Nordeste,-7.4482,-35.2467,120,0,120,0,1,4,False
260560,Flores,PE,Nordeste,-7.8671,-37.9744,175,0,135,0,0,18,False
260570,Floresta,PE,Nordeste,-8.6019,-38.5688,185,0,180,0,8,36,False
260580,Frei Miguelinho,PE,Nordeste,-7.9411,-35.921,80,0,130,0,2,8,False
260590,Gameleira,PE,Nordeste,-8.5846,-35.3874,70,0,30,0,3,9,False
260600,Garanhuns,PE,Nordeste,-8.8907,-36.493,70,0,110,0,20,137,True
260610,Glória do Goitá,PE,Nordeste,-8.0031,-35.2935,60,0,20,0,6,18,False
260620,Goiana,PE,Nordeste,-7.5582,-34.9986,40,0,40,0,15,58,False
260630,Granito,PE,Nordeste,-7.7165,-39.6158,160,0,100,0,0,11,False
260640,Gravatá,PE,Nordeste,-8.2046,-35.5704,40,0,30,0,12,59,False
260650,Iati,PE,Nordeste,-9.0421,-36.8488,130,0,100,0,2,14,False
260660,Ibimirim,PE,Nordeste,-8.5387,-37.6887,150,0,190,0,8,19,False
260670,Ibirajuba,PE,Nordeste,-8.5797,-36.1781,55,0,115,0,1,5,False
260680,Igarassu,PE,Nordeste,-7.8332,-34.9065,60,0,60,0,10,92,False
260690,Iguaracy,PE,Nordeste,-7.8357,-37.5152,170,0,140,0,2,6,False
260700,Inajá,PE,Nordeste,-8.9011,-37.8245,190,0,150,0,0,13,False
260710,Ingazeira,PE,Nordeste,-7.6766,-37.459,170,0,140,0,1,2,False
260720,Ipojuca,PE,Nordeste,-8.4002,-35.0637,60,0,60,0,19,95,True
260730,Ipubi,PE,Nordeste,-7.6509,-40.1474,133,0,40,0,3,25,False
260740,Itacuruba,PE,Nordeste,-8.7275,-38.6849,185,0,180,0,1,2,False
260750,Itaíba,PE,Nordeste,-8.9472,-37.4228,150,0,90,0,2,24,False
260760,Ilha de Itamaracá,PE,Nordeste,-7.7481,-34.8246,60,0,60,0,0,12,False
260765,Itambé,PE,Nordeste,-7.4046,-35.12,70,0,70,0,6,23,False
260770,Itapetim,PE,Nordeste,-7.3798,-37.1891,160,0,80,0,1,15,False
260775,Itapissuma,PE,Nordeste,-7.7745,-34.8912,60,0,60,0,10,28,False
260780,Itaquitinga,PE,Nordeste,-7.6669,-35.1008,75,0,75,0,1,11,False
260790,Jaboatão dos Guararapes,PE,Nordeste,-8.1512,-34.923,60,0,0,30,126,491,False
260795,Jaqueira,PE,Nordeste,-8.7296,-35.7966,70,0,30,0,0,8,False
260800,Jataúba,PE,Nordeste,-7.9854,-36.4985,100,0,100,0,4,19,False
260805,Jatobá,PE,Nordeste,-9.1849,-38.2691,165,0,145,0,1,14,False
260810,João Alfredo,PE,Nordeste,-7.8588,-35.5919,105,0,70,0,3,21,False
260820,Joaquim Nabuco,PE,Nordeste,-8.6266,-35.5234,70,0,10,0,1,11,False
260825,Jucati,PE,Nordeste,-8.7061,-36.4879,70,0,130,0,1,5,False
260830,Jupi,PE,Nordeste,-8.7109,-36.4153,55,0,115,0,2,14,False
260840,Jurema,PE,Nordeste,-8.7196,-36.1367,60,0,90,0,3,14,False
260845,Lagoa do Carro,PE,Nordeste,-7.844,-35.3108,70,0,50,0,4,15,False
260850,Lagoa de Itaenga,PE,Nordeste,-7.9274,-35.2954,80,0,45,0,1,9,False
260860,Lagoa do Ouro,PE,Nordeste,-9.1245,-36.4588,130,0,170,0,4,7,False
260870,Lagoa dos Gatos,PE,Nordeste,-8.6542,-35.9036,40,0,55,0,7,10,False
260875,Lagoa Grande,PE,Nordeste,-8.9974,-40.2724,228,0,35,0,3,34,False
260880,Lajedo,PE,Nordeste,-8.6613,-36.3236,40,0,100,0,6,38,False
260890,Limoeiro,PE,Nordeste,-7.8806,-35.4563,75,0,40,0,5,38,True
260900,Macaparana,PE,Nordeste,-7.5562,-35.453,130,0,130,0,2,15,False
260910,Machados,PE,Nordeste,-7.6838,-35.5153,105,0,70,0,1,9,False
260915,Manari,PE,Nordeste,-8.9633,-37.626,175,0,120,0,3,12,False
260920,Maraial,PE,Nordeste,-8.7842,-35.8125,80,0,40,0,1,10,False
260930,Mirandiba,PE,Nordeste,-8.1193,-38.7292,145,0,135,0,1,20,False
260940,Moreno,PE,Nordeste,-8.1185,-35.1013,55,0,15,0,12,34,False
260950,Nazaré da Mata,PE,Nordeste,-7.743,-35.227,80,0,75,0,5,16,True
260960,Olinda,PE,Nordeste,-8.0183,-34.8522,60,0,60,0,102,300,True
260970,Orobó,PE,Nordeste,-7.748,-35.6037,95,0,85,0,3,13,False
260980,Orocó,PE,Nordeste,-8.6192,-39.6014,175,0,90,0,0,15,False
260990,Ouricuri,PE,Nordeste,-7.8836,-40.0806,133,0,40,0,14,62,True
261000,Palmares,PE,Nordeste,-8.6879,-35.5939,60,0,0,5,11,42,False
261010,Palmeirina,PE,Nordeste,-9.0041,-36.3264,90,0,105,0,0,5,False
261020,Panelas,PE,Nordeste,-8.6641,-36.006,40,0,85,0,2,16,False
261030,Paranatama,PE,Nordeste,-8.9215,-36.6576,100,0,140,0,1,9,False
261040,Parnamirim,PE,Nordeste,-8.0892,-39.5764,135,0,80,0,2,15,False
261050,Passira,PE,Nordeste,-7.9783,-35.5825,60,0,70,0,3,24,False
261060,Paudalho,PE,Nordeste,-7.8957,-35.1781,40,0,35,0,14,43,False
261070,Paulista,PE,Nordeste,-7.9409,-34.8797,60,0,60,0,42,204,False
261080,Pedra,PE,Nordeste,-8.5006,-36.9463,110,0,170,0,6,27,False
261090,Pesqueira,PE,Nordeste,-8.3591,-36.7014,70,0,130,0,14,55,False
261100,Petrolândia,PE,Nordeste,-8.9802,-38.2184,185,0,160,0,8,37,False
261110,Petrolina,PE,Nordeste,-9.3998,-40.5,215,0,0,6,74,450,False
261120,Poção,PE,Nordeste,-8.1863,-36.7036,100,0,160,0,5,14,False
261130,Pombos,PE,Nordeste,-8.1406,-35.3972,45,0,20,0,5,22,False
261140,Primavera,PE,Nordeste,-8.3314,-35.3518,70,0,60,0,2,4,False
261150,Quipapá,PE,Nordeste,-8.8291,-36.0135,50,0,70,0,5,9,False
261153,Quixaba,PE,Nordeste,-7.7192,-37.8603,180,0,140,0,0,6,False
261160,Recife,PE,Nordeste,-8.0632,-34.8711,0,52,0,83,352,1066,False
261170,Riacho das Almas,PE,Nordeste,-8.1383,-35.8594,20,0,80,0,4,13,False
261180,Ribeirão,PE,Nordeste,-8.5102,-35.3744,60,0,40,0,8,26,False
261190,Rio Formoso,PE,Nordeste,-8.6613,-35.1526,80,0,55,0,5,16,False
261200,Sairé,PE,Nordeste,-8.3291,-35.7089,20,0,60,0,1,4,False
261210,Salgadinho,PE,Nordeste,-7.941,-35.634,75,0,85,0,2,4,False
261220,Salgueiro,PE,Nordeste,-8.0698,-39.1229,95,0,90,0,9,57,True
261230,Saloá,PE,Nordeste,-8.9759,-36.6882,110,0,110,0,2,7,False
261240,Sanharó,PE,Nordeste,-8.3615,-36.5633,60,0,120,0,3,16,False
261245,Santa Cruz,PE,Nordeste,-8.2403,-40.3347,173,0,80,0,4,14,False
261247,Santa Cruz da Baixa Verde,PE,Nordeste,-7.8212,-38.1521,195,0,165,0,2,13,False
261250,Santa Cruz do Capibaribe,PE,Nordeste,-7.9594,-36.2004,60,0,60,0,16,107,False
261255,Santa Filomena,PE,Nordeste,-8.161,-40.6139,203,0,110,0,1,2,False
261260,Santa Maria da Boa Vista,PE,Nordeste,-8.8051,-39.8269,195,0,70,0,4,33,False
261270,Santa Maria do Cambucá,PE,Nordeste,-7.8334,-35.8808,85,0,120,0,3,8,False
261280,Santa Terezinha,PE,Nordeste,-7.3784,-37.4795,145,0,65,0,1,7,False
261290,São Benedito do Sul,PE,Nordeste,-8.81,-35.9338,70,0,50,0,2,7,False
261300,São Bento do Una,PE,Nordeste,-8.5213,-36.4451,70,0,130,0,6,50,False
261310,São Caitano,PE,Nordeste,-8.3273,-36.1373,20,0,80,0,6,33,False
261320,São João,PE,Nordeste,-8.877,-36.3661,80,0,95,0,4,21,False
261330,São Joaquim do Monte,PE,Nordeste,-8.4316,-35.8073,50,0,90,0,4,14,False
261340,São José da Coroa Grande,PE,Nordeste,-8.8986,-35.1451,105,0,55,0,7,15,False
261350,São José do Belmonte,PE,Nordeste,-7.8624,-38.7591,105,0,75,0,4,20,False
261360,São José do Egito,PE,Nordeste,-7.4788,-37.2757,145,0,60,0,9,17,False
261370,São Lourenço da Mata,PE,Nordeste,-7.9964,-35.0402,60,0,55,0,13,88,False
261380,São Vicente Férrer,PE,Nordeste,-7.5907,-35.4892,135,0,130,0,6,13,False
261390,Serra Talhada,PE,Nordeste,-7.9904,-38.301,155,0,125,0,19,78,True
261400,Serrita,PE,Nordeste,-7.9465,-39.2935,85,0,85,0,4,14,False
261410,Sertânia,PE,Nordeste,-8.0756,-37.2665,140,0,120,0,4,33,False
261420,Sirinhaém,PE,Nordeste,-8.5918,-35.1159,60,0,60,0,5,31,False
261430,Moreilândia,PE,Nordeste,-7.6254,-39.5513,150,0,90,0,0,2,False
261440,Solidão,PE,Nordeste,-7.6005,-37.6506,150,0,120,0,1,9,False
261450,Surubim,PE,Nordeste,-7.8366,-35.7595,90,0,95,0,7,35,False
261460,Tabira,PE,Nordeste,-7.5902,-37.5409,120,0,90,0,0,22,False
261470,Tacaimbó,PE,Nordeste,-8.3167,-36.2918,35,0,95,0,3,5,False
261480,Tacaratu,PE,Nordeste,-9.107,-38.152,200,0,180,0,4,16,False
261485,Tamandaré,PE,Nordeste,-8.7468,-35.0937,90,0,60,0,3,23,False
261500,Taquaritinga do Norte,PE,Nordeste,-7.9026,-36.0441,75,0,100,0,4,26,False
261510,Terezinha,PE,Nordeste,-9.0572,-36.624,90,0,90,0,0,2,False
261520,Terra Nova,PE,Nordeste,-8.2302,-39.3758,155,0,130,0,0,5,False
261530,Timbaúba,PE,Nordeste,-7.5129,-35.3173,100,0,100,0,10,39,False
261540,Toritama,PE,Nordeste,-8.0091,-36.0549,50,0,90,0,4,38,False
261550,Tracunhaém,PE,Nordeste,-7.8043,-35.2398,70,0,65,0,0,6,False
261560,Trindade,PE,Nordeste,-7.7618,-40.2636,113,0,20,0,8,29,False
261570,Triunfo,PE,Nordeste,-7.8358,-38.1063,205,0,165,0,1,10,False
261580,Tupanatinga,PE,Nordeste,-8.7537,-37.3396,140,0,120,0,5,21,False
261590,Tuparetama,PE,Nordeste,-7.6025,-37.3105,150,0,80,0,3,8,False
261600,Venturosa,PE,Nordeste,-8.5773,-36.8742,100,0,160,0,1,14,False
261610,Verdejante,PE,Nordeste,-7.9271,-38.97,125,0,120,0,0,15,False
261618,Vertente do Lério,PE,Nordeste,-7.7736,-35.8527,115,0,120,0,1,3,False
261620,Vertentes,PE,Nordeste,-7.904,-35.9881,60,0,110,0,5,16,False
261630,Vicência,PE,Nordeste,-7.656,-35.3229,95,0,90,0,5,17,False
261640,Vitória de Santo Antão,PE,Nordeste,-8.1219,-35.2983,40,0,0,10,17,84,False
261650,Xexéu,PE,Nordeste,-8.8054,-35.6272,75,0,15,0,1,14,False
270010,Água Branca,AL,Nordeste,-9.2616,-37.9366,155,0,100,0,3,19,False
270020,Anadia,AL,Nordeste,-9.6824,-36.3048,90,0,35,0,4,7,False
270030,Arapiraca,AL,Nordeste,-9.7339,-36.6568,55,0,0,20,41,234,False
270040,Atalaia,AL,Nordeste,-9.5022,-36.0225,50,0,50,0,2,39,False
270050,Barra de Santo Antônio,AL,Nordeste,-9.4117,-35.5071,60,0,60,0,2,21,False
270060,Barra de São Miguel,AL,Nordeste,-9.8428,-35.9032,40,0,25,0,1,6,False
270070,Batalha,AL,Nordeste,-9.6764,-37.1241,115,0,60,0,2,15,False
270080,Belém,AL,Nordeste,-9.5705,-36.4932,30,0,30,0,2,3,False
270090,Belo Monte,AL,Nordeste,-9.8287,-37.2802,175,0,120,0,0,4,False
270100,Boca da Mata,AL,Nordeste,-9.6427,-36.22,75,0,50,0,4,15,False
270110,Branquinha,AL,Nordeste,-9.2473,-36.0162,115,0,115,0,0,5,False
270120,Cacimbinhas,AL,Nordeste,-9.3998,-36.9909,50,0,30,0,5,9,False
270130,Cajueiro,AL,Nordeste,-9.3957,-36.1508,60,0,60,0,4,12,False
270135,Campestre,AL,Nordeste,-8.8502,-35.5659,90,0,30,0,0,4,False
270140,Campo Alegre,AL,Nordeste,-9.7854,-36.3524,80,0,35,0,3,25,False
270150,Campo Grande,AL,Nordeste,-9.9584,-36.7902,95,0,40,0,2,7,False
270160,Canapi,AL,Nordeste,-9.1178,-37.605,110,0,50,0,3,6,False
270170,Capela,AL,Nordeste,-9.4155,-36.075,45,0,45,0,0,9,False
270180,Carneiros,AL,Nordeste,-9.4831,-37.3755,110,0,50,0,1,8,False
270190,Chã Preta,AL,Nordeste,-9.2566,-36.2962,90,0,90,0,2,3,False
270200,Coité do Nóia,AL,Nordeste,-9.6334,-36.5769,85,0,30,0,1,6,False
270210,Colônia Leopoldina,AL,Nordeste,-8.9106,-35.7234,90,0,35,0,7,17,False
270220,Coqueiro Seco,AL,Nordeste,-9.6368,-35.7911,40,0,40,0,0,4,False
270230,Coruripe,AL,Nordeste,-10.1268,-36.1757,85,0,0,9,9,28,False
270235,Craíbas,AL,Nordeste,-9.6185,-36.7679,95,0,40,0,6,18,False
270240,Delmiro Gouveia,AL,Nordeste,-9.3857,-37.9982,145,0,85,0,13,37,True
270250,Dois Riachos,AL,Nordeste,-9.3863,-37.0895,65,0,20,0,3,7,False
270255,Estrela de Alagoas,AL,Nordeste,-9.3902,-36.7587,30,0,30,0,1,14,False
270260,Feira Grande,AL,Nordeste,-9.9008,-36.6777,100,0,45,0,5,13,False
270270,Feliz Deserto,AL,Nordeste,-10.2916,-36.3055,70,0,20,0,0,3,False
270280,Flexeiras,AL,Nordeste,-9.2768,-35.7233,60,0,60,0,0,13,False
270290,Girau do Ponciano,AL,Nordeste,-9.885,-36.8302,85,0,30,0,7,25,False
270300,Ibateguara,AL,Nordeste,-8.972,-35.9274,120,0,120,0,5,8,False
270310,Igaci,AL,Nordeste,-9.5338,-36.6301,30,0,30,0,3,17,False
270320,Igreja Nova,AL,Nordeste,-10.1285,-36.6567,110,0,60,0,2,16,False
270330,Inhapi,AL,Nordeste,-9.2229,-37.7473,140,0,80,0,3,9,False
270340,Jacaré dos Homens,AL,Nordeste,-9.6364,-37.2063,110,0,50,0,1,4,False
270350,Jacuípe,AL,Nordeste,-8.8404,-35.4579,145,0,95,0,0,3,False
270360,Japaratinga,AL,Nordeste,-9.0884,-35.2583,130,0,80,0,3,9,False
270370,Jaramataia,AL,Nordeste,-9.6596,-37.0009,100,0,45,0,0,5,False
270375,Jequiá da Praia,AL,Nordeste,-10.0118,-36.0234,80,0,40,0,1,9,False
270380,Joaquim Gomes,AL,Nordeste,-9.136,-35.7482,85,0,45,0,2,8,False
270390,Jundiá,AL,Nordeste,-8.9424,-35.5539,145,0,95,0,0,1,False
270400,Junqueiro,AL,Nordeste,-9.9323,-36.4732,90,0,35,0,5,17,False
270410,Lagoa da Canoa,AL,Nordeste,-9.8287,-36.735,95,0,40,0,5,19,False
270420,Limoeiro de Anadia,AL,Nordeste,-9.7392,-36.5031,85,0,30,0,1,15,False
270430,Maceió,AL,Nordeste,-9.6599,-35.7406,0,16,0,39,180,788,False
270440,Major Isidoro,AL,Nordeste,-9.5308,-36.9855,70,0,60,0,3,12,False
270450,Maragogi,AL,Nordeste,-9.0121,-35.2211,120,0,70,0,2,33,False
270460,Maravilha,AL,Nordeste,-9.2323,-37.3492,90,0,30,0,1,6,False
270470,Marechal Deodoro,AL,Nordeste,-9.7184,-35.8938,60,0,35,0,8,64,False
270480,Maribondo,AL,Nordeste,-9.5813,-36.3086,50,0,50,0,1,9,False
270490,Mar Vermelho,AL,Nordeste,-9.4487,-36.3875,85,0,85,0,0,8,False
270500,Mata Grande,AL,Nordeste,-9.1189,-37.7314,160,0,100,0,1,19,False
270510,Matriz de Camaragibe,AL,Nordeste,-9.1583,-35.5344,90,0,90,0,4,26,False
270520,Messias,AL,Nordeste,-9.3948,-35.8396,60,0,60,0,5,18,False
270530,Minador do Negrão,AL,Nordeste,-9.3064,-36.8658,45,0,45,0,1,3,False
270540,Monteirópolis,AL,Nordeste,-9.6041,-37.2484,110,0,50,0,0,10,False
270550,Murici,AL,Nordeste,-9.3134,-35.9445,70,0,70,0,2,24,False
270560,Novo Lino,AL,Nordeste,-8.9411,-35.6643,90,0,30,0,0,8,False
270570,Olho d'Água das Flores,AL,Nordeste,-9.5381,-37.2929,90,0,30,0,4,23,False
270580,Olho d'Água do Casado,AL,Nordeste,-9.5023,-37.8329,120,0,60,0,1,8,False
270590,Olho d'Água Grande,AL,Nordeste,-10.0572,-36.8141,110,0,55,0,1,5,False
270600,Olivença,AL,Nordeste,-9.5111,-37.1945,90,0,30,0,1,12,False
270610,Ouro Branco,AL,Nordeste,-9.1621,-37.3589,100,0,40,0,3,11,False
270620,Palestina,AL,Nordeste,-9.6716,-37.3295,120,0,60,0,3,3,False
270630,Palmeira dos Índios,AL,Nordeste,-9.406,-36.631,0,8,0,8,17,49,False
270640,Pão de Açúcar,AL,Nordeste,-9.7492,-37.4351,130,0,70,0,2,29,False
270642,Pariconha,AL,Nordeste,-9.2535,-38.0055,165,0,105,0,3,9,False
270644,Paripueira,AL,Nordeste,-9.4652,-35.5516,40,0,40,0,2,12,False
270650,Passo de Camaragibe,AL,Nordeste,-9.2424,-35.4907,80,0,80,0,3,14,False
270660,Paulo Jacinto,AL,Nordeste,-9.3707,-36.3728,45,0,45,0,1,2,False
270670,Penedo,AL,Nordeste,-10.2892,-36.586,105,0,70,0,13,50,True
270680,Piaçabuçu,AL,Nordeste,-10.407,-36.4362,95,0,40,0,3,16,False
270690,Pilar,AL,Nordeste,-9.6073,-35.9548,40,0,40,0,6,30,False
270700,Pindoba,AL,Nordeste,-9.4742,-36.2892,105,0,105,0,0,1,False
270710,Piranhas,AL,Nordeste,-9.6245,-37.758,140,0,80,0,10,15,False
270720,Poço das Trincheiras,AL,Nordeste,-9.306,-37.285,80,0,20,0,0,18,False
270730,Porto Calvo,AL,Nordeste,-9.0551,-35.3984,110,0,60,0,5,17,True
270740,Porto de Pedras,AL,Nordeste,-9.1604,-35.2972,110,0,110,0,1,7,False
270750,Porto Real do Colégio,AL,Nordeste,-10.1852,-36.836,88,0,65,0,1,16,False
270760,Quebrangulo,AL,Nordeste,-9.3215,-36.4738,30,0,30,0,2,4,False
270770,Rio Largo,AL,Nordeste,-9.5075,-35.8182,60,0,60,0,12,92,False
270780,Roteiro,AL,Nordeste,-9.8335,-35.9784,110,0,50,0,4,8,False
270790,Santa Luzia do Norte,AL,Nordeste,-9.6033,-35.8231,60,0,60,0,0,7,False
270800,Santana do Ipanema,AL,Nordeste,-9.3722,-37.2431,60,0,0,10,4,52,False
270810,Santana do Mundaú,AL,Nordeste,-9.1708,-36.2217,130,0,130,0,0,4,False
270820,São Brás,AL,Nordeste,-10.1268,-36.8986,100,0,80,0,0,3,False
270830,São José da Laje,AL,Nordeste,-9.0071,-36.0565,80,0,100,0,2,13,False
270840,São José da Tapera,AL,Nordeste,-9.5577,-37.3808,90,0,30,0,8,20,False
270850,São Luís do Quitunde,AL,Nordeste,-9.3159,-35.5617,60,0,60,0,2,26,False
270860,São Miguel dos Campos,AL,Nordeste,-9.7802,-36.1052,60,0,0,8,6,39,False
270870,São Miguel dos Milagres,AL,Nordeste,-9.2656,-35.3727,110,0,110,0,0,15,False
270880,São Sebastião,AL,Nordeste,-9.9344,-36.5543,80,0,25,0,7,19,False
270890,Satuba,AL,Nordeste,-9.5726,-35.8256,50,0,50,0,2,19,False
270895,Senador Rui Palmeira,AL,Nordeste,-9.4649,-37.4542,110,0,50,0,1,8,False
270900,Tanque d'Arca,AL,Nordeste,-9.5334,-36.4371,40,0,40,0,2,5,False
270910,Taquarana,AL,Nordeste,-9.6455,-36.4962,70,0,35,0,4,18,False
270915,Teotônio Vilela,AL,Nordeste,-9.9078,-36.3521,90,0,40,0,7,19,False
270920,Traipu,AL,Nordeste,-9.971,-37.0031,115,0,60,0,3,17,False
270930,União dos Palmares,AL,Nordeste,-9.1583,-36.0324,95,0,95,0,11,46,True
270940,Viçosa,AL,Nordeste,-9.3747,-36.2432,65,0,65,0,3,21,False
280010,Amparo do São Francisco,SE,Nordeste,-10.1301,-36.9269,95,0,75,0,0,0,False
280020,Aquidabã,SE,Nordeste,-10.2874,-37.0217,70,0,70,0,4,23,False
280030,Aracaju,SE,Nordeste,-10.9444,-37.069,0,32,0,64,129,548,False
280040,Arauá,SE,Nordeste,-11.263,-37.6198,30,0,80,0,0,9,False
280050,Areia Branca,SE,Nordeste,-10.759,-37.3145,30,0,30,0,0,11,False
280060,Barra dos Coqueiros,SE,Nordeste,-10.9074,-37.039,60,0,60,0,5,40,False
280067,Boquim,SE,Nordeste,-11.1478,-37.6263,0,2,60,0,3,13,False
280070,Brejo Grande,SE,Nordeste,-10.4287,-36.4665,105,0,70,0,1,6,False
280100,Campo do Brito,SE,Nordeste,-10.7496,-37.4941,68,0,68,0,3,8,False
280110,Canhoba,SE,Nordeste,-10.1374,-36.9711,100,0,80,0,0,6,False
280120,Canindé de São Francisco,SE,Nordeste,-9.6605,-37.7901,125,0,100,0,4,31,False
280130,Capela,SE,Nordeste,-10.5048,-37.0552,55,0,55,0,6,38,False
280140,Carira,SE,Nordeste,-10.3603,-37.7012,108,0,108,0,3,13,False
280150,Carmópolis,SE,Nordeste,-10.6485,-36.9849,45,0,45,0,3,10,False
280160,Cedro de São João,SE,Nordeste,-10.2507,-36.8814,75,0,75,0,1,3,False
280170,Cristinápolis,SE,Nordeste,-11.4753,-37.7558,50,0,100,0,1,19,False
280190,Cumbe,SE,Nordeste,-10.3547,-37.1829,60,0,60,0,1,0,False
280200,Divina Pastora,SE,Nordeste,-10.6783,-37.1485,55,0,55,0,1,7,False
280210,Estância,SE,Nordeste,-11.2682,-37.4378,30,0,60,0,9,76,True
280220,Feira Nova,SE,Nordeste,-10.2645,-37.3107,80,0,80,0,1,9,False
280230,Frei Paulo,SE,Nordeste,-10.5502,-37.5353,70,0,70,0,1,13,False
280240,Gararu,SE,Nordeste,-9.9675,-37.0821,105,0,105,0,6,6,False
280250,General Maynard,SE,Nordeste,-10.6882,-36.9847,50,0,50,0,0,4,False
280260,Graccho Cardoso,SE,Nordeste,-10.2282,-37.1971,90,0,90,0,0,3,False
280270,Ilha das Flores,SE,Nordeste,-10.4349,-36.5372,105,0,90,0,1,11,False
280280,Indiaroba,SE,Nordeste,-11.525,-37.5082,55,0,80,0,3,16,False
280290,Itabaiana,SE,Nordeste,-10.6856,-37.4271,48,0,48,0,19,80,True
280300,Itabaianinha,SE,Nordeste,-11.2758,-37.7866,50,0,100,0,7,33,False
280310,Itabi,SE,Nordeste,-10.1262,-37.1015,85,0,85,0,0,2,False
280320,Itaporanga d'Ajuda,SE,Nordeste,-10.996,-37.3048,30,0,30,0,5,26,False
280330,Japaratuba,SE,Nordeste,-10.5935,-36.9411,45,0,45,0,1,8,False
280340,Japoatã,SE,Nordeste,-10.3472,-36.8006,75,0,75,0,2,17,False
280350,Lagarto,SE,Nordeste,-10.9142,-37.6714,40,0,65,0,19,63,True
280360,Laranjeiras,SE,Nordeste,-10.8041,-37.166,15,0,15,0,9,25,False
280370,Macambira,SE,Nordeste,-10.667,-37.5399,78,0,78,0,2,4,False
280380,Malhada dos Bois,SE,Nordeste,-10.3435,-36.9194,65,0,65,0,0,8,False
280390,Malhador,SE,Nordeste,-10.6575,-37.3057,45,0,45,0,5,10,False
280400,Maruim,SE,Nordeste,-10.738,-37.0821,30,0,30,0,5,14,False
280410,Moita Bonita,SE,Nordeste,-10.5797,-37.3424,60,0,60,0,2,9,False
280420,Monte Alegre de Sergipe,SE,Nordeste,-10.0281,-37.562,90,0,90,0,1,19,False
280430,Muribeca,SE,Nordeste,-10.4227,-36.9567,60,0,60,0,2,8,False
280440,Neópolis,SE,Nordeste,-10.3163,-36.5774,95,0,95,0,2,14,False
280445,Nossa Senhora Aparecida,SE,Nordeste,-10.3969,-37.454,60,0,60,0,2,9,False
280450,Nossa Senhora da Glória,SE,Nordeste,-10.2193,-37.42,85,0,85,0,2,34,True
280460,Nossa Senhora das Dores,SE,Nordeste,-10.4927,-37.1933,70,0,70,0,4,16,False
280470,Nossa Senhora de Lourdes,SE,Nordeste,-10.0783,-37.0573,90,0,90,0,0,7,False
280480,Nossa Senhora do Socorro,SE,Nordeste,-10.8479,-37.1282,60,0,60,0,59,199,False
280490,Pacatuba,SE,Nordeste,-10.4505,-36.647,90,0,90,0,3,8,False
280500,Pedra Mole,SE,Nordeste,-10.617,-37.687,93,0,93,0,0,1,False
280510,Pedrinhas,SE,Nordeste,-11.1929,-37.676,10,0,60,0,1,8,False
280520,Pinhão,SE,Nordeste,-10.5683,-37.7237,90,0,90,0,1,4,False
280530,Pirambu,SE,Nordeste,-10.7407,-36.8589,40,0,40,0,0,13,False
280540,Poço Redondo,SE,Nordeste,-9.8082,-37.6827,105,0,105,0,6,21,False
280550,Poço Verde,SE,Nordeste,-10.711,-38.1766,90,0,115,0,1,16,False
280560,Porto da Folha,SE,Nordeste,-9.9151,-37.2795,130,0,130,0,4,22,False
280570,Propriá,SE,Nordeste,-10.2097,-36.8328,80,0,60,0,5,24,True
280580,Riachão do Dantas,SE,Nordeste,-11.0706,-37.7266,30,0,80,0,4,12,False
280590,Riachuelo,SE,Nordeste,-10.7315,-37.1889,35,0,35,0,1,5,False
280600,Ribeirópolis,SE,Nordeste,-10.5405,-37.4367,60,0,60,0,3,9,False
280610,Rosário do Catete,SE,Nordeste,-10.6963,-37.0321,30,0,30,0,1,9,False
280620,Salgado,SE,Nordeste,-11.0283,-37.4784,20,0,45,0,4,11,False
280630,Santa Luzia do Itanhy,SE,Nordeste,-11.3518,-37.4485,45,0,75,0,2,13,False
280640,Santana do São Francisco,SE,Nordeste,-10.298,-36.6179,85,0,85,0,3,8,False
280650,Santa Rosa de Lima,SE,Nordeste,-10.6477,-37.1928,55,0,55,0,3,0,False
280660,Santo Amaro das Brotas,SE,Nordeste,-10.7894,-37.055,60,0,60,0,3,6,False
280670,São Cristóvão,SE,Nordeste,-11.0142,-37.2052,50,0,50,0,12,87,False
280680,São Domingos,SE,Nordeste,-10.7904,-37.5669,60,0,78,0,0,9,False
280690,São Francisco,SE,Nordeste,-10.3497,-36.885,70,0,70,0,2,3,False
280700,São Miguel do Aleixo,SE,Nordeste,-10.3892,-37.3823,70,0,70,0,0,3,False
280710,Simão Dias,SE,Nordeste,-10.7391,-37.809,60,0,85,0,1,38,False
280720,Siriri,SE,Nordeste,-10.6044,-37.1145,50,0,50,0,2,7,False
280730,Telha,SE,Nordeste,-10.2097,-36.8843,85,0,75,0,0,4,False
280740,Tobias Barreto,SE,Nordeste,-11.1881,-38.0032,60,0,110,0,9,46,False
280750,Tomar do Geru,SE,Nordeste,-11.3748,-37.841,70,0,120,0,6,4,False
280760,Umbaúba,SE,Nordeste,-11.3824,-37.6567,40,0,90,0,3,20,False
290010,Abaíra,BA,Nordeste,-13.2512,-41.6648,210,0,210,0,3,2,False
290020,Abaré,BA,Nordeste,-8.7218,-39.1145,185,0,180,0,1,11,False
290030,Acajutiba,BA,Nordeste,-11.6611,-38.0191,100,0,140,0,1,12,False
290035,Adustina,BA,Nordeste,-10.5373,-38.117,100,0,125,0,4,10,False
290040,Água Fria,BA,Nordeste,-11.8697,-38.7628,75,0,75,0,6,7,False
290050,Érico Cardoso,BA,Nordeste,-13.4174,-42.1403,258,0,160,0,1,6,False
290060,Aiquara,BA,Nordeste,-14.129,-39.8884,155,0,80,0,3,3,False
290070,Alagoinhas,BA,Nordeste,-12.1377,-38.4244,70,0,70,0,39,132,True
290080,Alcobaça,BA,Nordeste,-17.5412,-39.1924,225,0,60,0,1,13,False
290090,Almadina,BA,Nordeste,-14.7018,-39.6372,85,0,85,0,3,1,False
290100,Amargosa,BA,Nordeste,-13.0321,-39.603,135,0,135,0,7,46,False
290110,Amélia Rodrigues,BA,Nordeste,-12.3987,-38.7549,25,0,25,0,6,8,False
290115,América Dourada,BA,Nordeste,-11.4536,-41.436,235,0,55,0,1,13,False
290120,Anagé,BA,Nordeste,-14.6114,-41.1355,50,0,50,0,3,17,False
290130,Andaraí,BA,Nordeste,-12.8005,-41.3271,240,0,220,0,5,6,False
290135,Andorinha,BA,Nordeste,-10.3456,-39.8339,240,0,150,0,1,8,False
290140,Angical,BA,Nordeste,-12.0066,-44.694,430,0,40,0,0,12,False
290150,Anguera,BA,Nordeste,-12.1515,-39.2453,35,0,35,0,0,4,False
290160,Antas,BA,Nordeste,-10.4113,-38.3296,140,0,165,0,0,13,True
290170,Antônio Cardoso,BA,Nordeste,-12.4356,-39.1207,30,0,30,0,1,9,False
290180,Antônio Gonçalves,BA,Nordeste,-10.569,-40.2732,215,0,125,0,2,4,False
290190,Aporá,BA,Nordeste,-11.66,-38.0795,110,0,145,0,1,5,False
290195,Apuarema,BA,Nordeste,-13.8572,-39.7444,170,0,60,0,0,6,False
290200,Aracatu,BA,Nordeste,-14.4293,-41.4593,88,0,88,0,2,15,False
290205,Araçás,BA,Nordeste,-12.2124,-38.1999,90,0,90,0,2,10,False
290210,Araci,BA,Nordeste,-11.3372,-38.963,80,0,80,0,10,45,False
290220,Aramari,BA,Nordeste,-12.0904,-38.497,85,0,85,0,1,11,False
290225,Arataca,BA,Nordeste,-15.2598,-39.4137,90,0,90,0,2,5,False
290230,Aratuípe,BA,Nordeste,-13.0785,-39.0006,118,0,118,0,0,6,False
290240,Aurelino Leal,BA,Nordeste,-14.3133,-39.3303,120,0,120,0,1,10,False
290250,Baianópolis,BA,Nordeste,-12.3063,-44.5373,440,0,60,0,1,11,False
290260,Baixa Grande,BA,Nordeste,-11.9602,-40.1678,125,0,125,0,5,16,False
290265,Banzaê,BA,Nordeste,-10.5805,-38.613,195,0,195,0,1,1,False
290270,Barra,BA,Nordeste,-11.0919,-43.145,430,0,150,0,3,37,False
290280,Barra da Estiva,BA,Nordeste,-13.6272,-41.328,170,0,170,0,2,20,False
290290,Barra do Choça,BA,Nordeste,-14.8619,-40.5788,30,0,30,0,5,24,False
290300,Barra do Mendes,BA,Nordeste,-11.8073,-42.059,295,0,40,0,2,12,False
290310,Barra do Rocha,BA,Nordeste,-14.2091,-39.5991,80,0,65,0,3,5,False
290320,Barreiras,BA,Nordeste,-12.1467,-44.9945,390,0,0,7,27,142,False
290323,Barro Alto,BA,Nordeste,-11.7612,-41.9086,325,0,70,0,0,8,False
290327,Barrocas,BA,Nordeste,-11.5383,-39.0782,80,0,80,0,1,10,False
290330,Barro Preto,BA,Nordeste,-14.8101,-39.4722,60,0,60,0,1,6,False
290340,Belmonte,BA,Nordeste,-15.8606,-38.8816,190,0,190,0,3,8,False
290350,Belo Campo,BA,Nordeste,-15.0391,-41.2587,50,0,50,0,2,17,False
290360,Biritinga,BA,Nordeste,-11.6213,-38.8052,75,0,75,0,4,11,False
290370,Boa Nova,BA,Nordeste,-14.3623,-40.2073,85,0,80,0,1,11,False
290380,Boa Vista do Tupim,BA,Nordeste,-12.6595,-40.6074,160,0,160,0,2,10,False
290390,Bom Jesus da Lapa,BA,Nordeste,-13.2554,-43.4202,295,0,135,0,6,47,True
290395,Bom Jesus da Serra,BA,Nordeste,-14.3752,-40.5043,90,0,90,0,1,11,False
290400,Boninal,BA,Nordeste,-12.7093,-41.8273,270,0,160,0,3,12,False
290405,Bonito,BA,Nordeste,-11.968,-41.2685,243,0,120,0,2,12,False
290410,Boquira,BA,Nordeste,-12.8208,-42.7312,288,0,190,0,1,14,False
290420,Botuporã,BA,Nordeste,-13.3797,-42.5228,240,0,120,0,1,13,False
290430,Brejões,BA,Nordeste,-13.1027,-39.7926,130,0,130,0,5,7,False
290440,Brejolândia,BA,Nordeste,-12.4846,-43.96,440,0,165,0,0,7,False
290450,Brotas de Macaúbas,BA,Nordeste,-12.0011,-42.6293,388,0,270,0,0,6,False
290460,Brumado,BA,Nordeste,-14.204,-41.6699,118,0,90,0,9,68,True
290470,Buerarema,BA,Nordeste,-14.9582,-39.3013,30,0,30,0,4,13,False
290475,Buritirama,BA,Nordeste,-10.7143,-43.6336,470,0,210,0,6,22,False
290480,Caatiba,BA,Nordeste,-14.9796,-40.4092,90,0,90,0,1,4,False
290485,Cabaceiras do Paraguaçu,BA,Nordeste,-12.5358,-39.1908,55,0,55,0,4,17,False
290490,Cachoeira,BA,Nordeste,-12.6037,-38.9632,65,0,65,0,9,17,False
290500,Caculé,BA,Nordeste,-14.5075,-42.2203,190,0,90,0,4,9,False
290510,Caém,BA,Nordeste,-11.0918,-40.4357,180,0,180,0,1,6,False
290515,Caetanos,BA,Nordeste,-14.3391,-40.908,120,0,120,0,1,8,False
290520,Caetité,BA,Nordeste,-14.054,-42.4719,180,0,30,0,5,51,False
290530,Cafarnaum,BA,Nordeste,-11.6946,-41.4683,250,0,80,0,4,11,False
290540,Cairu,BA,Nordeste,-13.4875,-39.0444,185,0,185,0,2,15,False
290550,Caldeirão Grande,BA,Nordeste,-11.0201,-40.3032,200,0,185,0,1,14,False
290560,Camacan,BA,Nordeste,-15.4218,-39.4946,60,0,60,0,5,26,False
290570,Camaçari,BA,Nordeste,-12.7058,-38.3202,60,0,60,0,57,269,True
290580,Camamu,BA,Nordeste,-13.9426,-39.1039,120,0,120,0,2,21,False
290590,Campo Alegre de Lourdes,BA,Nordeste,-9.5165,-43.0105,265,0,240,0,2,17,False
290600,Campo Formoso,BA,Nordeste,-10.5087,-40.3208,225,0,135,0,6,70,True
290610,Canápolis,BA,Nordeste,-13.071,-44.2013,420,0,255,0,0,3,False
290620,Canarana,BA,Nordeste,-11.6837,-41.7687,310,0,40,0,6,23,False
290630,Canavieiras,BA,Nordeste,-15.681,-38.9445,150,0,150,0,10,21,False
290640,Candeal,BA,Nordeste,-11.8066,-39.1174,60,0,60,0,0,2,False
290650,Candeias,BA,Nordeste,-12.6459,-38.5375,60,0,60,0,24,69,False
290660,Candiba,BA,Nordeste,-14.4106,-42.8655,200,0,30,0,2,6,False
290670,Cândido Sales,BA,Nordeste,-15.5055,-41.238,75,0,75,0,4,13,False
290680,Cansanção,BA,Nordeste,-10.6666,-39.5049,120,0,120,0,3,26,False
290682,Canudos,BA,Nordeste,-9.8978,-39.0271,170,0,170,0,1,10,False
290685,Capela do Alto Alegre,BA,Nordeste,-11.6685,-39.8382,135,0,135,0,2,8,False
290687,Capim Grosso,BA,Nordeste,-11.379,-40.0069,120,0,120,0,6,29,False
290689,Caraíbas,BA,Nordeste,-14.7228,-41.2601,60,0,60,0,0,8,False
290690,Caravelas,BA,Nordeste,-17.7338,-39.2656,255,0,90,0,4,16,False
290700,Cardeal da Silva,BA,Nordeste,-11.94,-37.9483,130,0,130,0,0,7,False
290710,Carinhanha,BA,Nordeste,-14.306,-43.7681,260,0,90,0,1,21,False
290720,Casa Nova,BA,Nordeste,-9.1755,-40.9741,255,0,40,0,9,50,False
290730,Castro Alves,BA,Nordeste,-12.7651,-39.4257,80,0,80,0,3,19,False
290740,Catolândia,BA,Nordeste,-12.3137,-44.8625,445,0,55,0,0,2,False
290750,Catu,BA,Nordeste,-12.3549,-38.3758,60,0,60,0,11,33,False
290755,Caturama,BA,Nordeste,-13.3306,-42.2925,228,0,145,0,0,1,False
290760,Central,BA,Nordeste,-11.1342,-42.1099,310,0,30,0,3,10,False
290770,Chorrochó,BA,Nordeste,-8.9795,-39.1003,175,0,170,0,3,6,False
290780,Cícero Dantas,BA,Nordeste,-10.592,-38.3856,120,0,145,0,5,18,False
290790,Cipó,BA,Nordeste,-11.0978,-38.515,125,0,125,0,0,18,False
290800,Coaraci,BA,Nordeste,-14.6406,-39.5494,50,0,50,0,9,8,False
290810,Cocos,BA,Nordeste,-14.1786,-44.5324,260,0,225,0,2,10,False
290820,Conceição da Feira,BA,Nordeste,-12.5029,-39.0007,45,0,45,0,5,12,False
290830,Conceição do Almeida,BA,Nordeste,-12.7772,-39.1703,65,0,65,0,1,13,False
290840,Conceição do Coité,BA,Nordeste,-11.5714,-39.2814,100,0,100,0,5,33,True
290850,Conceição do Jacuípe,BA,Nordeste,-12.3278,-38.7628,30,0,30,0,5,26,False
290860,Conde,BA,Nordeste,-11.8125,-37.6086,85,0,115,0,1,18,False
290870,Condeúba,BA,Nordeste,-14.8975,-41.9677,125,0,125,0,4,4,False
290880,Contendas do Sincorá,BA,Nordeste,-13.7641,-41.0421,160,0,160,0,0,9,False
290890,Coração de Maria,BA,Nordeste,-12.2473,-38.748,45,0,45,0,1,17,False
290900,Cordeiros,BA,Nordeste,-15.0391,-41.9342,140,0,140,0,1,5,False
290910,Coribe,BA,Nordeste,-13.8288,-44.455,300,0,230,0,0,9,False
290920,Coronel João Sá,BA,Nordeste,-10.2845,-37.9272,143,0,143,0,1,9,False
290930,Correntina,BA,Nordeste,-13.3434,-44.6235,370,0,150,0,6,23,False
290940,Cotegipe,BA,Nordeste,-12.0303,-44.2581,440,0,75,0,3,10,False
290950,Cravolândia,BA,Nordeste,-13.3594,-39.8138,190,0,110,0,1,4,False
290960,Crisópolis,BA,Nordeste,-11.5101,-38.1497,130,0,160,0,2,14,False
290970,Cristópolis,BA,Nordeste,-12.2333,-44.4144,410,0,45,0,2,8,False
290980,Cruz das Almas,BA,Nordeste,-12.6771,-39.1074,45,0,45,0,10,50,True
290990,Curaçá,BA,Nordeste,-8.9909,-39.9091,363,0,150,0,7,37,False
291000,Dário Meira,BA,Nordeste,-14.4336,-39.9035,135,0,110,0,1,7,False
291005,Dias d'Ávila,BA,Nordeste,-12.608,-38.3103,60,0,60,0,23,56,False
291010,Dom Basílio,BA,Nordeste,-13.7599,-41.772,148,0,140,0,1,5,False
291020,Dom Macedo Costa,BA,Nordeste,-12.9065,-39.1915,75,0,75,0,1,2,False
291030,Elísio Medrado,BA,Nordeste,-12.9443,-39.521,130,0,130,0,1,4,False
291040,Encruzilhada,BA,Nordeste,-15.5335,-40.9076,90,0,90,0,3,16,False
291050,Entre Rios,BA,Nordeste,-11.9461,-38.0865,100,0,100,0,5,33,False
291060,Esplanada,BA,Nordeste,-11.8005,-37.9451,80,0,120,0,7,27,False
291070,Euclides da Cunha,BA,Nordeste,-10.5021,-39.01,120,0,120,0,7,40,False
291072,Eunápolis,BA,Nordeste,-16.365,-39.5906,150,0,120,0,18,87,True
291075,Fátima,BA,Nordeste,-10.5972,-38.2111,100,0,125,0,3,5,False
291077,Feira da Mata,BA,Nordeste,-14.2114,-44.282,320,0,165,0,0,5,False
291080,Feira de Santana,BA,Nordeste,-12.2556,-38.9652,0,5,0,23,118,729,False
291085,Filadélfia,BA,Nordeste,-10.7401,-40.133,180,0,130,0,4,12,False
291090,Firmino Alves,BA,Nordeste,-14.9868,-39.9246,90,0,90,0,1,4,False
291100,Floresta Azul,BA,Nordeste,-14.8597,-39.6548,71,0,71,0,2,8,False
291110,Formosa do Rio Preto,BA,Nordeste,-11.0493,-45.1928,480,0,90,0,2,22,False
291120,Gandu,BA,Nordeste,-13.746,-39.4876,125,0,125,0,4,24,False
291125,Gavião,BA,Nordeste,-11.4746,-39.783,120,0,120,0,1,3,False
291130,Gentio do Ouro,BA,Nordeste,-11.4282,-42.505,450,0,170,0,2,1,False
291140,Glória,BA,Nordeste,-9.3416,-38.2533,215,0,155,0,1,3,False
291150,Gongogi,BA,Nordeste,-14.3242,-39.4657,95,0,95,0,1,3,False
291160,Governador Mangabeira,BA,Nordeste,-12.6023,-39.0431,30,0,30,0,4,15,False
291165,Guajeru,BA,Nordeste,-14.547,-41.9367,178,0,150,0,2,5,False
291170,Guanambi,BA,Nordeste,-14.2197,-42.7817,170,0,0,10,14,100,False
291180,Guaratinga,BA,Nordeste,-16.5857,-39.7798,210,0,130,0,1,10,False
291185,Heliópolis,BA,Nordeste,-10.6761,-38.2819,110,0,135,0,0,4,False
291190,Iaçu,BA,Nordeste,-12.7674,-40.2059,135,0,135,0,5,29,False
291200,Ibiassucê,BA,Nordeste,-14.2694,-42.2576,188,0,70,0,3,3,False
291210,Ibicaraí,BA,Nordeste,-14.8666,-39.5848,60,0,60,0,3,4,False
291220,Ibicoara,BA,Nordeste,-13.4146,-41.2853,200,0,200,0,5,25,False
291230,Ibicuí,BA,Nordeste,-14.8407,-39.988,120,0,120,0,2,6,False
291240,Ibipeba,BA,Nordeste,-11.644,-42.0091,275,0,30,0,0,10,False
291250,Ibipitanga,BA,Nordeste,-12.8805,-42.4898,298,0,200,0,1,5,False
291260,Ibiquera,BA,Nordeste,-12.6513,-40.934,215,0,215,0,2,2,False
291270,Ibirapitanga,BA,Nordeste,-14.1621,-39.3673,72,0,72,0,3,18,False
291280,Ibirapuã,BA,Nordeste,-17.6885,-40.1098,180,0,120,0,1,7,False
291290,Ibirataia,BA,Nordeste,-14.062,-39.6408,120,0,70,0,6,14,False
291300,Ibitiara,BA,Nordeste,-12.6525,-42.2184,290,0,170,0,1,8,False
291310,Ibititá,BA,Nordeste,-11.5466,-41.977,265,0,20,0,0,8,False
291320,Ibotirama,BA,Nordeste,-12.186,-43.2217,350,0,165,0,7,23,False
291330,Ichu,BA,Nordeste,-11.7494,-39.1861,75,0,75,0,1,0,False
291340,Igaporã,BA,Nordeste,-13.7721,-42.7157,220,0,60,0,0,10,False
291345,Igrapiúna,BA,Nordeste,-13.8188,-39.1421,130,0,130,0,1,11,False
291350,Iguaí,BA,Nordeste,-14.7552,-40.0903,130,0,130,0,3,15,False
291360,Ilhéus,BA,Nordeste,-14.7978,-39.034,40,0,40,0,41,142,True
291370,Inhambupe,BA,Nordeste,-11.7855,-38.3532,100,0,100,0,6,25,False
291380,Ipecaetá,BA,Nordeste,-12.3161,-39.3075,50,0,50,0,0,6,False
291390,Ipiaú,BA,Nordeste,-14.136,-39.7367,100,0,50,0,5,39,True
291400,Ipirá,BA,Nordeste,-12.1616,-39.7463,70,0,70,0,10,40,False
291410,Ipupiara,BA,Nordeste,-11.822,-42.6126,390,0,270,0,1,8,False
291420,Irajuba,BA,Nordeste,-13.2516,-40.0842,220,0,110,0,1,2,False
291430,Iramaia,BA,Nordeste,-13.293,-40.9584,236,0,236,0,1,8,False
291440,Iraquara,BA,Nordeste,-12.244,-41.6189,280,0,80,0,3,20,False
291450,Irará,BA,Nordeste,-12.0399,-38.7671,45,0,45,0,2,16,False
291460,Irecê,BA,Nordeste,-11.303,-41.8579,280,0,0,10,12,80,False
291465,Itabela,BA,Nordeste,-16.5729,-39.5583,180,0,90,0,8,27,False
291470,Itaberaba,BA,Nordeste,-12.5318,-40.3054,120,0,120,0,13,37,True
291480,Itabuna,BA,Nordeste,-14.8053,-39.2767,0,7,0,20,58,203,False
291490,Itacaré,BA,Nordeste,-14.2784,-38.9955,90,0,90,0,4,20,False
291500,Itaeté,BA,Nordeste,-12.9924,-40.9614,235,0,235,0,3,1,False
291510,Itagi,BA,Nordeste,-14.1612,-40.006,160,0,55,0,5,9,False
291520,Itagibá,BA,Nordeste,-14.2828,-39.8438,140,0,80,0,1,6,False
291530,Itagimirim,BA,Nordeste,-16.0876,-39.6163,120,0,120,0,0,9,False
291535,Itaguaçu da Bahia,BA,Nordeste,-11.0098,-42.3959,360,0,100,0,0,11,False
291540,Itaju do Colônia,BA,Nordeste,-15.1415,-39.723,120,0,120,0,0,1,False
291550,Itajuípe,BA,Nordeste,-14.6749,-39.3765,20,0,20,0,1,17,False
291560,Itamaraju,BA,Nordeste,-17.0434,-39.5386,215,0,50,0,13,43,True
291570,Itamari,BA,Nordeste,-13.7815,-39.6858,165,0,135,0,0,6,False
291580,Itambé,BA,Nordeste,-15.2406,-40.6225,40,0,40,0,6,13,False
291590,Itanagra,BA,Nordeste,-12.2642,-38.0382,120,0,120,0,0,3,False
291600,Itanhém,BA,Nordeste,-17.1717,-40.3299,220,0,100,0,2,15,False
291610,Itaparica,BA,Nordeste,-12.8859,-38.6834,60,0,60,0,2,19,False
291620,Itapé,BA,Nordeste,-14.8974,-39.4278,45,0,45,0,2,13,False
291630,Itapebi,BA,Nordeste,-15.9683,-39.5346,130,0,130,0,1,5,False
291640,Itapetinga,BA,Nordeste,-15.2451,-40.2483,80,0,80,0,19,60,False
291650,Itapicuru,BA,Nordeste,-11.3108,-38.2202,80,0,130,0,4,16,False
291660,Itapitanga,BA,Nordeste,-14.4237,-39.5666,90,0,90,0,1,12,False
291670,Itaquara,BA,Nordeste,-13.4526,-39.9403,180,0,70,0,1,8,False
291680,Itarantim,BA,Nordeste,-15.655,-40.0599,160,0,160,0,5,18,False
291685,Itatim,BA,Nordeste,-12.7076,-39.6977,75,0,75,0,2,7,False
291690,Itiruçu,BA,Nordeste,-13.5313,-40.15,170,0,60,0,1,4,False
291700,Itiúba,BA,Nordeste,-10.6941,-39.8525,160,0,160,0,6,33,False
291710,Itororó,BA,Nordeste,-15.1201,-40.0699,98,0,98,0,6,12,False
291720,Ituaçu,BA,Nordeste,-13.8138,-41.2977,140,0,140,0,1,13,False
291730,Ituberá,BA,Nordeste,-13.7345,-39.1481,145,0,145,0,5,18,False
291733,Iuiu,BA,Nordeste,-14.4123,-43.5528,250,0,80,0,0,9,False
291735,Jaborandi,BA,Nordeste,-13.6229,-44.4675,330,0,210,0,2,7,False
291740,Jacaraci,BA,Nordeste,-14.85,-42.4335,170,0,80,0,2,5,False
291750,Jacobina,BA,Nordeste,-11.1834,-40.5097,160,0,160,0,10,66,True
291760,Jaguaquara,BA,Nordeste,-13.527,-39.9692,160,0,50,0,6,28,False
291770,Jaguarari,BA,Nordeste,-10.2577,-40.1948,210,0,120,0,5,26,False
291780,Jaguaripe,BA,Nordeste,-13.1126,-38.895,135,0,135,0,1,5,False
291790,Jandaíra,BA,Nordeste,-11.5638,-37.7831,90,0,140,0,0,4,False
291800,Jequié,BA,Nordeste,-13.8725,-40.073,110,0,0,14,19,149,False
291810,Jeremoabo,BA,Nordeste,-10.0716,-38.3497,165,0,185,0,6,30,False
291820,Jiquiriçá,BA,Nordeste,-13.259,-39.5684,130,0,130,0,2,7,False
291830,Jitaúna,BA,Nordeste,-14.0192,-39.8908,125,0,20,0,1,7,False
291835,João Dourado,BA,Nordeste,-11.3485,-41.6632,250,0,30,0,4,28,False
291840,Juazeiro,BA,Nordeste,-9.4112,-40.5051,273,0,60,0,33,260,True
291845,Jucuruçu,BA,Nordeste,-16.8433,-40.1585,465,0,300,0,0,3,False
291850,Jussara,BA,Nordeste,-11.048,-41.97,300,0,20,0,3,7,False
291855,Jussari,BA,Nordeste,-15.1917,-39.4952,90,0,90,0,1,1,False
291860,Jussiape,BA,Nordeste,-13.5132,-41.5918,228,0,180,0,2,2,False
291870,Lafaiete Coutinho,BA,Nordeste,-13.6564,-40.2136,160,0,50,0,0,1,False
291875,Lagoa Real,BA,Nordeste,-14.035,-42.1442,240,0,90,0,0,6,False
291880,Laje,BA,Nordeste,-13.1818,-39.4233,105,0,105,0,4,22,False
291890,Lajedão,BA,Nordeste,-17.6124,-40.3456,165,0,90,0,0,0,False
291900,Lajedinho,BA,Nordeste,-12.355,-40.904,180,0,180,0,0,2,False
291905,Lajedo do Tabocal,BA,Nordeste,-13.4737,-40.2224,182,0,80,0,2,7,False
291910,Lamarão,BA,Nordeste,-11.7935,-38.8829,90,0,90,0,2,9,False
291915,Lapão,BA,Nordeste,-11.3843,-41.833,300,0,20,0,1,20,False
291920,Lauro de Freitas,BA,Nordeste,-12.8965,-38.3247,60,0,60,0,40,185,False
291930,Lençóis,BA,Nordeste,-12.5637,-41.392,240,0,180,0,4,7,False
291940,Licínio de Almeida,BA,Nordeste,-14.6836,-42.5063,160,0,70,0,2,1,False
291950,Livramento de Nossa Senhora,BA,Nordeste,-13.651,-41.8415,168,0,150,0,4,25,False
291955,Luís Eduardo Magalhães,BA,Nordeste,-12.0905,-45.7966,340,0,60,0,7,139,True
291960,Macajuba,BA,Nordeste,-12.1371,-40.3601,155,0,155,0,4,8,False
291970,Macarani,BA,Nordeste,-15.5649,-40.4238,140,0,140,0,1,11,False
291980,Macaúbas,BA,Nordeste,-13.0184,-42.6944,268,0,170,0,5,31,False
291990,Macururé,BA,Nordeste,-9.1678,-39.0591,225,0,210,0,1,8,False
291992,Madre de Deus,BA,Nordeste,-12.7456,-38.6154,60,0,60,0,7,17,False
291995,Maetinga,BA,Nordeste,-14.6633,-41.4918,90,0,90,0,0,1,False
292000,Maiquinique,BA,Nordeste,-15.6184,-40.2648,130,0,130,0,0,8,False
292010,Mairi,BA,Nordeste,-11.712,-40.1485,160,0,160,0,5,8,False
292020,Malhada,BA,Nordeste,-14.336,-43.7735,240,0,70,0,4,9,False
292030,Malhada de Pedras,BA,Nordeste,-14.3875,-41.8791,148,0,120,0,0,3,False
292040,Manoel Vitorino,BA,Nordeste,-14.1453,-40.2438,95,0,30,0,4,6,False
292045,Mansidão,BA,Nordeste,-10.7182,-44.0356,550,0,240,0,0,5,False
292050,Maracás,BA,Nordeste,-13.4406,-40.4328,142,0,120,0,4,18,False
292060,Maragogipe,BA,Nordeste,-12.7786,-38.919,115,0,115,0,3,23,False
292070,Maraú,BA,Nordeste,-14.1016,-39.0169,150,0,150,0,2,14,False
292080,Marcionílio Souza,BA,Nordeste,-13.0018,-40.5332,185,0,185,0,6,8,False
292090,Mascote,BA,Nordeste,-15.567,-39.3039,105,0,105,0,3,7,False
292100,Mata de São João,BA,Nordeste,-12.531,-38.2976,60,0,60,0,4,46,False
292105,Matina,BA,Nordeste,-13.9072,-42.8408,210,0,40,0,0,9,False
292110,Medeiros Neto,BA,Nordeste,-17.3737,-40.2204,180,0,60,0,2,14,False
292120,Miguel Calmon,BA,Nordeste,-11.4277,-40.5951,180,0,168,0,2,20,False
292130,Milagres,BA,Nordeste,-12.8589,-39.8532,90,0,90,0,3,9,False
292140,Mirangaba,BA,Nordeste,-10.9562,-40.5748,195,0,195,0,0,13,False
292145,Mirante,BA,Nordeste,-14.242,-40.7659,135,0,135,0,1,4,False
292150,Monte Santo,BA,Nordeste,-10.4404,-39.3317,165,0,165,0,7,30,False
292160,Morpará,BA,Nordeste,-11.5598,-43.2804,470,0,285,0,0,6,False
292170,Morro do Chapéu,BA,Nordeste,-11.5512,-41.1576,210,0,70,0,4,13,False
292180,Mortugaba,BA,Nordeste,-15.023,-42.3689,190,0,100,0,0,6,False
292190,Mucugê,BA,Nordeste,-13.0056,-41.3695,210,0,210,0,1,10,False
292200,Mucuri,BA,Nordeste,-18.0869,-39.5516,160,0,120,0,7,19,False
292205,Mulungu do Morro,BA,Nordeste,-11.9673,-41.6375,270,0,75,0,2,9,False
292210,Mundo Novo,BA,Nordeste,-11.8602,-40.472,130,0,130,0,1,11,False
292220,Muniz Ferreira,BA,Nordeste,-13.0009,-39.1081,105,0,105,0,0,5,False
292225,Muquém do São Francisco,BA,Nordeste,-12.0662,-43.5489,440,0,140,0,1,7,False
292230,Muritiba,BA,Nordeste,-12.6248,-38.9913,70,0,70,0,3,21,False
292240,Mutuípe,BA,Nordeste,-13.2278,-39.5032,115,0,115,0,2,15,False
292250,Nazaré,BA,Nordeste,-13.0334,-39.0092,110,0,110,0,3,17,False
292260,Nilo Peçanha,BA,Nordeste,-13.6004,-39.1067,160,0,160,0,0,5,False
292265,Nordestina,BA,Nordeste,-10.8234,-39.4301,190,0,190,0,1,6,False
292270,Nova Canaã,BA,Nordeste,-14.7926,-40.1429,115,0,115,0,0,8,False
292273,Nova Fátima,BA,Nordeste,-11.6068,-39.6315,110,0,110,0,1,8,False
292275,Nova Ibiá,BA,Nordeste,-13.811,-39.6248,165,0,165,0,0,1,False
292280,Nova Itarana,BA,Nordeste,-13.0268,-40.0688,130,0,130,0,3,10,False
292285,Nova Redenção,BA,Nordeste,-12.822,-41.0743,240,0,200,0,2,4,False
292290,Nova Soure,BA,Nordeste,-11.2406,-38.4807,110,0,110,0,0,20,False
292300,Nova Viçosa,BA,Nordeste,-17.9104,-39.3859,185,0,145,0,4,26,False
292303,Novo Horizonte,BA,Nordeste,-12.8103,-42.1685,320,0,200,0,2,8,False
292305,Novo Triunfo,BA,Nordeste,-10.3347,-38.4202,155,0,180,0,0,4,False
292310,Olindina,BA,Nordeste,-11.3574,-38.3277,120,0,130,0,4,18,False
292320,Oliveira dos Brejinhos,BA,Nordeste,-12.3163,-42.8959,328,0,230,0,1,6,False
292330,Ouriçangas,BA,Nordeste,-12.0111,-38.6285,65,0,65,0,1,1,False
292335,Ourolândia,BA,Nordeste,-10.9694,-41.0816,220,0,220,0,1,16,False
292340,Palmas de Monte Alto,BA,Nordeste,-14.2666,-43.1635,200,0,30,0,2,13,False
292350,Palmeiras,BA,Nordeste,-12.515,-41.5742,260,0,140,0,1,9,False
292360,Paramirim,BA,Nordeste,-13.4409,-42.2385,228,0,130,0,6,11,False
292370,Paratinga,BA,Nordeste,-12.6933,-43.1856,340,0,137,0,3,19,False
292380,Paripiranga,BA,Nordeste,-10.6817,-37.8648,70,0,95,0,2,13,False
292390,Pau Brasil,BA,Nordeste,-15.4648,-39.652,90,0,90,0,3,10,False
292400,Paulo Afonso,BA,Nordeste,-9.3993,-38.2269,185,0,125,0,18,90,True
292405,Pé de Serra,BA,Nordeste,-11.836,-39.6156,100,0,100,0,1,11,False
292410,Pedrão,BA,Nordeste,-12.146,-38.6516,85,0,85,0,0,5,False
292420,Pedro Alexandre,BA,Nordeste,-10.012,-37.8949,150,0,150,0,1,13,False
292430,Piatã,BA,Nordeste,-13.1525,-41.7687,240,0,200,0,0,13,False
292440,Pilão Arcado,BA,Nordeste,-10.0004,-42.4826,325,0,210,0,3,19,False
292450,Pindaí,BA,Nordeste,-14.4909,-42.6853,165,0,35,0,2,15,False
292460,Pindobaçu,BA,Nordeste,-10.743,-40.3619,220,0,150,0,0,21,False
292465,Pintadas,BA,Nordeste,-11.8145,-39.9082,120,0,120,0,1,3,False
292467,Piraí do Norte,BA,Nordeste,-13.761,-39.3776,165,0,165,0,0,5,False
292470,Piripá,BA,Nordeste,-14.9418,-41.7207,100,0,100,0,1,4,False
292480,Piritiba,BA,Nordeste,-11.729,-40.5535,150,0,145,0,0,14,False
292490,Planaltino,BA,Nordeste,-13.2583,-40.3696,170,0,150,0,2,6,False
292500,Planalto,BA,Nordeste,-14.6688,-40.4754,40,0,40,0,4,21,False
292510,Poções,BA,Nordeste,-14.5266,-40.3649,55,0,55,0,4,28,False
292520,Pojuca,BA,Nordeste,-12.432,-38.3302,70,0,70,0,9,33,False
292525,Ponto Novo,BA,Nordeste,-10.8649,-40.1342,160,0,145,0,2,13,False
292530,Porto Seguro,BA,Nordeste,-16.4504,-39.0673,200,0,170,0,29,192,True
292540,Potiraguá,BA,Nordeste,-15.5942,-39.8743,140,0,140,0,3,3,False
292550,Prado,BA,Nordeste,-17.3357,-39.2302,240,0,90,0,4,23,False
292560,Presidente Dutra,BA,Nordeste,-11.2942,-41.986,310,0,30,0,4,9,False
292570,Presidente Jânio Quadros,BA,Nordeste,-14.6886,-41.6783,109,0,109,0,2,7,False
292575,Presidente Tancredo Neves,BA,Nordeste,-13.4545,-39.4241,130,0,130,0,5,27,False
292580,Queimadas,BA,Nordeste,-10.9789,-39.6237,160,0,160,0,2,15,False
292590,Quijingue,BA,Nordeste,-10.7534,-39.2083,195,0,195,0,1,20,False
292593,Quixabeira,BA,Nordeste,-11.411,-40.128,140,0,140,0,0,3,False
292595,Rafael Jambeiro,BA,Nordeste,-12.4052,-39.5033,120,0,120,0,1,17,False
292600,Remanso,BA,Nordeste,-9.6254,-42.0808,275,0,160,0,7,27,False
292610,Retirolândia,BA,Nordeste,-11.4943,-39.4272,95,0,95,0,0,12,False
292620,Riachão das Neves,BA,Nordeste,-11.7479,-44.9091,430,0,40,0,4,11,False
292630,Riachão do Jacuípe,BA,Nordeste,-11.8082,-39.3856,70,0,70,0,3,21,True
292640,Riacho de Santana,BA,Nordeste,-13.61,-42.9419,250,0,90,0,2,20,False
292650,Ribeira do Amparo,BA,Nordeste,-11.0392,-38.4305,140,0,140,0,2,8,False
292660,Ribeira do Pombal,BA,Nordeste,-10.8454,-38.5419,135,0,135,0,8,44,True
292665,Ribeirão do Largo,BA,Nordeste,-15.4594,-40.7408,120,0,120,0,1,7,False
292670,Rio de Contas,BA,Nordeste,-13.5782,-41.811,188,0,170,0,2,10,False
292680,Rio do Antônio,BA,Nordeste,-14.4122,-42.0767,178,0,150,0,0,5,False
292690,Rio do Pires,BA,Nordeste,-13.1217,-42.2885,258,0,160,0,1,6,False
292700,Rio Real,BA,Nordeste,-11.4881,-37.9263,75,0,120,0,4,25,False
292710,Rodelas,BA,Nordeste,-8.8485,-38.7682,235,0,215,0,7,9,False
292720,Ruy Barbosa,BA,Nordeste,-12.2865,-40.495,163,0,163,0,2,22,False
292730,Salinas da Margarida,BA,Nordeste,-12.873,-38.7603,140,0,140,0,3,10,False
292740,Salvador,BA,Nordeste,-12.9742,-38.5124,0,15,0,99,708,2286,False
292750,Santa Bárbara,BA,Nordeste,-11.9606,-38.9732,30,0,30,0,2,18,False
292760,Santa Brígida,BA,Nordeste,-9.7354,-38.1293,235,0,175,0,3,7,False
292770,Santa Cruz Cabrália,BA,Nordeste,-16.282,-39.0243,250,0,220,0,7,13,False
292780,Santa Cruz da Vitória,BA,Nordeste,-14.9604,-39.8101,90,0,90,0,0,1,False
292790,Santa Inês,BA,Nordeste,-13.2922,-39.8179,170,0,90,0,1,8,False
292800,Santaluz,BA,Nordeste,-11.2543,-39.3748,125,0,125,0,5,37,False
292805,Santa Luzia,BA,Nordeste,-15.4319,-39.3327,105,0,105,0,3,13,False
292810,Santa Maria da Vitória,BA,Nordeste,-13.3847,-44.191,360,0,200,0,4,33,False
292820,Santana,BA,Nordeste,-12.9842,-44.0489,395,0,230,0,3,17,False
292830,Santanópolis,BA,Nordeste,-12.0255,-38.8666,30,0,30,0,0,7,False
292840,Santa Rita de Cássia,BA,Nordeste,-11.0038,-44.5203,480,0,120,0,1,23,False
292850,Santa Terezinha,BA,Nordeste,-12.7696,-39.5209,90,0,90,0,0,6,False
292860,Santo Amaro,BA,Nordeste,-12.5486,-38.7094,45,0,45,0,4,48,False
292870,Santo Antônio de Jesus,BA,Nordeste,-12.9664,-39.2657,80,0,80,0,16,60,True
292880,Santo Estêvão,BA,Nordeste,-12.4295,-39.2515,30,0,30,0,9,42,False
292890,São Desidério,BA,Nordeste,-12.3648,-44.9769,420,0,30,0,3,28,False
292895,São Domingos,BA,Nordeste,-11.4649,-39.5278,120,0,120,0,1,0,False
292900,São Félix,BA,Nordeste,-12.6066,-38.9695,75,0,75,0,1,10,False
292905,São Félix do Coribe,BA,Nordeste,-13.4027,-44.1965,375,0,215,0,2,6,False
292910,São Felipe,BA,Nordeste,-12.8472,-39.0882,75,0,75,0,8,15,False
292920,São Francisco do Conde,BA,Nordeste,-12.6313,-38.6777,60,0,60,0,6,36,False
292925,São Gabriel,BA,Nordeste,-11.2275,-41.8761,300,0,20,0,6,11,False
292930,São Gonçalo dos Campos,BA,Nordeste,-12.434,-38.9494,30,0,30,0,3,25,False
292935,São José da Vitória,BA,Nordeste,-15.0809,-39.3381,50,0,50,0,1,2,False
292937,São José do Jacuípe,BA,Nordeste,-11.5042,-40.0242,135,0,135,0,2,4,False
292940,São Miguel das Matas,BA,Nordeste,-13.0481,-39.4558,120,0,120,0,2,2,False
292950,São Sebastião do Passé,BA,Nordeste,-12.5148,-38.494,40,0,40,0,12,34,False
292960,Sapeaçu,BA,Nordeste,-12.7299,-39.1851,55,0,55,0,4,10,False
292970,Sátiro Dias,BA,Nordeste,-11.6039,-38.5813,115,0,115,0,1,14,False
292975,Saubara,BA,Nordeste,-12.7386,-38.7676,75,0,75,0,4,9,False
292980,Saúde,BA,Nordeste,-10.9412,-40.419,200,0,170,0,4,10,False
292990,Seabra,BA,Nordeste,-12.4188,-41.768,240,0,120,0,7,29,True
293000,Sebastião Laranjeiras,BA,Nordeste,-14.57,-42.9435,235,0,65,0,1,5,False
293010,Senhor do Bonfim,BA,Nordeste,-10.462,-40.1913,190,0,100,0,21,57,False
293015,Serra do Ramalho,BA,Nordeste,-13.5438,-43.5754,310,0,140,0,0,34,False
293020,Sento Sé,BA,Nordeste,-9.7395,-41.883,395,0,240,0,3,27,False
293030,Serra Dourada,BA,Nordeste,-12.7615,-43.9563,425,0,225,0,1,8,False
293040,Serra Preta,BA,Nordeste,-12.1607,-39.3319,55,0,55,0,3,8,False
293050,Serrinha,BA,Nordeste,-11.6602,-39.0092,60,0,60,0,9,63,False
293060,Serrolândia,BA,Nordeste,-11.4156,-40.3014,160,0,160,0,1,7,False
293070,Simões Filho,BA,Nordeste,-12.7877,-38.3989,60,0,60,0,30,153,False
293075,Sítio do Mato,BA,Nordeste,-13.0833,-43.4663,335,0,175,0,1,6,False
293076,Sítio do Quinto,BA,Nordeste,-10.3649,-38.2008,150,0,175,0,1,4,False
293077,Sobradinho,BA,Nordeste,-9.4719,-40.8053,300,0,105,0,1,33,False
293080,Souto Soares,BA,Nordeste,-12.0915,-41.6509,290,0,80,0,4,15,False
293090,Tabocas do Brejo Velho,BA,Nordeste,-12.7058,-44.0086,445,0,205,0,1,6,False
293100,Tanhaçu,BA,Nordeste,-14.0223,-41.2449,120,0,120,0,1,9,False
293105,Tanque Novo,BA,Nordeste,-13.5463,-42.49,240,0,90,0,1,13,False
293110,Tanquinho,BA,Nordeste,-11.9761,-39.105,40,0,40,0,0,6,False
293120,Taperoá,BA,Nordeste,-13.5379,-39.0995,160,0,160,0,5,13,False
293130,Tapiramutá,BA,Nordeste,-11.8477,-40.7899,200,0,136,0,5,10,False
293135,Teixeira de Freitas,BA,Nordeste,-17.5385,-39.7389,165,0,0,16,18,156,False
293140,Teodoro Sampaio,BA,Nordeste,-12.3057,-38.6409,40,0,40,0,2,0,False
293150,Teofilândia,BA,Nordeste,-11.4895,-38.9998,60,0,60,0,2,18,False
293160,Teolândia,BA,Nordeste,-13.6053,-39.4898,140,0,140,0,2,5,False
293170,Terra Nova,BA,Nordeste,-12.4089,-38.6233,50,0,50,0,0,9,False
293180,Tremedal,BA,Nordeste,-14.9759,-41.4094,70,0,70,0,0,6,False
293190,Tucano,BA,Nordeste,-10.9689,-38.7884,120,0,120,0,1,44,False
293200,Uauá,BA,Nordeste,-9.8437,-39.4829,210,0,180,0,6,17,False
293210,Ubaíra,BA,Nordeste,-13.2697,-39.6625,145,0,120,0,1,7,False
293220,Ubaitaba,BA,Nordeste,-14.3078,-39.3236,60,0,60,0,0,7,False
293230,Ubatã,BA,Nordeste,-14.217,-39.5188,70,0,70,0,5,9,False
293240,Uibaí,BA,Nordeste,-11.3392,-42.1347,320,0,40,0,2,5,False
293245,Umburanas,BA,Nordeste,-10.7311,-41.3244,260,0,260,0,0,4,False
293250,Una,BA,Nordeste,-15.2937,-39.0743,110,0,110,0,2,12,False
293260,Urandi,BA,Nordeste,-14.7679,-42.6553,130,0,60,0,2,11,False
293270,Uruçuca,BA,Nordeste,-14.5932,-39.2837,50,0,50,0,5,8,False
293280,Utinga,BA,Nordeste,-12.0831,-41.0942,223,0,130,0,4,11,False
293290,Valença,BA,Nordeste,-13.3708,-39.0714,140,0,140,0,10,77,True
293300,Valente,BA,Nordeste,-11.4102,-39.4639,110,0,110,0,3,20,False
293305,Várzea da Roça,BA,Nordeste,-11.608,-40.138,150,0,150,0,3,5,False
293310,Várzea do Poço,BA,Nordeste,-11.5251,-40.3217,170,0,170,0,1,4,False
293315,Várzea Nova,BA,Nordeste,-11.255,-40.9448,220,0,130,0,4,9,False
293317,Varzedo,BA,Nordeste,-12.9772,-39.3951,95,0,95,0,4,5,False
293320,Vera Cruz,BA,Nordeste,-12.9634,-38.6081,45,0,45,0,13,37,False
293325,Vereda,BA,Nordeste,-17.2216,-40.0849,240,0,120,0,0,4,False
293330,Vitória da Conquista,BA,Nordeste,-14.8497,-40.837,0,6,0,20,73,395,False
293340,Wagner,BA,Nordeste,-12.2821,-41.1655,243,0,150,0,1,6,False
293345,Wanderley,BA,Nordeste,-12.1244,-43.8933,470,0,105,0,0,11,False
293350,Wenceslau Guimarães,BA,Nordeste,-13.6875,-39.4787,125,0,125,0,2,18,False
293360,Xique-Xique,BA,Nordeste,-10.8234,-42.732,370,0,90,0,5,58,False
310010,Abadia dos Dourados,MG,Sudeste,-18.4911,-47.4065,120,0,98,0,1,3,False
310020,Abaeté,MG,Sudeste,-19.1571,-45.448,135,0,125,0,2,20,False
310030,Abre Campo,MG,Sudeste,-20.3017,-42.4781,100,0,60,0,3,11,False
310040,Acaiaca,MG,Sudeste,-20.3637,-43.1422,90,0,50,0,1,3,False
310050,Açucena,MG,Sudeste,-19.0731,-42.5464,60,0,60,0,0,3,False
310060,Água Boa,MG,Sudeste,-17.9936,-42.3909,180,0,180,0,1,8,False
310070,Água Comprida,MG,Sudeste,-20.058,-48.1095,145,0,45,0,0,1,False
310080,Aguanil,MG,Sudeste,-20.9429,-45.3933,140,0,95,0,0,0,False
310090,Águas Formosas,MG,Sudeste,-17.0835,-40.9339,120,0,120,0,2,12,False
310100,Águas Vermelhas,MG,Sudeste,-15.7449,-41.4581,130,0,130,0,3,14,False
310110,Aimorés,MG,Sudeste,-19.4924,-41.0636,145,0,85,0,8,18,False
310120,Aiuruoca,MG,Sudeste,-21.9779,-44.6054,100,0,100,0,0,2,False
310130,Alagoa,MG,Sudeste,-22.1702,-44.6399,145,0,145,0,0,1,False
310140,Albertina,MG,Sudeste,-22.2004,-46.616,58.8,0,58.8,0,1,2,False
310150,Além Paraíba,MG,Sudeste,-21.8735,-42.6772,125,0,110,0,8,22,False
310160,Alfenas,MG,Sudeste,-21.4251,-45.9497,0,6,0,14,14,64,False
310163,Alfredo Vasconcelos,MG,Sudeste,-21.1457,-43.7763,20,0,20,0,3,5,False
310170,Almenara,MG,Sudeste,-16.1937,-40.701,200,0,200,0,6,28,False
310180,Alpercata,MG,Sudeste,-18.9794,-41.9841,20,0,20,0,1,5,False
310190,Alpinópolis,MG,Sudeste,-20.8647,-46.3881,45,0,45,0,4,20,False
310200,Alterosa,MG,Sudeste,-21.2487,-46.1424,55,0,55,0,1,11,False
310205,Alto Caparaó,MG,Sudeste,-20.4408,-41.8682,185,0,75,0,2,4,False
310210,Alto Rio Doce,MG,Sudeste,-21.0253,-43.412,85,0,85,0,0,5,False
310220,Alvarenga,MG,Sudeste,-19.419,-41.7277,100,0,80,0,1,0,False
310230,Alvinópolis,MG,Sudeste,-20.1084,-43.0579,135,0,95,0,1,8,False
310240,Alvorada de Minas,MG,Sudeste,-18.7319,-43.3645,240,0,130,0,1,4,False
310250,Amparo do Serra,MG,Sudeste,-20.5071,-42.8026,90,0,50,0,0,4,False
310260,Andradas,MG,Sudeste,-22.0694,-46.5709,60,0,60,0,3,23,False
310270,Cachoeira de Pajeú,MG,Sudeste,-15.9642,-41.4961,164.4,0,164.4,0,0,6,False
310280,Andrelândia,MG,Sudeste,-21.7394,-44.3082,120,0,90,0,2,6,False
310285,Angelândia,MG,Sudeste,-17.7272,-42.2708,180,0,180,0,0,4,False
310290,Antônio Carlos,MG,Sudeste,-21.3192,-43.7499,15,0,15,0,3,8,False
310300,Antônio Dias,MG,Sudeste,-19.653,-42.8725,100,0,100,0,1,3,False
310310,Antônio Prado de Minas,MG,Sudeste,-21.0179,-42.1115,60,0,40,0,0,0,False
310320,Araçaí,MG,Sudeste,-19.199,-44.2489,95,0,40,0,0,0,False
310330,Aracitaba,MG,Sudeste,-21.3416,-43.3784,90,0,90,0,0,3,False
310340,Araçuaí,MG,Sudeste,-16.8551,-42.0618,196,0,190,0,4,31,False
310350,Araguari,MG,Sudeste,-18.6442,-48.1973,40,0,0,10,19,84,False
310360,Arantina,MG,Sudeste,-21.9131,-44.2544,150,0,120,0,1,1,False
310370,Araponga,MG,Sudeste,-20.6668,-42.5208,90,0,90,0,0,8,False
310375,Araporã,MG,Sudeste,-18.4371,-49.1847,100,0,100,0,1,10,False
310380,Arapuá,MG,Sudeste,-19.0344,-46.1547,110,0,80,0,0,0,False
310390,Araújos,MG,Sudeste,-19.9499,-45.1683,50,0,50,0,0,6,False
310400,Araxá,MG,Sudeste,-19.5984,-46.9491,70,0,85,0,17,106,True
310410,Arceburgo,MG,Sudeste,-21.3649,-46.9416,70,0,70,0,2,5,False
310420,Arcos,MG,Sudeste,-20.2853,-45.5404,80,0,40,0,1,45,False
310430,Areado,MG,Sudeste,-21.357,-46.1471,35,0,35,0,1,10,False
310440,Argirita,MG,Sudeste,-21.6091,-42.8354,150,0,75,0,2,1,False
310445,Aricanduva,MG,Sudeste,-17.868,-42.5563,255,0,230,0,0,6,False
310450,Arinos,MG,Sudeste,-15.9191,-46.1069,120,0,120,0,2,19,False
310460,Astolfo Dutra,MG,Sudeste,-21.3136,-42.8621,120,0,70,0,3,14,False
310470,Ataléia,MG,Sudeste,-18.0434,-41.1108,90,0,90,0,1,4,False
310480,Augusto de Lima,MG,Sudeste,-18.1103,-44.2665,120,0,120,0,1,4,False
310490,Baependi,MG,Sudeste,-21.9597,-44.8904,70,0,70,0,1,9,False
310500,Baldim,MG,Sudeste,-19.2882,-43.9567,95,0,50,0,0,3,False
310510,Bambuí,MG,Sudeste,-20.0115,-45.9789,60,0,100,0,2,12,False
310520,Bandeira,MG,Sudeste,-15.8866,-40.5598,290,0,290,0,1,2,False
310530,Bandeira do Sul,MG,Sudeste,-21.7283,-46.3859,50,0,50,0,0,6,False
310540,Barão de Cocais,MG,Sudeste,-19.9451,-43.4873,110,0,110,0,8,44,False
310550,Barão do Monte Alto,MG,Sudeste,-21.2458,-42.2379,90,0,30,0,1,3,False
310560,Barbacena,MG,Sudeste,-21.226,-43.7738,0,11,0,8,22,95,False
310570,Barra Longa,MG,Sudeste,-20.283,-43.0417,100,0,60,0,1,3,False
310590,Barroso,MG,Sudeste,-21.1871,-43.9772,40,0,40,0,5,15,False
310600,Bela Vista de Minas,MG,Sudeste,-19.8285,-43.0974,90,0,90,0,2,9,False
310610,Belmiro Braga,MG,Sudeste,-21.951,-43.4171,150,0,70,0,0,1,False
310620,Belo Horizonte,MG,Sudeste,-19.9237,-43.9363,0,73,0,141,538,1807,False
310630,Belo Oriente,MG,Sudeste,-19.2221,-42.4834,40,0,40,0,0,14,False
310640,Belo Vale,MG,Sudeste,-20.4102,-44.0243,100,0,100,0,0,6,False
310650,Berilo,MG,Sudeste,-16.9496,-42.4638,256,0,250,0,3,2,False
310660,Bertópolis,MG,Sudeste,-17.0651,-40.5725,170,0,170,0,1,6,False
310665,Berizal,MG,Sudeste,-15.613,-41.7414,270,0,140,0,0,5,False
310670,Betim,MG,Sudeste,-19.9697,-44.2075,0,14,0,20,66,399,False
310680,Bias Fortes,MG,Sudeste,-21.6062,-43.7569,60,0,60,0,0,2,False
310690,Bicas,MG,Sudeste,-21.7175,-43.0628,120,0,45,0,3,10,False
310700,Biquinhas,MG,Sudeste,-18.783,-45.5035,195,0,185,0,0,0,False
310710,Boa Esperança,MG,Sudeste,-21.0926,-45.5629,80,0,75,0,13,41,False
310720,Bocaina de Minas,MG,Sudeste,-22.168,-44.3951,123.9,0,143.9,0,0,4,False
310730,Bocaiúva,MG,Sudeste,-17.1078,-43.8153,40,0,40,0,14,37,False
310740,Bom Despacho,MG,Sudeste,-19.7373,-45.2521,70,0,70,0,7,40,False
310750,Bom Jardim de Minas,MG,Sudeste,-21.9502,-44.1879,130,0,105,0,3,4,False
310760,Bom Jesus da Penha,MG,Sudeste,-21.0171,-46.5228,72,0,72,0,0,0,False
310770,Bom Jesus do Amparo,MG,Sudeste,-19.7049,-43.4755,85,0,85,0,1,4,False
310780,Bom Jesus do Galho,MG,Sudeste,-19.8284,-42.3168,110,0,50,0,3,10,False
310790,Bom Repouso,MG,Sudeste,-22.4711,-46.147,45,0,45,0,4,6,False
310800,Bom Sucesso,MG,Sudeste,-21.0369,-44.7611,120,0,60,0,4,7,False
310810,Bonfim,MG,Sudeste,-20.3269,-44.2393,80,0,80,0,0,5,False
310820,Bonfinópolis de Minas,MG,Sudeste,-16.5661,-45.9864,210,0,210,0,3,4,False
310825,Bonito de Minas,MG,Sudeste,-15.3251,-44.755,210,0,210,0,1,8,False
310830,Borda da Mata,MG,Sudeste,-22.2734,-46.166,25,0,25,0,1,14,False
310840,Botelhos,MG,Sudeste,-21.6499,-46.3956,50,0,50,0,0,4,False
310850,Botumirim,MG,Sudeste,-16.8608,-43.011,150,0,150,0,1,2,False
310855,Brasilândia de Minas,MG,Sudeste,-17.0095,-46.0066,270,0,165,0,3,15,False
310860,Brasília de Minas,MG,Sudeste,-16.21,-44.4327,100,0,100,0,4,30,True
310870,Brás Pires,MG,Sudeste,-20.8478,-43.2437,110,0,60,0,2,4,False
310880,Braúnas,MG,Sudeste,-19.0575,-42.7188,120,0,120,0,0,1,False
310890,Brazópolis,MG,Sudeste,-22.4734,-45.6185,75,0,40,0,1,11,False
310900,Brumadinho,MG,Sudeste,-20.1489,-44.2166,60,0,60,0,7,33,False
310910,Bueno Brandão,MG,Sudeste,-22.4418,-46.3512,75,0,75,0,1,5,False
310920,Buenópolis,MG,Sudeste,-17.8736,-44.1772,100,0,100,0,3,3,False
310925,Bugre,MG,Sudeste,-19.4262,-42.2561,55,0,55,0,0,1,False
310930,Buritis,MG,Sudeste,-15.6238,-46.4229,120,0,120,0,5,13,False
310940,Buritizeiro,MG,Sudeste,-17.3525,-44.9571,220,0,60,0,10,19,False
310945,Cabeceira Grande,MG,Sudeste,-16.0281,-47.0912,180,0,140,0,0,4,False
310950,Cabo Verde,MG,Sudeste,-21.4732,-46.3973,80,0,80,0,0,11,False
310960,Cachoeira da Prata,MG,Sudeste,-19.5245,-44.4514,85,0,20,0,0,0,False
310970,Cachoeira de Minas,MG,Sudeste,-22.3554,-45.7792,45,0,45,0,3,9,False
310980,Cachoeira Dourada,MG,Sudeste,-18.5171,-49.5002,180,0,180,0,1,0,False
310990,Caetanópolis,MG,Sudeste,-19.2954,-44.4135,105,0,40,0,1,4,False
311000,Caeté,MG,Sudeste,-19.8985,-43.6707,60,0,60,0,5,32,False
311010,Caiana,MG,Sudeste,-20.6955,-41.9232,125,0,45,0,1,2,False
311020,Cajuri,MG,Sudeste,-20.7894,-42.796,30,0,30,0,0,1,False
311030,Caldas,MG,Sudeste,-21.924,-46.3874,45,0,45,0,3,11,False
311040,Camacho,MG,Sudeste,-20.6252,-45.1574,100,0,100,0,1,0,False
311050,Camanducaia,MG,Sudeste,-22.743,-46.133,50,0,50,0,2,14,False
311060,Cambuí,MG,Sudeste,-22.6118,-46.0576,50,0,50,0,2,19,False
311070,Cambuquira,MG,Sudeste,-21.8509,-45.2955,20,0,20,0,3,10,False
311080,Campanário,MG,Sudeste,-18.2389,-41.7298,50,0,50,0,0,2,False
311090,Campanha,MG,Sudeste,-21.8351,-45.3994,40,0,40,0,1,10,False
311100,Campestre,MG,Sudeste,-21.7114,-46.2469,60,0,60,0,3,17,False
311110,Campina Verde,MG,Sudeste,-19.5325,-49.4799,120,0,120,0,2,8,False
311115,Campo Azul,MG,Sudeste,-16.5088,-44.8137,142.4,0,142.4,0,1,2,False
311120,Campo Belo,MG,Sudeste,-20.8934,-45.277,140,0,65,0,9,33,False
311130,Campo do Meio,MG,Sudeste,-21.1074,-45.8293,80,0,80,0,3,7,False
311140,Campo Florido,MG,Sudeste,-19.7605,-48.5725,110,0,60,0,0,3,False
311150,Campos Altos,MG,Sudeste,-19.6966,-46.1711,0,1,135,0,0,14,False
311160,Campos Gerais,MG,Sudeste,-21.2355,-45.758,50,0,50,0,2,12,False
311170,Canaã,MG,Sudeste,-20.6856,-42.6207,60,0,60,0,1,2,False
311180,Canápolis,MG,Sudeste,-18.7235,-49.2023,120,0,120,0,1,1,False
311190,Cana Verde,MG,Sudeste,-21.0201,-45.1838,130,0,45,0,1,1,False
311200,Candeias,MG,Sudeste,-20.77,-45.2747,110,0,60,0,0,11,False
311205,Cantagalo,MG,Sudeste,-18.5244,-42.6278,155,0,155,0,1,5,False
311210,Caparaó,MG,Sudeste,-20.5248,-41.905,160,0,80,0,0,8,False
311220,Capela Nova,MG,Sudeste,-20.9238,-43.6181,75,0,75,0,1,2,False
311230,Capelinha,MG,Sudeste,-17.6926,-42.5169,225,0,200,0,7,27,False
311240,Capetinga,MG,Sudeste,-20.6187,-47.0569,80,0,50,0,0,7,False
311250,Capim Branco,MG,Sudeste,-19.5486,-44.1338,60,0,50,0,1,8,False
311260,Capinópolis,MG,Sudeste,-18.6819,-49.5714,160,0,160,0,6,20,False
311265,Capitão Andrade,MG,Sudeste,-19.072,-41.86,30,0,30,0,2,0,False
311270,Capitão Enéas,MG,Sudeste,-16.3247,-43.7094,60,0,60,0,5,19,False
311280,Capitólio,MG,Sudeste,-20.6152,-46.0506,60,0,60,0,4,3,False
311290,Caputira,MG,Sudeste,-20.1723,-42.2705,225,0,70,0,0,2,False
311300,Caraí,MG,Sudeste,-17.1878,-41.6983,100,0,100,0,5,7,False
311310,Caranaíba,MG,Sudeste,-20.8748,-43.7375,75,0,75,0,0,1,False
311320,Carandaí,MG,Sudeste,-20.9528,-43.8067,30,0,30,0,3,25,False
311330,Carangola,MG,Sudeste,-20.7335,-42.0294,80,0,0,10,8,22,False
311340,Caratinga,MG,Sudeste,-19.7902,-42.14,80,0,0,6,10,56,False
311350,Carbonita,MG,Sudeste,-17.5272,-43.0158,210,0,130,0,2,10,False
311360,Careaçu,MG,Sudeste,-22.0433,-45.6995,30,0,30,0,2,3,False
311370,Carlos Chagas,MG,Sudeste,-17.7042,-40.7627,90,0,90,0,9,7,False
311380,Carmésia,MG,Sudeste,-19.087,-43.1419,235,0,235,0,0,1,False
311390,Carmo da Cachoeira,MG,Sudeste,-21.4606,-45.2243,35,0,35,0,3,11,False
311400,Carmo da Mata,MG,Sudeste,-20.5605,-44.8694,50,0,50,0,1,2,False
311410,Carmo de Minas,MG,Sudeste,-22.1233,-45.1315,20,0,20,0,3,10,False
311420,Carmo do Cajuru,MG,Sudeste,-20.187,-44.7698,20,0,20,0,2,17,False
311430,Carmo do Paranaíba,MG,Sudeste,-18.9972,-46.3166,130,0,55,0,3,24,False
311440,Carmo do Rio Claro,MG,Sudeste,-20.9707,-46.1219,80,0,80,0,1,10,False
311450,Carmópolis de Minas,MG,Sudeste,-20.5416,-44.6352,80,0,80,0,3,9,False
311455,Carneirinho,MG,Sudeste,-19.6983,-50.6938,170,0,170,0,3,1,False
311460,Carrancas,MG,Sudeste,-21.4883,-44.6423,145,0,80,0,0,4,False
311470,Carvalhópolis,MG,Sudeste,-21.7782,-45.8432,50,0,50,0,2,1,False
311480,Carvalhos,MG,Sudeste,-21.998,-44.4638,152,0,172,0,1,2,False
311490,Casa Grande,MG,Sudeste,-20.7937,-43.93,105,0,105,0,1,1,False
311500,Cascalho Rico,MG,Sudeste,-18.5767,-47.8755,350,0,230,0,0,3,False
311510,Cássia,MG,Sudeste,-20.584,-46.9218,55,0,55,0,4,17,False
311520,Conceição da Barra de Minas,MG,Sudeste,-21.1286,-44.4726,125,0,50,0,0,6,False
311530,Cataguases,MG,Sudeste,-21.3893,-42.6972,135,0,75,0,15,38,False
311535,Catas Altas,MG,Sudeste,-20.0749,-43.4077,130,0,130,0,2,3,False
311540,Catas Altas da Noruega,MG,Sudeste,-20.6906,-43.4979,105,0,105,0,1,0,False
311545,Catuji,MG,Sudeste,-17.3,-41.5167,60,0,60,0,1,8,False
311547,Catuti,MG,Sudeste,-15.3612,-42.9607,90,0,90,0,0,4,False
311550,Caxambu,MG,Sudeste,-21.9791,-44.9346,55,0,55,0,4,10,False
311560,Cedro do Abaeté,MG,Sudeste,-19.1454,-45.7158,129.2,0,164.2,0,0,0,False
311570,Central de Minas,MG,Sudeste,-18.7614,-41.3065,70,0,70,0,0,6,False
311580,Centralina,MG,Sudeste,-18.5842,-49.1987,110,0,110,0,1,7,False
311590,Chácara,MG,Sudeste,-21.6717,-43.2208,115,0,45,0,1,1,False
311600,Chalé,MG,Sudeste,-20.0438,-41.6893,195,0,110,0,0,3,False
311610,Chapada do Norte,MG,Sudeste,-17.0883,-42.5381,331,0,250,0,3,8,False
311615,Chapada Gaúcha,MG,Sudeste,-15.2969,-45.6257,200,0,200,0,1,11,False
311620,Chiador,MG,Sudeste,-22.0034,-43.0578,85,0,85,0,0,1,False
311630,Cipotânea,MG,Sudeste,-20.9052,-43.3657,125,0,125,0,0,6,False
311640,Claraval,MG,Sudeste,-20.4023,-47.2852,120,0,30,0,1,6,False
311650,Claro dos Poções,MG,Sudeste,-17.082,-44.2079,180,0,180,0,0,4,False
311660,Cláudio,MG,Sudeste,-20.4448,-44.7647,50,0,50,0,5,14,False
311670,Coimbra,MG,Sudeste,-20.8566,-42.8023,20,0,20,0,1,4,False
311680,Coluna,MG,Sudeste,-18.233,-42.8407,220,0,190,0,4,5,False
311690,Comendador Gomes,MG,Sudeste,-19.693,-49.0843,120,0,120,0,0,5,False
311700,Comercinho,MG,Sudeste,-16.2971,-41.7942,240,0,240,0,1,3,False
311710,Conceição da Aparecida,MG,Sudeste,-21.0937,-46.2038,75,0,75,0,1,2,False
311720,Conceição das Pedras,MG,Sudeste,-22.1601,-45.4553,115,0,90,0,0,7,False
311730,Conceição das Alagoas,MG,Sudeste,-19.918,-48.3864,105,0,60,0,3,23,False
311740,Conceição de Ipanema,MG,Sudeste,-19.9297,-41.6918,215,0,60,0,0,1,False
311750,Conceição do Mato Dentro,MG,Sudeste,-19.0365,-43.4257,210,0,210,0,1,19,False
311760,Conceição do Pará,MG,Sudeste,-19.7535,-44.8973,60,0,60,0,0,3,False
311770,Conceição do Rio Verde,MG,Sudeste,-21.8804,-45.0879,60,0,60,0,1,11,False
311780,Conceição dos Ouros,MG,Sudeste,-22.4124,-45.7969,60,0,60,0,1,2,False
311783,Cônego Marinho,MG,Sudeste,-15.2964,-44.4141,230,0,230,0,1,1,False
311787,Confins,MG,Sudeste,-19.6261,-43.9924,60,0,45,0,2,7,False
311790,Congonhal,MG,Sudeste,-22.153,-46.0399,20,0,20,0,1,9,False
311800,Congonhas,MG,Sudeste,-20.5077,-43.8608,70,0,70,0,9,60,False
311810,Congonhas do Norte,MG,Sudeste,-18.8078,-43.6807,285,0,285,0,0,2,False
311820,Conquista,MG,Sudeste,-19.937,-47.5443,145,0,60,0,2,3,False
311830,Conselheiro Lafaiete,MG,Sudeste,-20.6603,-43.7857,60,0,60,0,22,116,True
311840,Conselheiro Pena,MG,Sudeste,-19.1721,-41.4726,85,0,85,0,3,8,False
311850,Consolação,MG,Sudeste,-22.5528,-45.9231,90,0,90,0,0,0,False
311860,Contagem,MG,Sudeste,-19.9192,-44.0928,0,10,0,20,118,511,False
311870,Coqueiral,MG,Sudeste,-21.1899,-45.4407,80,0,55,0,0,7,False
311880,Coração de Jesus,MG,Sudeste,-16.6881,-44.3626,60,0,60,0,6,9,False
311890,Cordisburgo,MG,Sudeste,-19.1226,-44.3226,105,0,50,0,3,6,False
311900,Cordislândia,MG,Sudeste,-21.7923,-45.7014,80,0,80,0,0,6,False
311910,Corinto,MG,Sudeste,-18.3627,-44.4555,145,0,125,0,2,20,False
311920,Coroaci,MG,Sudeste,-18.621,-42.2842,80,0,80,0,1,2,False
311930,Coromandel,MG,Sudeste,-18.4725,-47.2023,100,0,70,0,6,16,False
311940,Coronel Fabriciano,MG,Sudeste,-19.5273,-42.6245,60,0,60,0,11,86,False
311950,Coronel Murta,MG,Sudeste,-16.6161,-42.1829,246,0,140,0,0,1,False
311960,Coronel Pacheco,MG,Sudeste,-21.588,-43.2658,125,0,45,0,0,0,False
311970,Coronel Xavier Chaves,MG,Sudeste,-21.0229,-44.2257,105,0,30,0,0,0,False
311980,Córrego Danta,MG,Sudeste,-19.8236,-45.9042,45,0,130,0,0,1,False
311990,Córrego do Bom Jesus,MG,Sudeste,-22.63,-46.0197,110,0,110,0,0,1,False
311995,Córrego Fundo,MG,Sudeste,-20.4516,-45.5506,80,0,30,0,1,5,False
312000,Córrego Novo,MG,Sudeste,-19.833,-42.4015,90,0,80,0,1,1,False
312010,Couto de Magalhães de Minas,MG,Sudeste,-18.0725,-43.4717,120,0,40,0,3,4,False
312015,Crisólita,MG,Sudeste,-17.2377,-40.9116,100,0,100,0,1,5,False
312020,Cristais,MG,Sudeste,-20.877,-45.5165,140,0,125,0,1,7,False
312030,Cristália,MG,Sudeste,-16.7113,-42.8635,149,0,149,0,2,1,False
312040,Cristiano Otoni,MG,Sudeste,-20.8304,-43.805,45,0,45,0,4,3,False
312050,Cristina,MG,Sudeste,-22.21,-45.2629,40,0,40,0,2,7,False
312060,Crucilândia,MG,Sudeste,-20.3929,-44.3379,95,0,95,0,1,3,False
312070,Cruzeiro da Fortaleza,MG,Sudeste,-18.9465,-46.6731,170,0,50,0,0,0,False
312080,Cruzília,MG,Sudeste,-21.8416,-44.8102,95,0,95,0,1,13,False
312083,Cuparaque,MG,Sudeste,-18.9701,-41.0997,140.2,0,140.2,0,1,6,False
312087,Curral de Dentro,MG,Sudeste,-15.9371,-41.8551,220,0,140,0,4,3,False
312090,Curvelo,MG,Sudeste,-18.7523,-44.4284,130,0,80,0,16,56,True
312100,Datas,MG,Sudeste,-18.447,-43.6587,200,0,50,0,0,4,False
312110,Delfim Moreira,MG,Sudeste,-22.5097,-45.2842,90,0,60,0,2,6,False
312120,Delfinópolis,MG,Sudeste,-20.3448,-46.8553,115,0,115,0,1,3,False
312125,Delta,MG,Sudeste,-19.9728,-47.778,145,0,45,0,2,8,False
312130,Descoberto,MG,Sudeste,-21.4597,-42.9676,130,0,90,0,0,0,False
312140,Desterro de Entre Rios,MG,Sudeste,-20.6598,-44.3349,130,0,120,0,4,2,False
312150,Desterro do Melo,MG,Sudeste,-21.1472,-43.518,40,0,40,0,0,0,False
312160,Diamantina,MG,Sudeste,-18.2448,-43.5973,150,0,0,8,7,30,False
312170,Diogo de Vasconcelos,MG,Sudeste,-20.488,-43.1993,78,0,70.9,0,0,8,False
312180,Dionísio,MG,Sudeste,-19.842,-42.7766,130,0,130,0,0,3,False
312190,Divinésia,MG,Sudeste,-20.9904,-43.0036,80,0,30,0,1,3,False
312200,Divino,MG,Sudeste,-20.6145,-42.1478,110,0,30,0,7,10,False
312210,Divino das Laranjeiras,MG,Sudeste,-18.7785,-41.4802,60,0,60,0,1,3,False
312220,Divinolândia de Minas,MG,Sudeste,-18.8048,-42.6118,105,0,105,0,1,6,False
312230,Divinópolis,MG,Sudeste,-20.1703,-44.9109,0,6,0,6,40,152,False
312235,Divisa Alegre,MG,Sudeste,-15.7257,-41.3463,100,0,100,0,1,2,False
312240,Divisa Nova,MG,Sudeste,-21.5122,-46.1943,40,0,40,0,3,2,False
312245,Divisópolis,MG,Sudeste,-15.7257,-41.0014,1020,0,1020,0,1,2,False
312247,Dom Bosco,MG,Sudeste,-16.6477,-46.2654,253.3,0,220.4,0,0,0,False
312250,Dom Cavati,MG,Sudeste,-19.3751,-42.1073,55,0,50,0,1,1,False
312260,Dom Joaquim,MG,Sudeste,-18.9677,-43.2554,220,0,200,0,0,4,False
312270,Dom Silvério,MG,Sudeste,-20.1608,-42.9679,110,0,70,0,1,2,False
312280,Dom Viçoso,MG,Sudeste,-22.2538,-45.1614,35,0,35,0,0,1,False
312290,Dona Euzébia,MG,Sudeste,-21.3154,-42.8119,130,0,80,0,2,4,False
312300,Dores de Campos,MG,Sudeste,-21.1111,-44.0209,60,0,60,0,3,7,False
312310,Dores de Guanhães,MG,Sudeste,-19.0585,-42.9285,165,0,165,0,0,2,False
312320,Dores do Indaiá,MG,Sudeste,-19.4628,-45.6021,90,0,130,0,0,5,False
312330,Dores do Turvo,MG,Sudeste,-20.975,-43.1884,110,0,60,0,0,3,False
312340,Doresópolis,MG,Sudeste,-20.2884,-45.9032,110,0,110,0,0,2,False
312350,Douradoquara,MG,Sudeste,-18.4328,-47.609,109.2,0,109.2,0,0,0,False
312352,Durandé,MG,Sudeste,-20.2025,-41.8004,200,0,45,0,1,7,False
312360,Elói Mendes,MG,Sudeste,-21.61,-45.5661,25,0,25,0,1,24,False
312370,Engenheiro Caldas,MG,Sudeste,-19.1989,-42.047,45,0,45,0,3,9,False
312380,Engenheiro Navarro,MG,Sudeste,-17.284,-43.9491,65,0,65,0,0,8,False
312385,Entre Folhas,MG,Sudeste,-19.6262,-42.2325,105,0,35,0,0,3,False
312390,Entre Rios de Minas,MG,Sudeste,-20.6719,-44.0657,115,0,70,0,2,16,False
312400,Ervália,MG,Sudeste,-20.84,-42.6565,40,0,40,0,2,15,False
312410,Esmeraldas,MG,Sudeste,-19.7613,-44.3143,40,0,40,0,9,67,False
312420,Espera Feliz,MG,Sudeste,-20.6508,-41.9086,115,0,35,0,5,17,False
312430,Espinosa,MG,Sudeste,-14.9268,-42.817,105,0,85,0,7,33,False
312440,Espírito Santo do Dourado,MG,Sudeste,-22.0474,-45.9514,40,0,40,0,0,5,False
312450,Estiva,MG,Sudeste,-22.4652,-46.0179,30,0,30,0,1,10,False
312460,Estrela Dalva,MG,Sudeste,-21.7429,-42.4615,110,0,110,0,0,1,False
312470,Estrela do Indaiá,MG,Sudeste,-19.5214,-45.7879,65.8,0,145.8,0,0,0,False
312480,Estrela do Sul,MG,Sudeste,-18.7422,-47.69,95,0,55,0,1,9,False
312490,Eugenópolis,MG,Sudeste,-21.0973,-42.1834,70,0,30,0,1,8,False
312500,Ewbank da Câmara,MG,Sudeste,-21.5502,-43.5091,55,0,30,0,0,3,False
312510,Extrema,MG,Sudeste,-22.8401,-46.3282,30,0,30,0,5,41,False
312520,Fama,MG,Sudeste,-21.4071,-45.8317,40,0,40,0,0,0,False
312530,Faria Lemos,MG,Sudeste,-20.8061,-42.0116,110,0,30,0,1,1,False
312540,Felício dos Santos,MG,Sudeste,-18.0769,-43.247,160,0,80,0,1,3,False
312550,São Gonçalo do Rio Preto,MG,Sudeste,-18.0049,-43.3818,140,0,60,0,0,2,False
312560,Felisburgo,MG,Sudeste,-16.6397,-40.7615,230,0,230,0,1,3,False
312570,Felixlândia,MG,Sudeste,-18.7578,-44.899,140,0,85,0,1,5,False
312580,Fernandes Tourinho,MG,Sudeste,-19.1528,-42.0828,70,0,70,0,0,0,False
312590,Ferros,MG,Sudeste,-19.232,-43.0218,180,0,180,0,0,4,False
312595,Fervedouro,MG,Sudeste,-20.7309,-42.2804,110,0,30,0,0,15,False
312600,Florestal,MG,Sudeste,-19.8875,-44.4329,50,0,50,0,0,4,False
312610,Formiga,MG,Sudeste,-20.465,-45.4296,50,0,0,9,12,42,False
312620,Formoso,MG,Sudeste,-14.9477,-46.2321,210,0,210,0,2,6,False
312630,Fortaleza de Minas,MG,Sudeste,-20.8497,-46.7129,34,0,34,0,0,2,False
312640,Fortuna de Minas,MG,Sudeste,-19.5611,-44.4476,90,0,25,0,1,2,False
312650,Francisco Badaró,MG,Sudeste,-16.9902,-42.3524,240,0,240,0,1,6,False
312660,Francisco Dumont,MG,Sudeste,-17.3145,-44.2318,100,0,100,0,0,5,False
312670,Francisco Sá,MG,Sudeste,-16.4763,-43.4901,60,0,60,0,7,12,False
312675,Franciscópolis,MG,Sudeste,-17.9603,-42.0064,130,0,130,0,2,1,False
312680,Frei Gaspar,MG,Sudeste,-18.0648,-41.4286,50,0,50,0,3,4,False
312690,Frei Inocêncio,MG,Sudeste,-18.5651,-41.9077,30,0,30,0,4,8,False
312695,Frei Lagonegro,MG,Sudeste,-18.1678,-42.7663,213.9,0,204.9,0,0,3,False
312700,Fronteira,MG,Sudeste,-20.2854,-49.204,60,0,60,0,3,12,False
312705,Fronteira dos Vales,MG,Sudeste,-16.8925,-40.9253,155,0,155,0,0,4,False
312707,Fruta de Leite,MG,Sudeste,-16.1176,-42.5291,270,0,140,0,2,2,False
312710,Frutal,MG,Sudeste,-20.0286,-48.9358,70,0,70,0,6,39,False
312720,Funilândia,MG,Sudeste,-19.3669,-44.0565,70,0,30,0,1,4,False
312730,Galiléia,MG,Sudeste,-19.0017,-41.5382,60,0,60,0,0,5,False
312733,Gameleiras,MG,Sudeste,-15.083,-43.1171,200,0,200,0,0,4,False
312735,Glaucilândia,MG,Sudeste,-16.8519,-43.6934,30,0,30,0,1,0,False
312737,Goiabeira,MG,Sudeste,-18.9799,-41.2213,110.2,0,110.2,0,0,3,False
312738,Goianá,MG,Sudeste,-21.5381,-43.2018,140,0,60,0,0,4,False
312740,Gonçalves,MG,Sudeste,-22.6596,-45.8549,115,0,100,0,0,4,False
312750,Gonzaga,MG,Sudeste,-18.8251,-42.4791,83,0,83,0,2,2,False
312760,Gouveia,MG,Sudeste,-18.455,-43.7412,195,0,45,0,0,9,False
312770,Governador Valadares,MG,Sudeste,-18.8584,-41.945,0,8,0,20,51,237,False
312780,Grão Mogol,MG,Sudeste,-16.5637,-42.8929,109,0,109,0,2,2,False
312790,Grupiara,MG,Sudeste,-18.4933,-47.7232,90,0,90,0,0,0,False
312800,Guanhães,MG,Sudeste,-18.7753,-42.9338,150,0,150,0,6,33,False
312810,Guapé,MG,Sudeste,-20.7597,-45.9169,88,0,88,0,2,4,False
312820,Guaraciaba,MG,Sudeste,-20.5717,-43.0073,70,0,45,0,1,6,False
312825,Guaraciama,MG,Sudeste,-17.0133,-43.6695,60,0,60,0,3,3,False
312830,Guaranésia,MG,Sudeste,-21.2999,-46.8026,95,0,95,0,1,20,False
312840,Guarani,MG,Sudeste,-21.3591,-43.0491,105,0,65,0,1,6,False
312850,Guarará,MG,Sudeste,-21.7324,-43.0385,145,0,65,0,0,3,False
312860,Guarda-Mor,MG,Sudeste,-17.7709,-47.1013,165,0,60,0,0,5,False
312870,Guaxupé,MG,Sudeste,-21.3056,-46.7122,110,0,110,0,11,30,False
312880,Guidoval,MG,Sudeste,-21.1513,-42.7993,80,0,30,0,0,5,False
312890,Guimarânia,MG,Sudeste,-18.8438,-46.7938,145,0,25,0,2,11,False
312900,Guiricema,MG,Sudeste,-21.009,-42.7191,65,0,40,0,2,9,False
312910,Gurinhatã,MG,Sudeste,-19.2146,-49.7873,200,0,200,0,0,2,False
312920,Heliodora,MG,Sudeste,-22.067,-45.5421,60,0,60,0,0,1,False
312930,Iapu,MG,Sudeste,-19.4369,-42.2157,35,0,35,0,3,7,False
312940,Ibertioga,MG,Sudeste,-21.431,-43.9631,60,0,60,0,0,3,False
312950,Ibiá,MG,Sudeste,-19.4881,-46.5435,60,0,75,0,3,14,False
312960,Ibiaí,MG,Sudeste,-16.8587,-44.9139,173,0,70,0,2,9,False
312965,Ibiracatu,MG,Sudeste,-15.6646,-44.1672,195,0,195,0,2,4,False
312970,Ibiraci,MG,Sudeste,-20.4628,-47.1231,80,0,50,0,2,7,False
312980,Ibirité,MG,Sudeste,-20.0212,-44.0671,60,0,60,0,44,198,False
312990,Ibitiúra de Minas,MG,Sudeste,-22.0606,-46.4402,90,0,90,0,1,3,False
313000,Ibituruna,MG,Sudeste,-21.1514,-44.7481,145,0,85,0,0,3,False
313005,Icaraí de Minas,MG,Sudeste,-16.2181,-44.9071,270,0,270,0,2,7,False
313010,Igarapé,MG,Sudeste,-20.0706,-44.3026,60,0,60,0,3,49,False
313020,Igaratinga,MG,Sudeste,-19.9526,-44.7078,40,0,40,0,2,15,False
313030,Iguatama,MG,Sudeste,-20.1759,-45.7057,100,0,70,0,1,4,False
313040,Ijaci,MG,Sudeste,-21.1711,-44.9245,110,0,25,0,1,4,False
313050,Ilicínea,MG,Sudeste,-20.938,-45.8268,99,0,95,0,3,10,False
313055,Imbé de Minas,MG,Sudeste,-19.5978,-41.9699,90,0,50,0,2,3,False
313060,Inconfidentes,MG,Sudeste,-22.3175,-46.3281,45,0,45,0,1,6,False
313065,Indaiabira,MG,Sudeste,-15.4925,-42.1977,196.3,0,30,0,1,5,False
313070,Indianópolis,MG,Sudeste,-19.0396,-47.9176,60,0,60,0,2,3,False
313080,Ingaí,MG,Sudeste,-21.4019,-44.9181,105,0,45,0,0,1,False
313090,Inhapim,MG,Sudeste,-19.5503,-42.1221,50,0,30,0,1,14,False
313100,Inhaúma,MG,Sudeste,-19.4912,-44.3883,85,0,20,0,1,3,False
313110,Inimutaba,MG,Sudeste,-18.728,-44.3622,190,0,120,0,1,1,False
313115,Ipaba,MG,Sudeste,-19.4117,-42.4197,25,0,25,0,3,8,False
313120,Ipanema,MG,Sudeste,-19.8008,-41.7143,230,0,80,0,3,13,False
313130,Ipatinga,MG,Sudeste,-19.4792,-42.5278,0,5,0,5,46,159,False
313140,Ipiaçu,MG,Sudeste,-18.6921,-49.9434,210,0,210,0,0,1,False
313150,Ipuiúna,MG,Sudeste,-22.0988,-46.19,50,0,50,0,0,8,False
313160,Iraí de Minas,MG,Sudeste,-18.9829,-47.4615,95,0,50,0,0,9,False
313170,Itabira,MG,Sudeste,-19.6251,-43.221,105,0,105,0,16,102,True
313180,Itabirinha,MG,Sudeste,-18.5683,-41.2341,115,0,115,0,1,6,False
313190,Itabirito,MG,Sudeste,-20.255,-43.7999,55,0,55,0,7,56,False
313200,Itacambira,MG,Sudeste,-17.0643,-43.3101,90,0,90,0,0,2,False
313210,Itacarambi,MG,Sudeste,-15.1018,-44.0954,200,0,200,0,4,16,False
313220,Itaguara,MG,Sudeste,-20.3916,-44.4876,60,0,60,0,4,10,False
313230,Itaipé,MG,Sudeste,-17.4031,-41.6701,120,0,120,0,3,12,False
313240,Itajubá,MG,Sudeste,-22.4259,-45.4528,60,0,0,6,18,89,False
313250,Itamarandiba,MG,Sudeste,-17.8568,-42.8582,225,0,145,0,9,16,False
313260,Itamarati de Minas,MG,Sudeste,-21.4177,-42.8186,175,0,115,0,0,1,False
313270,Itambacuri,MG,Sudeste,-18.0324,-41.6851,30,0,30,0,6,19,False
313280,Itambé do Mato Dentro,MG,Sudeste,-19.4143,-43.3223,175,0,175,0,0,0,False
313290,Itamogi,MG,Sudeste,-21.0778,-47.0424,25,0,25,0,1,10,False
313300,Itamonte,MG,Sudeste,-22.2838,-44.8678,85,0,85,0,1,4,False
313310,Itanhandu,MG,Sudeste,-22.2957,-44.9366,55,0,55,0,0,11,False
313320,Itanhomi,MG,Sudeste,-19.1716,-41.8649,60,0,60,0,5,7,False
313330,Itaobim,MG,Sudeste,-16.562,-41.5025,120,0,120,0,4,10,False
313340,Itapagipe,MG,Sudeste,-19.9023,-49.3709,130,0,130,0,2,6,False
313350,Itapecerica,MG,Sudeste,-20.4709,-45.1247,60,0,60,0,0,12,False
313360,Itapeva,MG,Sudeste,-22.7665,-46.2225,45,0,45,0,2,13,False
313370,Itatiaiuçu,MG,Sudeste,-20.1979,-44.4225,60,0,60,0,0,5,False
313375,Itaú de Minas,MG,Sudeste,-20.7402,-46.7523,20,0,20,0,4,5,False
313380,Itaúna,MG,Sudeste,-20.0735,-44.577,30,0,30,0,17,53,False
313390,Itaverava,MG,Sudeste,-20.6761,-43.6089,100,0,100,0,0,2,False
313400,Itinga,MG,Sudeste,-16.6105,-41.7709,156,0,156,0,1,4,False
313410,Itueta,MG,Sudeste,-19.3962,-41.2269,125,0,90,0,1,4,False
313420,Ituiutaba,MG,Sudeste,-18.9691,-49.4643,120,0,120,0,10,67,True
313430,Itumirim,MG,Sudeste,-21.3156,-44.8707,115,0,30,0,1,5,False
313440,Iturama,MG,Sudeste,-19.7277,-50.1936,110,0,110,0,5,34,False
313450,Itutinga,MG,Sudeste,-21.2981,-44.6577,110,0,45,0,2,2,False
313460,Jaboticatubas,MG,Sudeste,-19.5176,-43.7465,75,0,75,0,3,16,False
313470,Jacinto,MG,Sudeste,-16.1449,-40.2916,250,0,250,0,4,6,False
313480,Jacuí,MG,Sudeste,-21.016,-46.7419,60,0,60,0,0,1,False
313490,Jacutinga,MG,Sudeste,-22.2883,-46.6142,72.4,0,55,0,1,8,False
313500,Jaguaraçu,MG,Sudeste,-19.6471,-42.7513,60,0,60,0,0,0,False
313505,Jaíba,MG,Sudeste,-15.3338,-43.6741,60,0,60,0,10,21,False
313507,Jampruca,MG,Sudeste,-18.4614,-41.8096,60,0,60,0,0,3,False
313510,Janaúba,MG,Sudeste,-15.7984,-43.3071,0,5,0,10,19,75,False
313520,Januária,MG,Sudeste,-15.4887,-44.3624,140,0,140,0,6,54,True
313530,Japaraíba,MG,Sudeste,-20.1416,-45.5048,100,0,80,0,4,2,False
313535,Japonvar,MG,Sudeste,-15.9991,-44.2729,80,0,80,0,0,2,False
313540,Jeceaba,MG,Sudeste,-20.5358,-43.9828,115,0,105,0,1,5,False
313545,Jenipapo de Minas,MG,Sudeste,-17.083,-42.2589,1320,0,1320,0,0,5,False
313550,Jequeri,MG,Sudeste,-20.4534,-42.6667,105,0,65,0,0,10,False
313560,Jequitaí,MG,Sudeste,-17.2318,-44.4406,90,0,70,0,3,3,False
313570,Jequitibá,MG,Sudeste,-19.2371,-44.0257,100,0,35,0,1,4,False
313580,Jequitinhonha,MG,Sudeste,-16.4337,-41.0035,165,0,165,0,5,13,False
313590,Jesuânia,MG,Sudeste,-21.9988,-45.2896,60,0,60,0,2,5,False
313600,Joaíma,MG,Sudeste,-16.6552,-41.0253,180,0,180,0,3,3,False
313610,Joanésia,MG,Sudeste,-19.1739,-42.6809,90,0,90,0,0,3,False
313620,João Monlevade,MG,Sudeste,-19.8108,-43.1763,90,0,90,0,14,70,True
313630,João Pinheiro,MG,Sudeste,-17.74,-46.1741,250,0,90,0,6,29,False
313640,Joaquim Felício,MG,Sudeste,-17.7594,-44.1691,100,0,100,0,2,3,False
313650,Jordânia,MG,Sudeste,-15.899,-40.1775,280,0,280,0,0,4,False
313652,José Gonçalves de Minas,MG,Sudeste,-16.9083,-42.605,286,0,220,0,0,0,False
313655,José Raydan,MG,Sudeste,-18.2211,-42.4977,170,0,170,0,0,4,False
313657,Josenópolis,MG,Sudeste,-16.5436,-42.5153,300,0,170,0,0,1,False
313660,Nova União,MG,Sudeste,-19.6899,-43.5791,75,0,75,0,0,6,False
313665,Juatuba,MG,Sudeste,-19.954,-44.3414,15,0,15,0,4,35,False
313670,Juiz de Fora,MG,Sudeste,-21.7577,-43.3444,80,0,0,36,117,425,False
313680,Juramento,MG,Sudeste,-16.8509,-43.5878,55,0,55,0,0,0,False
313690,Juruaia,MG,Sudeste,-21.253,-46.5776,140,0,140,0,1,6,False
313695,Juvenília,MG,Sudeste,-14.2696,-44.1615,225,0,180,0,0,6,False
313700,Ladainha,MG,Sudeste,-17.6317,-41.7409,115,0,115,0,1,11,False
313710,Lagamar,MG,Sudeste,-18.1785,-46.8063,220,0,90,0,0,1,False
313720,Lagoa da Prata,MG,Sudeste,-20.023,-45.5442,80,0,80,0,14,34,False
313730,Lagoa dos Patos,MG,Sudeste,-16.9822,-44.58,120,0,113.8,0,0,5,False
313740,Lagoa Dourada,MG,Sudeste,-20.9157,-44.0734,110,0,45,0,1,16,False
313750,Lagoa Formosa,MG,Sudeste,-18.777,-46.4055,140,0,20,0,3,7,False
313753,Lagoa Grande,MG,Sudeste,-17.8365,-46.5212,245,0,85,0,3,3,False
313760,Lagoa Santa,MG,Sudeste,-19.6267,-43.8953,60,0,60,0,9,69,False
313770,Lajinha,MG,Sudeste,-20.1516,-41.6241,170,0,85,0,1,21,False
313780,Lambari,MG,Sudeste,-21.9744,-45.3485,50,0,50,0,2,15,False
313790,Lamim,MG,Sudeste,-20.7925,-43.4724,100,0,100,0,0,0,False
313800,Laranjal,MG,Sudeste,-21.3634,-42.4797,90,0,30,0,0,1,False
313810,Lassance,MG,Sudeste,-17.8866,-44.5766,190,0,85,0,0,8,False
313820,Lavras,MG,Sudeste,-21.245,-44.9999,85,0,0,13,14,92,False
313830,Leandro Ferreira,MG,Sudeste,-19.7174,-45.0248,70,0,70,0,0,2,False
313835,Leme do Prado,MG,Sudeste,-17.0815,-42.6954,346,0,300,0,1,4,False
313840,Leopoldina,MG,Sudeste,-21.5304,-42.644,120,0,60,0,7,30,False
313850,Liberdade,MG,Sudeste,-22.0276,-44.3198,148.2,0,150,0,1,3,False
313860,Lima Duarte,MG,Sudeste,-21.8391,-43.792,135,0,55,0,2,9,False
313862,Limeira do Oeste,MG,Sudeste,-19.5542,-50.5766,175,0,175,0,0,12,False
313865,Lontra,MG,Sudeste,-15.9033,-44.3029,90,0,90,0,0,3,False
313867,Luisburgo,MG,Sudeste,-20.4389,-42.1017,215,0,60,0,1,14,False
313868,Luislândia,MG,Sudeste,-16.1194,-44.5837,120,0,120,0,0,11,False
313870,Luminárias,MG,Sudeste,-21.5115,-44.9044,75,0,75,0,4,4,False
313880,Luz,MG,Sudeste,-19.8011,-45.6859,60,0,100,0,3,17,False
313890,Machacalis,MG,Sudeste,-17.0784,-40.718,145,0,145,0,2,5,False
313900,Machado,MG,Sudeste,-21.6799,-45.9191,30,0,30,0,8,28,False
313910,Madre de Deus de Minas,MG,Sudeste,-21.4823,-44.3304,90,0,60,0,0,7,False
313920,Malacacheta,MG,Sudeste,-17.8438,-42.0791,90,0,90,0,2,9,False
313925,Mamonas,MG,Sudeste,-15.049,-42.9512,110,0,110,0,1,2,False
313930,Manga,MG,Sudeste,-14.7565,-43.9336,120,0,120,0,2,20,False
313940,Manhuaçu,MG,Sudeste,-20.2568,-42.0338,155,0,0,4,20,65,False
313950,Manhumirim,MG,Sudeste,-20.3506,-41.9596,185,0,30,0,2,11,False
313960,Mantena,MG,Sudeste,-18.783,-40.9817,110,0,110,0,3,19,False
313970,Maravilhas,MG,Sudeste,-19.5127,-44.6769,105,0,50,0,1,3,False
313980,Mar de Espanha,MG,Sudeste,-21.8672,-43.01,90,0,75,0,1,12,False
313990,Maria da Fé,MG,Sudeste,-22.308,-45.3737,70,0,50,0,4,8,False
314000,Mariana,MG,Sudeste,-20.3782,-43.418,80,0,70,0,11,54,False
314010,Marilac,MG,Sudeste,-18.5068,-42.0819,75,0,75,0,0,3,False
314015,Mário Campos,MG,Sudeste,-20.0487,-44.1873,60,0,60,0,3,18,False
314020,Maripá de Minas,MG,Sudeste,-21.6972,-42.9604,140,0,65,0,1,4,False
314030,Marliéria,MG,Sudeste,-19.7119,-42.7342,60,0,60,0,1,1,False
314040,Marmelópolis,MG,Sudeste,-22.4492,-45.1644,150,0,120,0,1,3,False
314050,Martinho Campos,MG,Sudeste,-19.3311,-45.2366,110,0,110,0,0,6,False
314053,Martins Soares,MG,Sudeste,-20.257,-41.8776,180,0,25,0,1,8,False
314055,Mata Verde,MG,Sudeste,-15.6861,-40.7392,260,0,260,0,2,4,False
314060,Materlândia,MG,Sudeste,-18.474,-43.059,195,0,195,0,1,1,False
314070,Mateus Leme,MG,Sudeste,-19.9871,-44.4292,25,0,25,0,3,37,False
314080,Matias Barbosa,MG,Sudeste,-21.8689,-43.3183,110,0,30,0,5,20,False
314085,Matias Cardoso,MG,Sudeste,-14.8552,-43.9224,100,0,100,0,4,5,False
314090,Matipó,MG,Sudeste,-20.2849,-42.3417,125,0,50,0,3,20,False
314100,Mato Verde,MG,Sudeste,-15.3981,-42.8614,60,0,60,0,0,5,False
314110,Matozinhos,MG,Sudeste,-19.5583,-44.0817,40,0,25,0,10,20,False
314120,Matutina,MG,Sudeste,-19.2225,-45.9715,90,0,130,0,0,0,False
314130,Medeiros,MG,Sudeste,-19.9954,-46.2213,100,0,140,0,0,2,False
314140,Medina,MG,Sudeste,-16.2252,-41.478,150,0,150,0,5,7,False
314150,Mendes Pimentel,MG,Sudeste,-18.6582,-41.4024,85,0,85,0,1,6,False
314160,Mercês,MG,Sudeste,-21.1951,-43.3418,60,0,60,0,0,5,False
314170,Mesquita,MG,Sudeste,-19.2211,-42.6098,95,0,95,0,1,5,False
314180,Minas Novas,MG,Sudeste,-17.2173,-42.595,300,0,210,0,7,17,False
314190,Minduri,MG,Sudeste,-21.6815,-44.6001,135,0,100,0,0,5,False
314200,Mirabela,MG,Sudeste,-16.2566,-44.1594,60,0,60,0,3,5,False
314210,Miradouro,MG,Sudeste,-20.8902,-42.3429,90,0,30,0,0,3,False
314220,Miraí,MG,Sudeste,-21.1955,-42.6128,95,0,40,0,3,10,False
314225,Miravânia,MG,Sudeste,-14.7478,-44.4104,300,0,300,0,0,0,False
314230,Moeda,MG,Sudeste,-20.3308,-44.0533,60,0,60,0,0,2,False
314240,Moema,MG,Sudeste,-19.8435,-45.4147,80,0,80,0,2,3,False
314250,Monjolos,MG,Sudeste,-18.3241,-44.1191,240,0,180,0,0,0,False
314260,Monsenhor Paulo,MG,Sudeste,-21.7581,-45.5414,60,0,60,0,0,5,False
314270,Montalvânia,MG,Sudeste,-14.4221,-44.3676,180,0,180,0,0,8,False
314280,Monte Alegre de Minas,MG,Sudeste,-18.862,-48.8652,60,0,60,0,2,16,False
314290,Monte Azul,MG,Sudeste,-15.1532,-42.8712,80,0,80,0,6,14,False
314300,Monte Belo,MG,Sudeste,-21.3262,-46.3679,65,0,65,0,2,8,False
314310,Monte Carmelo,MG,Sudeste,-18.7293,-47.4968,85,0,60,0,9,40,False
314315,Monte Formoso,MG,Sudeste,-16.8664,-41.2555,200,0,200,0,0,2,False
314320,Monte Santo de Minas,MG,Sudeste,-21.1904,-46.9803,40,0,40,0,3,12,False
314330,Montes Claros,MG,Sudeste,-16.7306,-43.8708,0,16,0,28,79,354,False
314340,Monte Sião,MG,Sudeste,-22.4315,-46.5703,95,0,85,0,0,12,False
314345,Montezuma,MG,Sudeste,-15.1705,-42.4992,128.8,0,97.5,0,3,4,False
314350,Morada Nova de Minas,MG,Sudeste,-18.6071,-45.357,215,0,185,0,2,5,False
314360,Morro da Garça,MG,Sudeste,-18.5473,-44.6027,185,0,135,0,1,1,False
314370,Morro do Pilar,MG,Sudeste,-19.2172,-43.3768,240,0,240,0,1,2,False
314380,Munhoz,MG,Sudeste,-22.612,-46.3618,90,0,90,0,0,6,False
314390,Muriaé,MG,Sudeste,-21.128,-42.3704,60,0,0,5,19,104,False
314400,Mutum,MG,Sudeste,-19.8159,-41.4381,230,0,105,0,3,20,False
314410,Muzambinho,MG,Sudeste,-21.3687,-46.5225,95,0,95,0,2,13,False
314420,Nacip Raydan,MG,Sudeste,-18.4565,-42.2473,115,0,115,0,1,2,False
314430,Nanuque,MG,Sudeste,-17.839,-40.3508,120,0,90,0,8,30,False
314435,Naque,MG,Sudeste,-19.226,-42.3303,35,0,35,0,3,7,False
314437,Natalândia,MG,Sudeste,-16.5069,-46.4946,235,0,180,0,0,0,False
314440,Natércia,MG,Sudeste,-22.1193,-45.5126,90,0,90,0,2,5,False
314450,Nazareno,MG,Sudeste,-21.2167,-44.6141,130,0,60,0,1,2,False
314460,Nepomuceno,MG,Sudeste,-21.2331,-45.2357,85,0,25,0,5,20,False
314465,Ninheira,MG,Sudeste,-15.3188,-41.7554,150,0,90,0,1,7,False
314467,Nova Belém,MG,Sudeste,-18.4964,-41.1022,145,0,145,0,1,3,False
314470,Nova Era,MG,Sudeste,-19.7669,-43.0354,70,0,70,0,5,23,False
314480,Nova Lima,MG,Sudeste,-19.9855,-43.8474,60,0,60,0,18,70,True
314490,Nova Módica,MG,Sudeste,-18.4432,-41.5008,70,0,70,0,0,2,False
314500,Nova Ponte,MG,Sudeste,-19.1687,-47.6719,65,0,65,0,6,19,False
314505,Nova Porteirinha,MG,Sudeste,-15.8045,-43.299,60,0,60,0,1,7,False
314510,Nova Resende,MG,Sudeste,-21.1265,-46.4212,180,0,180,0,0,8,False
314520,Nova Serrana,MG,Sudeste,-19.8759,-44.985,40,0,40,0,11,138,True
314530,Novo Cruzeiro,MG,Sudeste,-17.4671,-41.8793,150,0,150,0,2,23,False
314535,Novo Oriente de Minas,MG,Sudeste,-17.4153,-41.2183,70,0,70,0,2,2,False
314537,Novorizonte,MG,Sudeste,-16.018,-42.4084,210,0,80,0,0,3,False
314540,Olaria,MG,Sudeste,-21.8599,-43.9368,155,0,75,0,1,0,False
314545,Olhos-d'Água,MG,Sudeste,-17.3988,-43.5724,50,0,50,0,1,6,False
314550,Olímpio Noronha,MG,Sudeste,-22.0691,-45.2631,50,0,50,0,1,0,False
314560,Oliveira,MG,Sudeste,-20.6971,-44.8279,65,0,65,0,6,29,False
314570,Oliveira Fortes,MG,Sudeste,-21.3391,-43.4569,70,0,70,0,0,2,False
314580,Onça de Pitangui,MG,Sudeste,-19.7303,-44.8068,75,0,75,0,0,2,False
314585,Oratórios,MG,Sudeste,-20.4318,-42.8055,75,0,35,0,0,6,False
314587,Orizânia,MG,Sudeste,-20.5057,-42.2051,135,0,55,0,3,12,False
314590,Ouro Branco,MG,Sudeste,-20.521,-43.6919,70,0,70,0,3,30,False
314600,Ouro Fino,MG,Sudeste,-22.282,-46.3694,55,0,55,0,0,21,False
314610,Ouro Preto,MG,Sudeste,-20.3854,-43.5036,65,0,65,0,8,67,False
314620,Ouro Verde de Minas,MG,Sudeste,-18.0679,-41.2698,60,0,60,0,0,11,False
314625,Padre Carvalho,MG,Sudeste,-16.3655,-42.5147,270,0,140,0,1,1,False
314630,Padre Paraíso,MG,Sudeste,-17.0759,-41.4841,80,0,80,0,1,14,False
314640,Paineiras,MG,Sudeste,-18.9023,-45.5356,175,0,165,0,0,0,False
314650,Pains,MG,Sudeste,-20.3702,-45.6629,100,0,50,0,2,3,False
314655,Pai Pedro,MG,Sudeste,-15.534,-43.0672,90,0,90,0,1,7,False
314660,Paiva,MG,Sudeste,-21.2896,-43.4152,45,0,45,0,0,1,False
314670,Palma,MG,Sudeste,-21.3775,-42.3181,80,0,50,0,0,2,False
314675,Palmópolis,MG,Sudeste,-16.7385,-40.4206,290,0,290,0,0,5,False
314690,Papagaios,MG,Sudeste,-19.449,-44.7477,120,0,70,0,1,15,False
314700,Paracatu,MG,Sudeste,-17.238,-46.8932,175,0,0,4,17,103,False
314710,Pará de Minas,MG,Sudeste,-19.8597,-44.6077,45,0,45,0,15,63,True
314720,Paraguaçu,MG,Sudeste,-21.5479,-45.737,25,0,25,0,4,16,False
314730,Paraisópolis,MG,Sudeste,-22.5495,-45.7802,75,0,60,0,5,13,False
314740,Paraopeba,MG,Sudeste,-19.2755,-44.4045,80,0,25,0,6,19,False
314750,Passabém,MG,Sudeste,-19.3524,-43.1383,180,0,180,0,0,2,False
314760,Passa Quatro,MG,Sudeste,-22.39,-44.9671,80,0,80,0,6,9,False
314770,Passa Tempo,MG,Sudeste,-20.6514,-44.4958,100,0,100,0,2,2,False
314780,Passa Vinte,MG,Sudeste,-22.2101,-44.2345,100,0,120,0,0,2,False
314790,Passos,MG,Sudeste,-20.7193,-46.6105,0,8,0,18,14,84,False
314795,Patis,MG,Sudeste,-16.0768,-44.0809,90,0,90,0,0,3,False
314800,Patos de Minas,MG,Sudeste,-18.6044,-46.5096,160,0,0,14,21,122,False
314810,Patrocínio,MG,Sudeste,-18.9439,-46.9874,120,0,0,5,16,76,False
314820,Patrocínio do Muriaé,MG,Sudeste,-21.1531,-42.213,50,0,20,0,0,7,False
314830,Paula Cândido,MG,Sudeste,-20.8739,-42.9805,45,0,45,0,1,6,False
314840,Paulistas,MG,Sudeste,-18.4285,-42.8689,195,0,195,0,0,4,False
314850,Pavão,MG,Sudeste,-17.4304,-40.9992,100,0,100,0,1,2,False
314860,Peçanha,MG,Sudeste,-18.548,-42.5599,145,0,145,0,4,10,False
314870,Pedra Azul,MG,Sudeste,-16.006,-41.2795,135,0,135,0,10,11,False
314875,Pedra Bonita,MG,Sudeste,-20.5236,-42.3278,170,0,70,0,1,7,False
314880,Pedra do Anta,MG,Sudeste,-20.5977,-42.7141,50,0,50,0,1,0,False
314890,Pedra do Indaiá,MG,Sudeste,-20.2567,-45.2088,40,0,40,0,0,2,False
314900,Pedra Dourada,MG,Sudeste,-20.8319,-42.1559,80,0,30,0,0,2,False
314910,Pedralva,MG,Sudeste,-22.2431,-45.466,65,0,40,0,4,8,False
314915,Pedras de Maria da Cruz,MG,Sudeste,-15.6052,-44.3894,120,0,120,0,0,5,False
314920,Pedrinópolis,MG,Sudeste,-19.2283,-47.4616,108,0,75,0,1,1,False
314930,Pedro Leopoldo,MG,Sudeste,-19.62,-44.0405,60,0,40,0,9,32,False
314940,Pedro Teixeira,MG,Sudeste,-21.7046,-43.7429,90,0,75,0,2,2,False
314950,Pequeri,MG,Sudeste,-21.8357,-43.121,120,0,75,0,0,4,False
314960,Pequi,MG,Sudeste,-19.6294,-44.6632,85,0,70,0,2,3,False
314970,Perdigão,MG,Sudeste,-19.9528,-45.0847,50,0,50,0,2,11,False
314980,Perdizes,MG,Sudeste,-19.352,-47.2943,110,0,45,0,2,12,False
314990,Perdões,MG,Sudeste,-21.0919,-45.09,110,0,25,0,1,21,False
314995,Periquito,MG,Sudeste,-19.1567,-42.2398,45,0,45,0,0,7,False
315000,Pescador,MG,Sudeste,-18.3556,-41.5978,105,0,105,0,5,3,False
315010,Piau,MG,Sudeste,-21.5091,-43.3201,150,0,70,0,0,5,False
315015,Piedade de Caratinga,MG,Sudeste,-19.7601,-42.077,110,0,30,0,1,8,False
315020,Piedade de Ponte Nova,MG,Sudeste,-20.2454,-42.7343,80,0,40,0,0,1,False
315030,Piedade do Rio Grande,MG,Sudeste,-21.4686,-44.1929,85,0,80,0,1,1,False
315040,Piedade dos Gerais,MG,Sudeste,-20.4701,-44.2242,110,0,110,0,1,1,False
315050,Pimenta,MG,Sudeste,-20.4803,-45.8015,90,0,50,0,1,6,False
315053,Pingo-d'Água,MG,Sudeste,-19.7277,-42.4098,60,0,60,0,0,3,False
315057,Pintópolis,MG,Sudeste,-16.0569,-45.1455,210,0,210,0,0,4,False
315060,Piracema,MG,Sudeste,-20.5091,-44.48,90,0,90,0,1,5,False
315070,Pirajuba,MG,Sudeste,-19.9077,-48.7002,85,0,85,0,0,1,False
315080,Piranga,MG,Sudeste,-20.6852,-43.3004,80,0,80,0,0,14,False
315090,Piranguçu,MG,Sudeste,-22.5279,-45.4961,90,0,30,0,0,6,False
315100,Piranguinho,MG,Sudeste,-22.4021,-45.5321,55,0,20,0,0,7,False
315110,Pirapetinga,MG,Sudeste,-21.6566,-42.3448,90,0,90,0,3,7,False
315120,Pirapora,MG,Sudeste,-17.3514,-44.9483,160,0,0,8,13,49,False
315130,Piraúba,MG,Sudeste,-21.2766,-43.0263,90,0,50,0,0,7,False
315140,Pitangui,MG,Sudeste,-19.6827,-44.89,75,0,75,0,7,23,False
315150,Piumhi,MG,Sudeste,-20.4683,-45.9611,70,0,70,0,4,15,False
315160,Planura,MG,Sudeste,-20.1399,-48.702,60,0,60,0,0,8,False
315170,Poço Fundo,MG,Sudeste,-21.7863,-45.966,55,0,55,0,3,14,False
315180,Poços de Caldas,MG,Sudeste,-21.7864,-46.5681,0,3,0,6,21,158,False
315190,Pocrane,MG,Sudeste,-19.6204,-41.6358,260,0,105,0,0,7,False
315200,Pompéu,MG,Sudeste,-19.2317,-45.0027,140,0,90,0,5,28,False
315210,Ponte Nova,MG,Sudeste,-20.4162,-42.9088,40,0,0,10,6,50,False
315213,Ponto Chique,MG,Sudeste,-16.6332,-45.0632,184.1,0,115,0,0,3,False
315217,Ponto dos Volantes,MG,Sudeste,-16.7528,-41.5036,115,0,115,0,3,8,False
315220,Porteirinha,MG,Sudeste,-15.7466,-43.0281,30,0,30,0,5,22,False
315230,Porto Firme,MG,Sudeste,-20.6724,-43.0847,45,0,45,0,1,3,False
315240,Poté,MG,Sudeste,-17.8047,-41.788,60,0,60,0,2,13,False
315250,Pouso Alegre,MG,Sudeste,-22.2309,-45.9361,0,5,0,10,27,124,False
315260,Pouso Alto,MG,Sudeste,-22.1948,-44.9725,30,0,30,0,1,8,False
315270,Prados,MG,Sudeste,-21.0584,-44.0782,75,0,45,0,1,11,False
315280,Prata,MG,Sudeste,-19.3078,-48.9271,60,0,60,0,5,17,False
315290,Pratápolis,MG,Sudeste,-20.7446,-46.8614,30,0,30,0,0,13,False
315300,Pratinha,MG,Sudeste,-19.753,-46.3819,100,0,115,0,1,3,False
315310,Presidente Bernardes,MG,Sudeste,-20.7688,-43.1875,100,0,50,0,1,3,False
315320,Presidente Juscelino,MG,Sudeste,-18.6388,-44.0599,170,0,95,0,1,1,False
315330,Presidente Kubitschek,MG,Sudeste,-18.6144,-43.5625,225,0,75,0,1,6,False
315340,Presidente Olegário,MG,Sudeste,-18.4185,-46.4201,200,0,40,0,0,9,False
315350,Alto Jequitibá,MG,Sudeste,-20.4221,-41.9659,175,0,45,0,1,8,False
315360,Prudente de Morais,MG,Sudeste,-19.4815,-44.1555,50,0,35,0,4,12,False
315370,Quartel Geral,MG,Sudeste,-19.2718,-45.558,130,0,155,0,0,1,False
315380,Queluzito,MG,Sudeste,-20.7396,-43.8849,90,0,90,0,0,1,False
315390,Raposos,MG,Sudeste,-19.9679,-43.8043,60,0,60,0,5,16,False
315400,Raul Soares,MG,Sudeste,-20.1016,-42.4527,120,0,80,0,1,17,False
315410,Recreio,MG,Sudeste,-21.5262,-42.4698,135,0,90,0,2,2,False
315415,Reduto,MG,Sudeste,-20.2409,-41.983,170,0,20,0,2,3,False
315420,Resende Costa,MG,Sudeste,-20.9201,-44.2357,125,0,50,0,3,11,False
315430,Resplendor,MG,Sudeste,-19.3239,-41.2558,115,0,100,0,2,15,False
315440,Ressaquinha,MG,Sudeste,-21.0625,-43.7628,20,0,20,0,1,5,False
315445,Riachinho,MG,Sudeste,-16.2215,-46.0016,185,0,185,0,0,5,False
315450,Riacho dos Machados,MG,Sudeste,-16.0052,-43.0497,70,0,70,0,1,9,False
315460,Ribeirão das Neves,MG,Sudeste,-19.7664,-44.0871,60,0,60,0,45,309,False
315470,Ribeirão Vermelho,MG,Sudeste,-21.1915,-45.0612,105,0,20,0,0,6,False
315480,Rio Acima,MG,Sudeste,-20.088,-43.7911,60,0,60,0,4,6,False
315490,Rio Casca,MG,Sudeste,-20.2261,-42.6515,90,0,50,0,4,11,False
315500,Rio Doce,MG,Sudeste,-20.2455,-42.895,100,0,60,0,1,4,False
315510,Rio do Prado,MG,Sudeste,-16.6096,-40.5705,260,0,260,0,0,5,False
315520,Rio Espera,MG,Sudeste,-20.8564,-43.4741,115,0,115,0,1,0,False
315530,Rio Manso,MG,Sudeste,-20.2661,-44.3086,65,0,65,0,0,3,False
315540,Rio Novo,MG,Sudeste,-21.4759,-43.1256,125,0,75,0,1,6,False
315550,Rio Paranaíba,MG,Sudeste,-19.1963,-46.2411,90,0,105,0,3,14,False
315560,Rio Pardo de Minas,MG,Sudeste,-15.6157,-42.5459,140.5,0,60,0,3,24,False
315570,Rio Piracicaba,MG,Sudeste,-19.9296,-43.1738,120,0,120,0,1,15,False
315580,Rio Pomba,MG,Sudeste,-21.2749,-43.1798,80,0,45,0,2,8,False
315590,Rio Preto,MG,Sudeste,-22.0905,-43.8281,120,0,50,0,0,3,False
315600,Rio Vermelho,MG,Sudeste,-18.2933,-43.0082,255,0,220,0,0,9,False
315610,Ritápolis,MG,Sudeste,-21.0261,-44.3192,95,0,20,0,1,4,False
315620,Rochedo de Minas,MG,Sudeste,-21.6297,-43.0196,140,0,65,0,0,0,False
315630,Rodeiro,MG,Sudeste,-21.201,-42.8652,80,0,30,0,2,14,False
315640,Romaria,MG,Sudeste,-18.8827,-47.5855,60,0,60,0,0,0,False
315645,Rosário da Limeira,MG,Sudeste,-20.9797,-42.5105,100,0,40,0,0,4,False
315650,Rubelita,MG,Sudeste,-16.4086,-42.2619,220,0,90,0,0,2,False
315660,Rubim,MG,Sudeste,-16.3752,-40.5406,240,0,240,0,1,2,False
315670,Sabará,MG,Sudeste,-19.89,-43.8109,60,0,60,0,32,96,False
315680,Sabinópolis,MG,Sudeste,-18.6658,-43.084,180,0,170,0,2,10,False
315690,Sacramento,MG,Sudeste,-19.8628,-47.4398,120,0,85,0,3,24,False
315700,Salinas,MG,Sudeste,-16.1704,-42.2903,180,0,50,0,2,29,False
315710,Salto da Divisa,MG,Sudeste,-15.9981,-39.9499,170,0,170,0,1,7,False
315720,Santa Bárbara,MG,Sudeste,-19.96,-43.4176,110,0,110,0,4,29,False
315725,Santa Bárbara do Leste,MG,Sudeste,-19.9781,-42.1411,100,0,20,0,0,3,False
315727,Santa Bárbara do Monte Verde,MG,Sudeste,-21.9587,-43.7055,150,0,80,0,0,4,False
315730,Santa Bárbara do Tugúrio,MG,Sudeste,-21.2462,-43.5601,30,0,30,0,1,4,False
315733,Santa Cruz de Minas,MG,Sudeste,-21.1201,-44.2244,120,0,60,0,1,2,False
315737,Santa Cruz de Salinas,MG,Sudeste,-16.0988,-41.7467,270,0,190,0,0,2,False
315740,Santa Cruz do Escalvado,MG,Sudeste,-20.236,-42.8142,90,0,50,0,0,1,False
315750,Santa Efigênia de Minas,MG,Sudeste,-18.8273,-42.4394,75,0,75,0,1,2,False
315760,Santa Fé de Minas,MG,Sudeste,-16.6892,-45.4137,236.8,0,148.5,0,0,5,False
315765,Santa Helena de Minas,MG,Sudeste,-16.938,-40.6862,180,0,180,0,0,5,False
315770,Santa Juliana,MG,Sudeste,-19.3106,-47.5263,78,0,78,0,0,14,False
315780,Santa Luzia,MG,Sudeste,-19.7703,-43.8506,60,0,60,0,49,228,False
315790,Santa Margarida,MG,Sudeste,-20.3843,-42.2512,145,0,30,0,5,25,False
315800,Santa Maria de Itabira,MG,Sudeste,-19.4492,-43.1143,140,0,140,0,2,9,False
315810,Santa Maria do Salto,MG,Sudeste,-16.2487,-40.1487,310,0,310,0,0,1,False
315820,Santa Maria do Suaçuí,MG,Sudeste,-18.1894,-42.4186,190,0,190,0,0,5,False
315830,Santana da Vargem,MG,Sudeste,-21.2492,-45.5068,60,0,55,0,1,5,False
315840,Santana de Cataguases,MG,Sudeste,-21.2869,-42.5568,175,0,115,0,2,4,False
315850,Santana de Pirapama,MG,Sudeste,-19.0069,-44.0412,135,0,70,0,3,10,False
315860,Santana do Deserto,MG,Sudeste,-21.9516,-43.1666,90,0,90,0,2,5,False
315870,Santana do Garambéu,MG,Sudeste,-21.6023,-44.1055,60,0,60,0,1,0,False
315880,Santana do Jacaré,MG,Sudeste,-20.8996,-45.1308,135,0,95,0,0,5,False
315890,Santana do Manhuaçu,MG,Sudeste,-20.1087,-41.9243,200,0,45,0,1,11,False
315895,Santana do Paraíso,MG,Sudeste,-19.3688,-42.5496,60,0,60,0,5,41,False
315900,Santana do Riacho,MG,Sudeste,-19.1701,-43.7163,95,0,95,0,0,2,False
315910,Santana dos Montes,MG,Sudeste,-20.788,-43.6914,75,0,75,0,0,2,False
315920,Santa Rita de Caldas,MG,Sudeste,-22.0289,-46.3375,75,0,75,0,0,5,False
315930,Santa Rita de Jacutinga,MG,Sudeste,-22.1489,-44.0951,85,0,90,0,1,0,False
315935,Santa Rita de Minas,MG,Sudeste,-19.8745,-42.133,90,0,10,0,1,5,False
315940,Santa Rita de Ibitipoca,MG,Sudeste,-21.5628,-43.9148,90,0,90,0,0,5,False
315950,Santa Rita do Itueto,MG,Sudeste,-19.3587,-41.3798,165,0,130,0,2,3,False
315960,Santa Rita do Sapucaí,MG,Sudeste,-22.2525,-45.704,25,0,25,0,3,32,False
315970,Santa Rosa da Serra,MG,Sudeste,-19.528,-45.9649,40,0,160,0,1,0,False
315980,Santa Vitória,MG,Sudeste,-18.8389,-50.1227,170,0,170,0,1,18,False
315990,Santo Antônio do Amparo,MG,Sudeste,-20.948,-44.9167,95,0,55,0,9,10,False
316000,Santo Antônio do Aventureiro,MG,Sudeste,-21.7583,-42.8175,175,0,160,0,0,3,False
316010,Santo Antônio do Grama,MG,Sudeste,-20.3152,-42.6096,100,0,60,0,0,6,False
316020,Santo Antônio do Itambé,MG,Sudeste,-18.4643,-43.3063,300,0,170,0,0,4,False
316030,Santo Antônio do Jacinto,MG,Sudeste,-16.5364,-40.1752,360,0,270,0,0,4,False
316040,Santo Antônio do Monte,MG,Sudeste,-20.0858,-45.2916,55,0,55,0,5,13,False
316045,Santo Antônio do Retiro,MG,Sudeste,-15.3412,-42.6244,96.4,0,96.4,0,2,5,False
316050,Santo Antônio do Rio Abaixo,MG,Sudeste,-19.2284,-43.2534,230,0,230,0,0,2,False
316060,Santo Hipólito,MG,Sudeste,-18.2972,-44.2219,195,0,175,0,0,1,False
316070,Santos Dumont,MG,Sudeste,-21.4561,-43.5528,40,0,40,0,11,34,False
316080,São Bento Abade,MG,Sudeste,-21.5836,-45.0739,45,0,45,0,2,1,False
316090,São Brás do Suaçuí,MG,Sudeste,-20.6271,-43.9511,100,0,85,0,0,3,False
316095,São Domingos das Dores,MG,Sudeste,-19.5275,-42.0134,80,0,60,0,1,2,False
316100,São Domingos do Prata,MG,Sudeste,-19.867,-42.966,90,0,90,0,2,7,False
316105,São Félix de Minas,MG,Sudeste,-18.5917,-41.4878,93.1,0,93.1,0,0,4,False
316110,São Francisco,MG,Sudeste,-15.9492,-44.8673,150,0,150,0,12,40,False
316120,São Francisco de Paula,MG,Sudeste,-20.7103,-44.9849,95,0,95,0,1,5,False
316130,São Francisco de Sales,MG,Sudeste,-19.8596,-49.7655,160,0,160,0,1,1,False
316140,São Francisco do Glória,MG,Sudeste,-20.7901,-42.2696,110,0,50,0,0,3,False
316150,São Geraldo,MG,Sudeste,-20.9227,-42.8334,35,0,35,0,0,7,False
316160,São Geraldo da Piedade,MG,Sudeste,-18.844,-42.2887,100,0,100,0,3,6,False
316165,São Geraldo do Baixio,MG,Sudeste,-18.9168,-41.3589,87.8,0,87.8,0,0,6,False
316170,São Gonçalo do Abaeté,MG,Sudeste,-18.3393,-45.8377,250,0,90,0,2,4,False
316180,São Gonçalo do Pará,MG,Sudeste,-19.9826,-44.8581,45,0,45,0,3,14,False
316190,São Gonçalo do Rio Abaixo,MG,Sudeste,-19.8265,-43.3597,80,0,80,0,4,11,False
316200,São Gonçalo do Sapucaí,MG,Sudeste,-21.8925,-45.5953,40,0,40,0,5,14,False
316210,São Gotardo,MG,Sudeste,-19.3107,-46.0487,60,0,100,0,6,63,False
316220,São João Batista do Glória,MG,Sudeste,-20.6422,-46.5061,40,0,40,0,1,8,False
316225,São João da Lagoa,MG,Sudeste,-16.8526,-44.3463,80,0,80,0,0,1,False
316230,São João da Mata,MG,Sudeste,-21.9328,-45.9277,70,0,70,0,1,7,False
316240,São João da Ponte,MG,Sudeste,-15.9307,-44.0078,105,0,105,0,3,21,False
316245,São João das Missões,MG,Sudeste,-14.8815,-44.0835,160,0,160,0,0,16,False
316250,São João del Rei,MG,Sudeste,-21.1358,-44.2597,75,0,0,7,15,60,False
316255,São João do Manhuaçu,MG,Sudeste,-20.3952,-42.1519,145,0,40,0,5,8,False
316257,São João do Manteninha,MG,Sudeste,-18.7261,-41.1608,90,0,90,0,0,3,False
316260,São João do Oriente,MG,Sudeste,-19.3403,-42.1586,75,0,75,0,0,4,False
316265,São João do Pacuí,MG,Sudeste,-16.5327,-44.5288,100,0,100,0,0,2,False
316270,São João do Paraíso,MG,Sudeste,-15.3148,-42.0154,170,0,60,0,2,14,False
316280,São João Evangelista,MG,Sudeste,-18.5477,-42.7648,145,0,145,0,3,14,False
316290,São João Nepomuceno,MG,Sudeste,-21.5407,-43.0107,140,0,85,0,6,19,False
316292,São Joaquim de Bicas,MG,Sudeste,-20.0453,-44.2634,60,0,60,0,5,32,False
316294,São José da Barra,MG,Sudeste,-20.7182,-46.3117,25,0,25,0,0,6,False
316295,São José da Lapa,MG,Sudeste,-19.6999,-43.9608,60,0,60,0,3,22,False
316300,São José da Safira,MG,Sudeste,-18.3242,-42.1463,155,0,155,0,0,6,False
316310,São José da Varginha,MG,Sudeste,-19.7101,-44.5576,65,0,65,0,0,0,False
316320,São José do Alegre,MG,Sudeste,-22.3291,-45.5264,55,0,30,0,0,4,False
316330,São José do Divino,MG,Sudeste,-18.4823,-41.3903,100,0,100,0,0,0,False
316340,São José do Goiabal,MG,Sudeste,-19.9256,-42.7077,145,0,110,0,1,2,False
316350,São José do Jacuri,MG,Sudeste,-18.2768,-42.6714,200,0,200,0,0,2,False
316360,São José do Mantimento,MG,Sudeste,-20.0034,-41.7463,230,0,75,0,0,1,False
316370,São Lourenço,MG,Sudeste,-22.1138,-45.0521,0,5,0,10,11,31,False
316380,São Miguel do Anta,MG,Sudeste,-20.7064,-42.7192,30,0,30,0,2,6,False
316390,São Pedro da União,MG,Sudeste,-21.1276,-46.6152,92,0,92,0,1,1,False
316400,São Pedro dos Ferros,MG,Sudeste,-20.1695,-42.5224,100,0,60,0,2,5,False
316410,São Pedro do Suaçuí,MG,Sudeste,-18.3643,-42.6009,175,0,175,0,0,3,False
316420,São Romão,MG,Sudeste,-16.3688,-45.07,240,0,210,0,4,6,False
316430,São Roque de Minas,MG,Sudeste,-20.2449,-46.3658,170,0,170,0,3,2,False
316440,São Sebastião da Bela Vista,MG,Sudeste,-22.1589,-45.7544,35,0,35,0,0,3,False
316443,São Sebastião da Vargem Alegre,MG,Sudeste,-21.0729,-42.6364,140,0,85,0,0,1,False
316447,São Sebastião do Anta,MG,Sudeste,-19.498,-41.9836,100,0,80,0,0,3,False
316450,São Sebastião do Maranhão,MG,Sudeste,-18.0844,-42.5719,193.8,0,193.8,0,2,3,False
316460,São Sebastião do Oeste,MG,Sudeste,-20.2747,-45.0031,45,0,45,0,0,5,False
316470,São Sebastião do Paraíso,MG,Sudeste,-20.9173,-46.9919,0,10,0,8,19,46,False
316480,São Sebastião do Rio Preto,MG,Sudeste,-19.2921,-43.1756,200,0,200,0,0,0,False
316490,São Sebastião do Rio Verde,MG,Sudeste,-22.2181,-44.9776,40,0,40,0,0,1,False
316500,São Tiago,MG,Sudeste,-20.9116,-44.5085,110,0,60,0,0,9,False
316510,São Tomás de Aquino,MG,Sudeste,-20.7845,-47.0985,40,0,40,0,3,2,False
316520,São Tomé das Letras,MG,Sudeste,-21.7224,-44.9855,70,0,70,0,0,4,False
316530,São Vicente de Minas,MG,Sudeste,-21.7017,-44.4422,120,0,70,0,1,3,False
316540,Sapucaí-Mirim,MG,Sudeste,-22.7475,-45.745,90,0,70,0,3,8,False
316550,Sardoá,MG,Sudeste,-18.7827,-42.3665,60,0,60,0,1,6,False
316553,Sarzedo,MG,Sudeste,-20.0335,-44.1445,60,0,60,0,5,37,False
316555,Setubinha,MG,Sudeste,-17.6007,-42.162,180,0,180,0,3,2,False
316556,Sem-Peixe,MG,Sudeste,-20.1012,-42.8404,145,0,105,0,1,2,False
316557,Senador Amaral,MG,Sudeste,-22.5936,-46.1744,100,0,100,0,0,5,False
316560,Senador Cortes,MG,Sudeste,-21.8009,-42.945,120,0,105,0,0,1,False
316570,Senador Firmino,MG,Sudeste,-20.917,-43.1004,110,0,60,0,2,4,False
316580,Senador José Bento,MG,Sudeste,-22.1645,-46.1777,55,0,55,0,0,1,False
316590,Senador Modestino Gonçalves,MG,Sudeste,-17.947,-43.225,170,0,90,0,0,1,False
316600,Senhora de Oliveira,MG,Sudeste,-20.7942,-43.3445,120,0,90,0,1,0,False
316610,Senhora do Porto,MG,Sudeste,-18.8929,-43.0839,180,0,180,0,0,1,False
316620,Senhora dos Remédios,MG,Sudeste,-21.0286,-43.5823,55,0,55,0,5,9,False
316630,Sericita,MG,Sudeste,-20.4735,-42.4817,160,0,120,0,0,4,False
316640,Seritinga,MG,Sudeste,-21.9083,-44.5199,180,0,180,0,0,3,False
316650,Serra Azul de Minas,MG,Sudeste,-18.3619,-43.1702,300,0,170,0,1,5,False
316660,Serra da Saudade,MG,Sudeste,-19.4399,-45.7931,68.5,0,142.3,0,0,0,False
316670,Serra dos Aimorés,MG,Sudeste,-17.7932,-40.2471,140,0,80,0,0,3,False
316680,Serra do Salitre,MG,Sudeste,-19.1128,-46.6868,150,0,45,0,2,8,False
316690,Serrania,MG,Sudeste,-21.5484,-46.0432,45,0,45,0,0,6,False
316695,Serranópolis de Minas,MG,Sudeste,-15.8107,-42.8715,70,0,70,0,0,2,False
316700,Serranos,MG,Sudeste,-21.8911,-44.5082,240,0,240,0,0,0,False
316710,Serro,MG,Sudeste,-18.6049,-43.3825,240,0,110,0,5,13,False
316720,Sete Lagoas,MG,Sudeste,-19.4651,-44.245,65,0,0,9,41,173,False
316730,Silveirânia,MG,Sudeste,-21.159,-43.2157,110,0,75,0,0,0,False
316740,Silvianópolis,MG,Sudeste,-22.0295,-45.8359,45,0,45,0,0,3,False
316750,Simão Pereira,MG,Sudeste,-21.965,-43.3137,105,0,50,0,0,2,False
316760,Simonésia,MG,Sudeste,-20.1233,-42.0024,200,0,45,0,3,18,False
316770,Sobrália,MG,Sudeste,-19.2363,-42.0972,55,0,55,0,1,4,False
316780,Soledade de Minas,MG,Sudeste,-22.0592,-45.0441,15,0,15,0,1,7,False
316790,Tabuleiro,MG,Sudeste,-21.3592,-43.2478,100,0,60,0,0,2,False
316800,Taiobeiras,MG,Sudeste,-15.8115,-42.2323,200.5,0,0,8,12,26,False
316805,Taparuba,MG,Sudeste,-19.7616,-41.6151,250,0,95,0,0,3,False
316810,Tapira,MG,Sudeste,-19.9247,-46.8224,130,0,145,0,0,3,False
316820,Tapiraí,MG,Sudeste,-19.8873,-46.0206,70,0,120,0,0,1,False
316830,Taquaraçu de Minas,MG,Sudeste,-19.6683,-43.689,90,0,90,0,1,1,False
316840,Tarumirim,MG,Sudeste,-19.2812,-42.0069,65,0,65,0,5,8,False
316850,Teixeiras,MG,Sudeste,-20.6518,-42.8566,20,0,20,0,2,7,False
316860,Teófilo Otoni,MG,Sudeste,-17.8647,-41.5082,0,6,0,9,25,115,False
316870,Timóteo,MG,Sudeste,-19.5771,-42.643,60,0,60,0,10,60,False
316880,Tiradentes,MG,Sudeste,-21.1077,-44.1674,60,0,20,0,0,2,False
316890,Tiros,MG,Sudeste,-19.002,-45.9657,120,0,160,0,0,1,False
316900,Tocantins,MG,Sudeste,-21.1751,-43.0199,60,0,20,0,6,4,False
316905,Tocos do Moji,MG,Sudeste,-22.3712,-46.0966,50,0,50,0,0,1,False
316910,Toledo,MG,Sudeste,-22.743,-46.3719,70,0,70,0,1,4,False
316920,Tombos,MG,Sudeste,-20.908,-42.0278,50,0,30,0,1,3,False
316930,Três Corações,MG,Sudeste,-21.6994,-45.2562,0,5,0,4,18,59,False
316935,Três Marias,MG,Sudeste,-18.2057,-45.228,200,0,145,0,3,22,False
316940,Três Pontas,MG,Sudeste,-21.3664,-45.5127,40,0,40,0,10,37,False
316950,Tumiritinga,MG,Sudeste,-18.9781,-41.6479,90,0,90,0,0,4,False
316960,Tupaciguara,MG,Sudeste,-18.6006,-48.6911,60,0,60,0,1,16,False
316970,Turmalina,MG,Sudeste,-17.2869,-42.7319,270,0,180,0,4,22,False
316980,Turvolândia,MG,Sudeste,-21.8764,-45.7869,75,0,75,0,0,2,False
316990,Ubá,MG,Sudeste,-21.1201,-42.9425,50,0,0,6,11,85,False
317000,Ubaí,MG,Sudeste,-16.2882,-44.7809,176.9,0,176.9,0,4,6,False
317005,Ubaporanga,MG,Sudeste,-19.6374,-42.1073,60,0,20,0,1,7,False
317010,Uberaba,MG,Sudeste,-19.7487,-47.9509,100,0,0,22,56,283,False
317020,Uberlândia,MG,Sudeste,-18.9121,-48.2567,0,14,0,30,131,591,False
317030,Umburatiba,MG,Sudeste,-17.255,-40.5701,190,0,190,0,0,8,False
317040,Unaí,MG,Sudeste,-16.3575,-46.906,135,0,80,0,14,54,True
317043,União de Minas,MG,Sudeste,-19.5302,-50.3369,160,0,160,0,2,3,False
317047,Uruana de Minas,MG,Sudeste,-16.0586,-46.2554,150.9,0,150.9,0,1,2,False
317050,Urucânia,MG,Sudeste,-20.3557,-42.7438,80,0,40,0,2,5,False
317052,Urucuia,MG,Sudeste,-16.1264,-45.7418,155,0,155,0,0,1,False
317057,Vargem Alegre,MG,Sudeste,-19.6071,-42.2998,90,0,50,0,3,5,False
317060,Vargem Bonita,MG,Sudeste,-20.329,-46.3683,140,0,140,0,1,1,False
317065,Vargem Grande do Rio Pardo,MG,Sudeste,-15.4037,-42.3097,174.6,0,51.6,0,1,4,False
317070,Varginha,MG,Sudeste,-21.5565,-45.4339,0,6,0,8,27,137,False
317075,Varjão de Minas,MG,Sudeste,-18.3795,-46.0307,220,0,60,0,2,6,False
317080,Várzea da Palma,MG,Sudeste,-17.6005,-44.734,210,0,50,0,8,26,False
317090,Varzelândia,MG,Sudeste,-15.7018,-44.0269,135,0,135,0,2,16,False
317100,Vazante,MG,Sudeste,-17.9897,-46.9005,190,0,105,0,6,14,False
317103,Verdelândia,MG,Sudeste,-15.5921,-43.6102,55.3,0,55.3,0,1,6,False
317107,Veredinha,MG,Sudeste,-17.3951,-42.738,255,0,210,0,1,1,False
317110,Veríssimo,MG,Sudeste,-19.6668,-48.3081,160,0,60,0,0,3,False
317115,Vermelho Novo,MG,Sudeste,-20.0364,-42.2667,140,0,60,0,0,6,False
317120,Vespasiano,MG,Sudeste,-19.6925,-43.9199,60,0,60,0,12,136,False
317130,Viçosa,MG,Sudeste,-20.7536,-42.8815,0,8,0,8,13,57,False
317140,Vieiras,MG,Sudeste,-20.8624,-42.2454,115,0,55,0,0,2,False
317150,Mathias Lobato,MG,Sudeste,-18.5737,-41.9156,35,0,35,0,0,2,False
317160,Virgem da Lapa,MG,Sudeste,-16.8039,-42.3431,226,0,180,0,3,5,False
317170,Virgínia,MG,Sudeste,-22.3334,-45.0932,70,0,70,0,2,9,False
317180,Virginópolis,MG,Sudeste,-18.8233,-42.7046,120,0,120,0,1,5,False
317190,Virgolândia,MG,Sudeste,-18.4755,-42.3076,120,0,120,0,0,3,False
317200,Visconde do Rio Branco,MG,Sudeste,-21.0103,-42.8397,40,0,25,0,6,36,False
317210,Volta Grande,MG,Sudeste,-21.7699,-42.5395,120,0,120,0,1,1,False
317220,Wenceslau Braz,MG,Sudeste,-22.5353,-45.3615,105,0,45,0,0,0,False
320010,Afonso Cláudio,ES,Sudeste,-20.0789,-41.1229,105,0,110,0,6,31,False
320013,Águia Branca,ES,Sudeste,-18.9846,-40.7404,150,0,70,0,2,6,False
320016,Água Doce do Norte,ES,Sudeste,-18.5472,-40.9773,180,0,160,0,1,11,False
320020,Alegre,ES,Sudeste,-20.7636,-41.5316,130,0,65,0,4,22,False
320030,Alfredo Chaves,ES,Sudeste,-20.6348,-40.7503,60,0,45,0,0,10,False
320035,Alto Rio Novo,ES,Sudeste,-19.0583,-41.0176,185,0,110,0,2,8,False
320040,Anchieta,ES,Sudeste,-20.8122,-40.6342,60,0,30,0,1,21,False
320050,Apiacá,ES,Sudeste,-21.156,-41.565,70,0,70,0,1,2,False
320060,Aracruz,ES,Sudeste,-19.825,-40.2648,50,0,50,0,21,92,True
320070,Atílio Vivácqua,ES,Sudeste,-20.9164,-41.1901,155,0,50,0,1,12,False
320080,Baixo Guandu,ES,Sudeste,-19.5135,-41.0127,145,0,60,0,2,24,False
320090,Barra de São Francisco,ES,Sudeste,-18.7569,-40.8913,130,0,110,0,4,39,False
320100,Boa Esperança,ES,Sudeste,-18.5399,-40.2984,145,0,130,0,0,9,False
320110,Bom Jesus do Norte,ES,Sudeste,-21.1315,-41.6765,100,0,90,0,0,8,False
320115,Brejetuba,ES,Sudeste,-20.1436,-41.2875,145,0,110,0,2,19,False
320120,Cachoeiro de Itapemirim,ES,Sudeste,-20.8487,-41.113,105,0,0,19,44,170,False
320130,Cariacica,ES,Sudeste,-20.3338,-40.3776,0,4,45,0,81,358,True
320140,Castelo,ES,Sudeste,-20.6045,-41.2034,145,0,60,0,2,26,False
320150,Colatina,ES,Sudeste,-19.5379,-40.6345,90,0,0,20,15,103,False
320160,Conceição da Barra,ES,Sudeste,-18.5945,-39.7311,100,0,100,0,5,16,False
320170,Conceição do Castelo,ES,Sudeste,-20.3575,-41.2448,115,0,40,0,3,5,False
320180,Divino de São Lourenço,ES,Sudeste,-20.6204,-41.6855,180,0,130,0,0,4,False
320190,Domingos Martins,ES,Sudeste,-20.3616,-40.6589,40,0,45,0,3,27,False
320200,Dores do Rio Preto,ES,Sudeste,-20.6907,-41.8494,120,0,40,0,0,13,False
320210,Ecoporanga,ES,Sudeste,-18.373,-40.8326,195,0,170,0,3,17,False
320220,Fundão,ES,Sudeste,-19.9336,-40.4035,25,0,25,0,2,7,False
320225,Governador Lindenberg,ES,Sudeste,-19.2501,-40.4636,110,0,90,0,1,10,False
320230,Guaçuí,ES,Sudeste,-20.7727,-41.6775,120,0,70,0,6,29,False
320240,Guarapari,ES,Sudeste,-20.6404,-40.4814,30,0,0,8,18,78,False
320245,Ibatiba,ES,Sudeste,-20.2349,-41.5103,150,0,75,0,4,41,False
320250,Ibiraçu,ES,Sudeste,-19.8306,-40.3689,40,0,40,0,2,8,False
320255,Ibitirama,ES,Sudeste,-20.5383,-41.6658,190,0,125,0,2,7,False
320260,Iconha,ES,Sudeste,-20.787,-40.8141,70,0,35,0,1,5,False
320265,Irupi,ES,Sudeste,-20.3456,-41.6417,180,0,125,0,4,18,False
320270,Itaguaçu,ES,Sudeste,-19.8031,-40.8559,145,0,85,0,0,9,False
320280,Itapemirim,ES,Sudeste,-21.0107,-40.834,90,0,40,0,2,21,True
320290,Itarana,ES,Sudeste,-19.872,-40.8756,130,0,90,0,0,3,False
320300,Iúna,ES,Sudeste,-20.348,-41.5338,150,0,100,0,3,29,False
320305,Jaguaré,ES,Sudeste,-18.9053,-40.0749,40,0,40,0,7,22,False
320310,Jerônimo Monteiro,ES,Sudeste,-20.7869,-41.3871,115,0,50,0,2,10,False
320313,João Neiva,ES,Sudeste,-19.7572,-40.3858,40,0,40,0,3,13,False
320316,Laranja da Terra,ES,Sudeste,-19.8987,-41.0575,155,0,135,0,0,5,False
320320,Linhares,ES,Sudeste,-19.3989,-40.0653,0,6,0,8,23,181,False
320330,Mantenópolis,ES,Sudeste,-18.8625,-41.1224,130,0,130,0,0,6,False
320332,Marataízes,ES,Sudeste,-21.0231,-40.8159,90,0,40,0,2,47,False
320334,Marechal Floriano,ES,Sudeste,-20.4101,-40.6747,55,0,60,0,2,11,False
320335,Marilândia,ES,Sudeste,-19.4109,-40.5434,130,0,45,0,0,8,False
320340,Mimoso do Sul,ES,Sudeste,-21.0629,-41.3635,90,0,60,0,5,16,False
320350,Montanha,ES,Sudeste,-18.1264,-40.3643,165,0,135,0,2,6,False
320360,Mucurici,ES,Sudeste,-18.0941,-40.5172,140,0,140,0,0,2,False
320370,Muniz Freire,ES,Sudeste,-20.4641,-41.4128,160,0,120,0,5,13,False
320380,Muqui,ES,Sudeste,-20.9517,-41.346,110,0,40,0,1,12,False
320390,Nova Venécia,ES,Sudeste,-18.7099,-40.4001,140,0,110,0,3,35,False
320400,Pancas,ES,Sudeste,-19.2238,-40.8493,145,0,70,0,0,15,False
320405,Pedro Canário,ES,Sudeste,-18.306,-39.9552,130,0,80,0,6,20,False
320410,Pinheiros,ES,Sudeste,-18.411,-40.2144,125,0,125,0,5,22,False
320420,Piúma,ES,Sudeste,-20.8398,-40.7297,60,0,30,0,0,17,False
320425,Ponto Belo,ES,Sudeste,-18.1232,-40.5406,160,0,160,0,1,6,False
320430,Presidente Kennedy,ES,Sudeste,-21.0993,-41.0451,120,0,45,0,1,8,False
320435,Rio Bananal,ES,Sudeste,-19.2734,-40.3274,60,0,60,0,2,17,False
320440,Rio Novo do Sul,ES,Sudeste,-20.8635,-40.9369,85,0,20,0,1,6,False
320450,Santa Leopoldina,ES,Sudeste,-20.0991,-40.5241,40,0,45,0,0,12,False
320455,Santa Maria de Jetibá,ES,Sudeste,-20.0314,-40.7426,110,0,110,0,5,36,False
320460,Santa Teresa,ES,Sudeste,-19.9356,-40.5961,70,0,50,0,0,20,False
320465,São Domingos do Norte,ES,Sudeste,-19.1538,-40.6258,130,0,50,0,1,8,False
320470,São Gabriel da Palha,ES,Sudeste,-19.0204,-40.5326,150,0,70,0,7,27,False
320480,São José do Calçado,ES,Sudeste,-21.0256,-41.6536,70,0,70,0,3,6,False
320490,São Mateus,ES,Sudeste,-18.7145,-39.8554,80,0,80,0,17,122,True
320495,São Roque do Canaã,ES,Sudeste,-19.738,-40.6592,100,0,30,0,1,9,False
320500,Serra,ES,Sudeste,-20.1244,-40.305,0,16,0,20,85,535,False
320501,Sooretama,ES,Sudeste,-19.1902,-40.0963,20,0,20,0,1,28,False
320503,Vargem Alta,ES,Sudeste,-20.6733,-41.0084,115,0,30,0,5,20,False
320506,Venda Nova do Imigrante,ES,Sudeste,-20.3298,-41.1317,110,0,70,0,3,9,False
320510,Viana,ES,Sudeste,-20.3894,-40.4949,60,0,30,0,19,73,False
320515,Vila Pavão,ES,Sudeste,-18.6204,-40.6057,170,0,140,0,1,8,False
320517,Vila Valério,ES,Sudeste,-19.0014,-40.3905,150,0,115,0,0,11,False
320520,Vila Velha,ES,Sudeste,-20.3597,-40.2989,0,14,0,30,71,362,False
320530,Vitória,ES,Sudeste,-20.3212,-40.3393,0,46,0,26,64,278,False
330010,Angra dos Reis,RJ,Sudeste,-23.009,-44.3194,0,4,0,4,32,132,False
330015,Aperibé,RJ,Sudeste,-21.6182,-42.1184,80,0,80,0,0,4,False
330020,Araruama,RJ,Sudeste,-22.8773,-42.34,0,5,90,0,13,122,True
330022,Areal,RJ,Sudeste,-22.2318,-43.101,60,0,60,0,1,11,False
330023,Armação dos Búzios,RJ,Sudeste,-22.7583,-41.8862,60,0,130,0,8,34,False
330025,Arraial do Cabo,RJ,Sudeste,-22.9693,-42.026,0,6,140,0,0,28,False
330030,Barra do Piraí,RJ,Sudeste,-22.467,-43.8275,40,0,40,0,18,63,False
330040,Barra Mansa,RJ,Sudeste,-22.541,-44.1768,0,3,25,0,30,128,True
330045,Belford Roxo,RJ,Sudeste,-22.7636,-43.3996,60,0,60,0,93,443,True
330050,Bom Jardim,RJ,Sudeste,-22.1503,-42.422,145,0,145,0,9,23,False
330060,Bom Jesus do Itabapoana,RJ,Sudeste,-21.1368,-41.6767,40,0,40,0,6,25,False
330070,Cabo Frio,RJ,Sudeste,-22.8772,-42.0141,60,0,130,0,31,160,True
330080,Cachoeiras de Macacu,RJ,Sudeste,-22.4625,-42.6529,60,0,60,0,6,29,False
330090,Cambuci,RJ,Sudeste,-21.5761,-41.9141,95,0,95,0,1,6,False
330093,Carapebus,RJ,Sudeste,-22.1871,-41.6616,35,0,120,0,2,9,False
330095,Comendador Levy Gasparian,RJ,Sudeste,-22.0292,-43.2046,85,0,30,0,2,13,False
330100,Campos dos Goytacazes,RJ,Sudeste,-21.7567,-41.3237,0,12,0,38,100,500,False
330110,Cantagalo,RJ,Sudeste,-21.9811,-42.3648,145,0,150,0,2,13,False
330115,Cardoso Moreira,RJ,Sudeste,-21.4869,-41.6096,60,0,60,0,1,11,False
330120,Carmo,RJ,Sudeste,-21.9327,-42.61,155,0,140,0,4,6,False
330130,Casimiro de Abreu,RJ,Sudeste,-22.4798,-42.2007,60,0,90,0,3,21,False
330140,Conceição de Macabu,RJ,Sudeste,-22.0838,-41.8708,45,0,120,0,4,18,False
330150,Cordeiro,RJ,Sudeste,-22.0271,-42.3615,155,0,155,0,1,14,False
330160,Duas Barras,RJ,Sudeste,-22.052,-42.521,175,0,175,0,2,9,False
330170,Duque de Caxias,RJ,Sudeste,-22.7859,-43.311,0,10,0,12,199,837,False
330180,Engenheiro Paulo de Frontin,RJ,Sudeste,-22.5494,-43.6778,20,0,20,0,1,11,False
330185,Guapimirim,RJ,Sudeste,-22.5301,-42.9857,50,0,50,0,12,40,False
330187,Iguaba Grande,RJ,Sudeste,-22.8407,-42.2124,60,0,120,0,1,25,False
330190,Itaboraí,RJ,Sudeste,-22.7456,-42.8583,60,0,60,0,49,185,True
330200,Itaguaí,RJ,Sudeste,-22.8642,-43.7775,60,0,60,0,28,96,False
330205,Italva,RJ,Sudeste,-21.4219,-41.691,70,0,70,0,2,7,False
330210,Itaocara,RJ,Sudeste,-21.6672,-42.0819,90,0,90,0,2,12,False
330220,Itaperuna,RJ,Sudeste,-21.2064,-41.8886,0,6,0,8,20,70,False
330225,Itatiaia,RJ,Sudeste,-22.4975,-44.5644,50,0,50,0,5,37,False
330227,Japeri,RJ,Sudeste,-22.6446,-43.6557,60,0,60,0,28,86,False
330230,Laje do Muriaé,RJ,Sudeste,-21.2068,-42.1219,30,0,30,0,1,7,False
330240,Macaé,RJ,Sudeste,-22.3746,-41.7766,0,4,110,0,50,226,True
330245,Macuco,RJ,Sudeste,-21.9869,-42.2545,130,0,145,0,1,5,False
330250,Magé,RJ,Sudeste,-22.6569,-43.0386,60,0,60,0,41,205,True
330260,Mangaratiba,RJ,Sudeste,-22.9607,-44.0414,60,0,60,0,2,31,False
330270,Maricá,RJ,Sudeste,-22.9201,-42.8209,60,0,60,0,21,161,True
330280,Mendes,RJ,Sudeste,-22.5256,-43.7314,30,0,30,0,1,17,False
330285,Mesquita,RJ,Sudeste,-22.7828,-43.4316,60,0,0,10,39,156,False
330290,Miguel Pereira,RJ,Sudeste,-22.4563,-43.473,120,0,120,0,6,24,False
330300,Miracema,RJ,Sudeste,-21.415,-42.1955,60,0,60,0,4,26,False
330310,Natividade,RJ,Sudeste,-21.0442,-41.9731,30,0,30,0,4,5,False
330320,Nilópolis,RJ,Sudeste,-22.8078,-43.4194,60,0,60,0,33,115,True
330330,Niterói,RJ,Sudeste,-22.8929,-43.1183,0,22,0,15,103,379,False
330340,Nova Friburgo,RJ,Sudeste,-22.288,-42.5318,115,0,115,0,31,141,True
330350,Nova Iguaçu,RJ,Sudeste,-22.7545,-43.4509,0,27,0,25,185,711,False
330360,Paracambi,RJ,Sudeste,-22.6126,-43.711,40,0,40,0,0,24,True
330370,Paraíba do Sul,RJ,Sudeste,-22.159,-43.2855,50,0,50,0,5,33,False
330380,Paraty,RJ,Sudeste,-23.2179,-44.7135,60,0,60,0,0,33,False
330385,Paty do Alferes,RJ,Sudeste,-22.4301,-43.4224,90,0,90,0,6,34,False
330390,Petrópolis,RJ,Sudeste,-22.5076,-43.1816,0,5,0,10,62,242,False
330395,Pinheiral,RJ,Sudeste,-22.5211,-44.0008,60,0,85,0,2,21,False
330400,Piraí,RJ,Sudeste,-22.6281,-43.8999,40,0,60,0,3,22,False
330410,Porciúncula,RJ,Sudeste,-20.9632,-42.0402,40,0,40,0,1,15,False
330411,Porto Real,RJ,Sudeste,-22.4192,-44.3024,25,0,50,0,4,21,False
330412,Quatis,RJ,Sudeste,-22.4148,-44.259,40,0,60,0,2,11,False
330414,Queimados,RJ,Sudeste,-22.713,-43.5604,60,0,60,0,27,121,True
330415,Quissamã,RJ,Sudeste,-22.1071,-41.4713,65,0,90,0,1,10,False
330420,Resende,RJ,Sudeste,-22.4693,-44.4474,0,10,0,10,17,129,False
330430,Rio Bonito,RJ,Sudeste,-22.7106,-42.6482,45,0,45,0,7,42,True
330440,Rio Claro,RJ,Sudeste,-22.725,-44.1372,50,0,75,0,1,13,False
330450,Rio das Flores,RJ,Sudeste,-22.1696,-43.5778,120,0,50,0,1,11,False
330452,Rio das Ostras,RJ,Sudeste,-22.4986,-41.922,60,0,120,0,21,116,True
330455,Rio de Janeiro,RJ,Sudeste,-22.9111,-43.2057,0,182,0,215,1316,4915,False
330460,Santa Maria Madalena,RJ,Sudeste,-21.9661,-42.0144,130,0,180,0,0,4,False
330470,Santo Antônio de Pádua,RJ,Sudeste,-21.5389,-42.1811,60,0,60,0,3,30,False
330475,São Francisco de Itabapoana,RJ,Sudeste,-21.4735,-41.1163,60,0,60,0,7,29,False
330480,São Fidélis,RJ,Sudeste,-21.6468,-41.7459,75,0,75,0,11,32,False
330490,São Gonçalo,RJ,Sudeste,-22.8251,-43.0491,0,8,60,0,170,639,True
330500,São João da Barra,RJ,Sudeste,-21.6335,-41.0488,60,0,60,0,6,31,False
330510,São João de Meriti,RJ,Sudeste,-22.7784,-43.3685,60,0,0,20,116,393,False
330513,São José de Ubá,RJ,Sudeste,-21.3584,-41.9429,30,0,30,0,3,15,False
330515,São José do Vale do Rio Preto,RJ,Sudeste,-22.1514,-42.9176,120,0,120,0,2,23,False
330520,São Pedro da Aldeia,RJ,Sudeste,-22.8412,-42.1013,35,0,100,0,22,94,True
330530,São Sebastião do Alto,RJ,Sudeste,-21.9566,-42.1346,150,0,150,0,2,4,False
330540,Sapucaia,RJ,Sudeste,-21.9944,-42.9133,80,0,80,0,4,13,False
330550,Saquarema,RJ,Sudeste,-22.9324,-42.4969,60,0,60,0,6,86,True
330555,Seropédica,RJ,Sudeste,-22.743,-43.7056,60,0,60,0,11,55,False
330560,Silva Jardim,RJ,Sudeste,-22.6512,-42.3902,75,0,75,0,4,9,False
330570,Sumidouro,RJ,Sudeste,-22.0485,-42.6734,185,0,170,0,3,13,False
330575,Tanguá,RJ,Sudeste,-22.736,-42.7213,60,0,60,0,2,23,False
330580,Teresópolis,RJ,Sudeste,-22.4181,-42.9737,80,0,80,0,36,138,True
330590,Trajano de Moraes,RJ,Sudeste,-22.0648,-42.0595,90,0,165,0,1,4,False
330600,Três Rios,RJ,Sudeste,-22.1168,-43.209,55,0,55,0,9,53,True
330610,Valença,RJ,Sudeste,-22.2463,-43.7056,70,0,0,10,11,56,False
330615,Varre-Sai,RJ,Sudeste,-20.9288,-41.868,50,0,50,0,0,5,False
330620,Vassouras,RJ,Sudeste,-22.4044,-43.6578,0,6,0,10,2,42,False
330630,Volta Redonda,RJ,Sudeste,-22.5086,-44.0942,0,16,45,0,44,232,True
350010,Adamantina,SP,Sudeste,-21.6878,-51.0733,60,0,60,0,6,11,False
350020,Adolfo,SP,Sudeste,-21.2356,-49.6428,90,0,90,0,0,1,False
350030,Aguaí,SP,Sudeste,-22.0592,-46.979,30,0,30,0,5,24,False
350040,Águas da Prata,SP,Sudeste,-21.9356,-46.7165,30,0,30,0,0,3,False
350050,Águas de Lindóia,SP,Sudeste,-22.4716,-46.6321,90,0,70,0,3,14,False
350055,Águas de Santa Bárbara,SP,Sudeste,-22.8808,-49.2393,90,0,75,0,1,0,False
350060,Águas de São Pedro,SP,Sudeste,-22.5987,-47.8771,30,0,30,0,0,2,False
350070,Agudos,SP,Sudeste,-22.4728,-48.9896,25,0,25,0,6,19,False
350075,Alambari,SP,Sudeste,-23.5516,-47.8994,60,0,60,0,0,6,False
350080,Alfredo Marcondes,SP,Sudeste,-21.9541,-51.4147,35,0,35,0,0,3,False
350090,Altair,SP,Sudeste,-20.5243,-49.0594,90,0,90,0,1,3,False
350100,Altinópolis,SP,Sudeste,-21.0269,-47.3731,45,0,45,0,3,12,False
350110,Alto Alegre,SP,Sudeste,-21.5822,-50.1652,75,0,75,0,0,3,False
350115,Alumínio,SP,Sudeste,-23.531,-47.2531,60,0,60,0,4,15,False
350120,Álvares Florence,SP,Sudeste,-20.3211,-49.9106,70,0,15,0,0,2,False
350130,Álvares Machado,SP,Sudeste,-22.0769,-51.4715,45,0,45,0,3,19,False
350140,Álvaro de Carvalho,SP,Sudeste,-22.0785,-49.7205,35,0,35,0,0,2,False
350150,Alvinlândia,SP,Sudeste,-22.4455,-49.7634,50,0,50,0,0,2,False
350160,Americana,SP,Sudeste,-22.7445,-47.3321,20,0,0,7,30,162,False
350170,Américo Brasiliense,SP,Sudeste,-21.7289,-48.103,60,0,60,0,10,22,False
350180,Américo de Campos,SP,Sudeste,-20.2992,-49.7319,85,0,30,0,2,3,False
350190,Amparo,SP,Sudeste,-22.7099,-46.7745,65,0,60,0,4,48,False
350200,Analândia,SP,Sudeste,-22.1257,-47.6639,35,0,35,0,0,2,False
350210,Andradina,SP,Sudeste,-20.897,-51.3807,80,0,80,0,6,43,False
350220,Angatuba,SP,Sudeste,-23.489,-48.4175,105,0,105,0,1,22,False
350230,Anhembi,SP,Sudeste,-22.7902,-48.1272,70,0,70,0,1,4,False
350240,Anhumas,SP,Sudeste,-22.296,-51.386,35,0,35,0,1,3,False
350250,Aparecida,SP,Sudeste,-22.8489,-45.2285,25,0,25,0,6,29,False
350260,Aparecida d'Oeste,SP,Sudeste,-20.4502,-50.8809,60,0,60,0,1,1,False
350270,Apiaí,SP,Sudeste,-24.5121,-48.8464,90,0,90,0,3,16,False
350275,Araçariguama,SP,Sudeste,-23.4391,-47.0623,40,0,40,0,1,21,False
350280,Araçatuba,SP,Sudeste,-21.2163,-50.4371,0,10,0,17,28,162,False
350290,Araçoiaba da Serra,SP,Sudeste,-23.5055,-47.6146,60,0,60,0,4,28,False
350300,Aramina,SP,Sudeste,-20.0895,-47.7854,155,0,55,0,0,2,False
350310,Arandu,SP,Sudeste,-23.1339,-49.0539,90,0,90,0,2,3,False
350315,Arapeí,SP,Sudeste,-22.674,-44.4507,65,0,90,0,0,1,False
350320,Araraquara,SP,Sudeste,-21.793,-48.1753,0,6,0,7,26,208,False
350330,Araras,SP,Sudeste,-22.3582,-47.3859,0,6,0,4,22,101,False
350335,Arco-Íris,SP,Sudeste,-21.7735,-50.4649,30,0,30,0,0,2,False
350340,Arealva,SP,Sudeste,-22.0291,-48.9117,40,0,40,0,0,8,False
350350,Areias,SP,Sudeste,-22.581,-44.6969,60,0,60,0,0,2,False
350360,Areiópolis,SP,Sudeste,-22.6693,-48.6627,40,0,40,0,4,6,False
350370,Ariranha,SP,Sudeste,-21.1876,-48.7859,50,0,50,0,5,5,False
350380,Artur Nogueira,SP,Sudeste,-22.5734,-47.173,40,0,40,0,8,45,False
350390,Arujá,SP,Sudeste,-23.3958,-46.323,45,0,45,0,13,79,True
350395,Aspásia,SP,Sudeste,-20.1592,-50.7266,37.7,0,37.7,0,0,1,False
350400,Assis,SP,Sudeste,-22.6611,-50.4111,0,6,0,9,8,60,False
350410,Atibaia,SP,Sudeste,-23.116,-46.5483,30,0,30,0,18,147,True
350420,Auriflama,SP,Sudeste,-20.6878,-50.5543,60,0,60,0,0,7,False
350430,Avaí,SP,Sudeste,-22.1562,-49.3328,50,0,50,0,0,3,False
350440,Avanhandava,SP,Sudeste,-21.4605,-49.9501,45,0,45,0,0,10,False
350450,Avaré,SP,Sudeste,-23.0989,-48.9255,60,0,60,0,14,71,True
350460,Bady Bassitt,SP,Sudeste,-20.9198,-49.4467,60,0,60,0,2,25,False
350470,Balbinos,SP,Sudeste,-21.9017,-49.3566,110,0,110,0,0,0,False
350480,Bálsamo,SP,Sudeste,-20.7328,-49.5828,30,0,30,0,1,4,False
350490,Bananal,SP,Sudeste,-22.68,-44.3192,40,0,65,0,0,7,False
350500,Barão de Antonina,SP,Sudeste,-23.6299,-49.5617,85,0,85,0,0,7,False
350510,Barbosa,SP,Sudeste,-21.2678,-49.9503,65,0,65,0,3,3,False
350520,Bariri,SP,Sudeste,-22.0764,-48.7391,90,0,50,0,3,26,False
350530,Barra Bonita,SP,Sudeste,-22.4942,-48.5617,65,0,30,0,6,18,False
350535,Barra do Chapéu,SP,Sudeste,-24.4714,-49.0263,120,0,120,0,1,1,False
350540,Barra do Turvo,SP,Sudeste,-24.7582,-48.5053,225,0,90,0,0,6,False
350550,Barretos,SP,Sudeste,-20.571,-48.5694,0,8,0,8,13,104,False
350560,Barrinha,SP,Sudeste,-21.1946,-48.1645,15,0,15,0,7,27,False
350570,Barueri,SP,Sudeste,-23.5119,-46.874,60,0,0,11,65,341,False
350580,Bastos,SP,Sudeste,-21.9211,-50.7323,30,0,30,0,2,21,False
350590,Batatais,SP,Sudeste,-20.8894,-47.5853,38,0,38,0,11,47,False
350600,Bauru,SP,Sudeste,-22.331,-49.0702,0,14,0,17,53,268,False
350610,Bebedouro,SP,Sudeste,-20.9494,-48.4826,45,0,45,0,11,41,False
350620,Bento de Abreu,SP,Sudeste,-21.2719,-50.8122,57,0,57,0,0,3,False
350630,Bernardino de Campos,SP,Sudeste,-23.0129,-49.4748,60,0,30,0,0,6,False
350635,Bertioga,SP,Sudeste,-23.8467,-46.1418,90,0,30,0,8,57,False
350640,Bilac,SP,Sudeste,-21.4066,-50.4733,50,0,50,0,1,3,False
350650,Birigui,SP,Sudeste,-21.2918,-50.3401,20,0,20,0,16,66,True
350660,Biritiba Mirim,SP,Sudeste,-23.5731,-46.0396,55,0,55,0,5,13,False
350670,Boa Esperança do Sul,SP,Sudeste,-21.9924,-48.391,30,0,30,0,2,9,False
350680,Bocaina,SP,Sudeste,-22.139,-48.5191,80,0,25,0,1,11,False
350690,Bofete,SP,Sudeste,-23.1029,-48.2582,40,0,40,0,1,6,False
350700,Boituva,SP,Sudeste,-23.284,-47.6763,50,0,50,0,4,67,False
350710,Bom Jesus dos Perdões,SP,Sudeste,-23.1362,-46.4651,50,0,50,0,2,22,False
350715,Bom Sucesso de Itararé,SP,Sudeste,-24.3194,-49.1477,60,0,60,0,0,2,False
350720,Borá,SP,Sudeste,-22.2696,-50.5441,55,0,55,0,0,0,False
350730,Boracéia,SP,Sudeste,-22.195,-48.7792,70,0,55,0,1,6,False
350740,Borborema,SP,Sudeste,-21.6212,-49.0744,65,0,60,0,0,7,False
350745,Borebi,SP,Sudeste,-22.5698,-48.9722,55,0,55,0,0,3,False
350750,Botucatu,SP,Sudeste,-22.8852,-48.4442,0,15,0,17,22,104,False
350760,Bragança Paulista,SP,Sudeste,-22.9661,-46.5341,0,4,0,7,24,154,False
350770,Braúna,SP,Sudeste,-21.5013,-50.3164,55,0,55,0,0,4,False
350775,Brejo Alegre,SP,Sudeste,-21.1645,-50.1859,60,0,60,0,0,0,False
350780,Brodowski,SP,Sudeste,-20.989,-47.6588,30,0,30,0,3,15,False
350790,Brotas,SP,Sudeste,-22.2882,-48.1265,60,0,60,0,4,20,False
350800,Buri,SP,Sudeste,-23.7978,-48.595,59,0,59,0,3,26,False
350810,Buritama,SP,Sudeste,-21.0681,-50.1446,65,0,65,0,1,11,False
350820,Buritizal,SP,Sudeste,-20.1913,-47.7081,155,0,55,0,1,2,False
350830,Cabrália Paulista,SP,Sudeste,-22.4588,-49.3368,30,0,30,0,1,3,False
350840,Cabreúva,SP,Sudeste,-23.3074,-47.1332,30,0,30,0,9,50,False
350850,Caçapava,SP,Sudeste,-23.0971,-45.7078,20,0,20,0,10,59,False
350860,Cachoeira Paulista,SP,Sudeste,-22.6644,-45.0076,30,0,25,0,3,27,False
350870,Caconde,SP,Sudeste,-21.529,-46.6451,75,0,75,0,3,13,False
350880,Cafelândia,SP,Sudeste,-21.8041,-49.6051,20,0,20,0,1,12,False
350890,Caiabu,SP,Sudeste,-22.0137,-51.2355,50,0,50,0,0,2,False
350900,Caieiras,SP,Sudeste,-23.3658,-46.7496,60,0,0,6,17,81,False
350910,Caiuá,SP,Sudeste,-21.8308,-51.9873,105,0,105,0,2,1,False
350920,Cajamar,SP,Sudeste,-23.3647,-46.8725,60,0,60,0,14,94,False
350925,Cajati,SP,Sudeste,-24.7252,-48.1146,120,0,45,0,5,29,False
350930,Cajobi,SP,Sudeste,-20.8808,-48.8102,60,0,60,0,3,3,False
350940,Cajuru,SP,Sudeste,-21.2776,-47.3042,70,0,70,0,8,15,False
350945,Campina do Monte Alegre,SP,Sudeste,-23.5916,-48.477,119,0,119,0,1,0,False
350950,Campinas,SP,Sudeste,-22.9011,-47.0573,0,62,0,49,206,1076,False
350960,Campo Limpo Paulista,SP,Sudeste,-23.205,-46.7839,25,0,25,0,15,56,False
350970,Campos do Jordão,SP,Sudeste,-22.7418,-45.5949,60,0,60,0,10,41,False
350980,Campos Novos Paulista,SP,Sudeste,-22.6029,-50.0002,65,0,65,0,1,5,False
350990,Cananéia,SP,Sudeste,-25.0104,-47.9299,205,0,45,0,0,8,False
350995,Canas,SP,Sudeste,-22.7022,-45.053,50,0,45,0,0,5,False
351000,Cândido Mota,SP,Sudeste,-22.7446,-50.3895,20,0,20,0,6,10,False
351010,Cândido Rodrigues,SP,Sudeste,-21.3257,-48.631,57.1,0,22.1,0,0,0,False
351015,Canitar,SP,Sudeste,-23.0079,-49.7842,20,0,20,0,1,4,False
351020,Capão Bonito,SP,Sudeste,-24.0037,-48.3478,60,0,60,0,14,26,False
351030,Capela do Alto,SP,Sudeste,-23.4688,-47.7342,45,0,45,0,4,16,False
351040,Capivari,SP,Sudeste,-22.9988,-47.5043,50,0,50,0,8,42,False
351050,Caraguatatuba,SP,Sudeste,-23.6193,-45.4098,75,0,0,10,11,112,False
351060,Carapicuíba,SP,Sudeste,-23.518,-46.8404,0,10,0,13,108,415,False
351070,Cardoso,SP,Sudeste,-20.0796,-49.9151,105,0,50,0,1,6,False
351080,Casa Branca,SP,Sudeste,-21.774,-47.0866,70,0,70,0,1,20,False
351090,Cássia dos Coqueiros,SP,Sudeste,-21.2824,-47.17,70.8,0,70.8,0,0,4,False
351100,Castilho,SP,Sudeste,-20.8716,-51.4878,110,0,110,0,1,9,False
351110,Catanduva,SP,Sudeste,-21.1316,-48.9714,0,5,0,9,15,82,False
351120,Catiguá,SP,Sudeste,-21.0575,-49.0625,15,0,15,0,0,4,False
351130,Cedral,SP,Sudeste,-20.902,-49.27,60,0,60,0,2,9,False
351140,Cerqueira César,SP,Sudeste,-23.0346,-49.165,90,0,80,0,0,14,False
351150,Cerquilho,SP,Sudeste,-23.1613,-47.7443,70,0,70,0,7,23,False
351160,Cesário Lange,SP,Sudeste,-23.2273,-47.953,90,0,90,0,3,23,False
351170,Charqueada,SP,Sudeste,-22.5113,-47.7771,30,0,30,0,3,14,False
351190,Clementina,SP,Sudeste,-21.5589,-50.4492,65,0,65,0,1,3,False
351200,Colina,SP,Sudeste,-20.715,-48.5417,29,0,29,0,7,6,False
351210,Colômbia,SP,Sudeste,-20.1778,-48.6887,50,0,50,0,1,5,False
351220,Conchal,SP,Sudeste,-22.3322,-47.1725,40,0,40,0,4,21,False
351230,Conchas,SP,Sudeste,-23.0135,-48.0092,70,0,70,0,7,10,False
351240,Cordeirópolis,SP,Sudeste,-22.4809,-47.4655,15,0,15,0,3,12,False
351250,Coroados,SP,Sudeste,-21.356,-50.2839,40,0,40,0,0,1,False
351260,Coronel Macedo,SP,Sudeste,-23.6313,-49.3137,60,0,60,0,0,3,False
351270,Corumbataí,SP,Sudeste,-22.2206,-47.6264,60,0,60,0,2,1,False
351280,Cosmópolis,SP,Sudeste,-22.6453,-47.1962,25,0,25,0,12,62,False
351290,Cosmorama,SP,Sudeste,-20.4784,-49.7764,45,0,15,0,0,14,False
351300,Cotia,SP,Sudeste,-23.606,-46.9153,0,5,0,6,54,287,False
351310,Cravinhos,SP,Sudeste,-21.3377,-47.7331,30,0,30,0,6,26,False
351320,Cristais Paulista,SP,Sudeste,-20.4062,-47.4212,120,0,60,0,0,8,False
351330,Cruzália,SP,Sudeste,-22.7411,-50.7923,45,0,45,0,0,2,False
351340,Cruzeiro,SP,Sudeste,-22.5758,-44.9584,50,0,45,0,5,53,False
351350,Cubatão,SP,Sudeste,-23.8836,-46.4228,45,0,0,6,20,109,False
351360,Cunha,SP,Sudeste,-23.076,-44.9593,60,0,60,0,9,21,False
351370,Descalvado,SP,Sudeste,-21.9037,-47.62,50,0,50,0,2,17,False
351380,Diadema,SP,Sudeste,-23.6864,-46.6114,0,16,0,17,84,315,False
351385,Dirce Reis,SP,Sudeste,-20.4663,-50.6066,20,0,20,0,0,0,False
351390,Divinolândia,SP,Sudeste,-21.6617,-46.7398,45,0,45,0,1,6,False
351400,Dobrada,SP,Sudeste,-21.5164,-48.3947,60,0,20,0,2,11,False
351410,Dois Córregos,SP,Sudeste,-22.3687,-48.3842,100,0,50,0,6,17,False
351420,Dolcinópolis,SP,Sudeste,-20.1232,-50.5127,30,0,30,0,0,2,False
351430,Dourado,SP,Sudeste,-22.1151,-48.3166,52.7,0,52.7,0,0,6,False
351440,Dracena,SP,Sudeste,-21.4856,-51.534,90,0,90,0,3,28,False
351450,Duartina,SP,Sudeste,-22.4152,-49.4014,50,0,50,0,0,6,False
351460,Dumont,SP,Sudeste,-21.2387,-47.9742,20,0,20,0,1,5,False
351470,Echaporã,SP,Sudeste,-22.4298,-50.2023,40,0,40,0,2,3,False
351480,Eldorado,SP,Sudeste,-24.5217,-48.1097,170,0,60,0,1,5,False
351490,Elias Fausto,SP,Sudeste,-23.0428,-47.3731,65,0,35,0,3,12,False
351492,Elisiário,SP,Sudeste,-21.1666,-49.1105,60,0,60,0,0,3,False
351495,Embaúba,SP,Sudeste,-20.9811,-48.8359,45,0,45,0,0,1,False
351500,Embu das Artes,SP,Sudeste,-23.6484,-46.8531,60,0,60,0,53,267,False
351510,Embu-Guaçu,SP,Sudeste,-23.8274,-46.8145,60,0,60,0,15,53,False
351512,Emilianópolis,SP,Sudeste,-21.8329,-51.4829,55,0,55,0,1,1,False
351515,Engenheiro Coelho,SP,Sudeste,-22.4892,-47.2208,60,0,30,0,3,23,False
351518,Espírito Santo do Pinhal,SP,Sudeste,-22.1931,-46.747,40,0,40,0,3,27,False
351519,Espírito Santo do Turvo,SP,Sudeste,-22.6937,-49.4274,75,0,40,0,1,3,False
351520,Estrela d'Oeste,SP,Sudeste,-20.2863,-50.3962,15,0,15,0,1,8,False
351530,Estrela do Norte,SP,Sudeste,-22.4871,-51.6606,55,0,55,0,0,2,False
351535,Euclides da Cunha Paulista,SP,Sudeste,-22.5618,-52.5943,170,0,125,0,1,9,False
351540,Fartura,SP,Sudeste,-23.3902,-49.511,90,0,85,0,2,4,False
351550,Fernandópolis,SP,Sudeste,-20.2825,-50.2488,30,0,25,0,7,46,False
351560,Fernando Prestes,SP,Sudeste,-21.2648,-48.6862,69.4,0,34.4,0,2,2,False
351565,Fernão,SP,Sudeste,-22.3594,-49.5187,60,0,60,0,0,2,False
351570,Ferraz de Vasconcelos,SP,Sudeste,-23.5435,-46.3667,0,11,0,10,39,147,False
351580,Flora Rica,SP,Sudeste,-21.675,-51.3803,70,0,70,0,0,0,False
351590,Floreal,SP,Sudeste,-20.6771,-50.1457,90,0,55,0,1,2,False
351600,Flórida Paulista,SP,Sudeste,-21.6142,-51.1729,75,0,75,0,2,3,False
351610,Florínea,SP,Sudeste,-22.9002,-50.7298,35,0,35,0,1,0,False
351620,Franca,SP,Sudeste,-20.5383,-47.4011,90,0,0,13,58,316,False
351630,Francisco Morato,SP,Sudeste,-23.282,-46.7457,0,11,0,11,27,189,False
351640,Franco da Rocha,SP,Sudeste,-23.3319,-46.726,0,5,60,0,28,154,True
351650,Gabriel Monteiro,SP,Sudeste,-21.5309,-50.5566,70,0,70,0,0,0,False
351660,Gália,SP,Sudeste,-22.291,-49.5534,50,0,50,0,2,6,False
351670,Garça,SP,Sudeste,-22.2118,-49.6533,20,0,20,0,6,25,False
351680,Gastão Vidigal,SP,Sudeste,-20.7992,-50.1882,90,0,90,0,1,1,False
351685,Gavião Peixoto,SP,Sudeste,-21.8392,-48.4951,40,0,40,0,2,6,False
351690,General Salgado,SP,Sudeste,-20.6487,-50.3608,75,0,75,0,0,6,False
351700,Getulina,SP,Sudeste,-21.7992,-49.931,30,0,30,0,0,6,False
351710,Glicério,SP,Sudeste,-21.3836,-50.2092,50,0,50,0,0,2,False
351720,Guaiçara,SP,Sudeste,-21.6234,-49.7981,20,0,20,0,2,8,False
351730,Guaimbê,SP,Sudeste,-21.9109,-49.898,60,0,60,0,2,5,False
351740,Guaíra,SP,Sudeste,-20.3188,-48.3107,40,0,40,0,16,36,False
351750,Guapiaçu,SP,Sudeste,-20.7953,-49.2202,60,0,60,0,3,24,False
351760,Guapiara,SP,Sudeste,-24.1843,-48.5344,107,0,107,0,1,6,False
351770,Guará,SP,Sudeste,-20.4285,-47.8248,120,0,80,0,4,14,False
351780,Guaraçaí,SP,Sudeste,-21.0335,-51.209,90,0,90,0,2,3,False
351790,Guaraci,SP,Sudeste,-20.4996,-48.9441,90,0,90,0,2,12,False
351800,Guarani d'Oeste,SP,Sudeste,-20.0748,-50.3398,65,0,60,0,0,2,False
351810,Guarantã,SP,Sudeste,-21.8973,-49.5904,35,0,35,0,3,7,False
351820,Guararapes,SP,Sudeste,-21.2543,-50.644,30,0,30,0,3,17,False
351830,Guararema,SP,Sudeste,-23.4143,-46.0356,40,0,40,0,3,20,False
351840,Guaratinguetá,SP,Sudeste,-22.8171,-45.1924,0,6,0,6,9,104,False
351850,Guareí,SP,Sudeste,-23.3731,-48.1845,90,0,90,0,4,5,False
351860,Guariba,SP,Sudeste,-21.3607,-48.2274,50,0,45,0,11,20,False
351870,Guarujá,SP,Sudeste,-23.9934,-46.2573,60,0,0,6,83,271,False
351880,Guarulhos,SP,Sudeste,-23.4702,-46.5312,0,31,0,33,246,1330,False
351885,Guatapará,SP,Sudeste,-21.4956,-48.0393,65,0,65,0,0,4,False
351890,Guzolândia,SP,Sudeste,-20.6509,-50.6626,80,0,80,0,4,3,False
351900,Herculândia,SP,Sudeste,-22.0045,-50.386,20,0,20,0,3,11,False
351905,Holambra,SP,Sudeste,-22.6261,-47.0597,60,0,25,0,0,17,False
351907,Hortolândia,SP,Sudeste,-22.8699,-47.2181,60,0,60,0,36,212,True
351910,Iacanga,SP,Sudeste,-21.8903,-49.0159,60,0,60,0,1,6,False
351920,Iacri,SP,Sudeste,-21.8571,-50.6917,20,0,20,0,0,7,False
351925,Iaras,SP,Sudeste,-22.8723,-49.1631,75,0,75,0,0,4,False
351930,Ibaté,SP,Sudeste,-21.9528,-48.0014,20,0,20,0,3,17,False
351940,Ibirá,SP,Sudeste,-21.0806,-49.2413,40,0,40,0,1,9,False
351950,Ibirarema,SP,Sudeste,-22.8178,-50.0731,30,0,30,0,4,7,False
351960,Ibitinga,SP,Sudeste,-21.7581,-48.8245,70,0,60,0,12,48,False
351970,Ibiúna,SP,Sudeste,-23.651,-47.2179,60,0,60,0,19,64,False
351980,Icém,SP,Sudeste,-20.3412,-49.1979,60,0,60,0,3,4,False
351990,Iepê,SP,Sudeste,-22.6617,-51.0773,60,0,60,0,0,6,False
352000,Igaraçu do Tietê,SP,Sudeste,-22.5089,-48.5574,55,0,40,0,5,29,False
352010,Igarapava,SP,Sudeste,-20.0386,-47.7476,140,0,40,0,4,14,False
352020,Igaratá,SP,Sudeste,-23.2068,-46.1544,50,0,50,0,0,9,False
352030,Iguape,SP,Sudeste,-24.7086,-47.5565,160,0,50,0,8,12,False
352040,Ilhabela,SP,Sudeste,-23.8144,-45.3655,135,0,60,0,6,38,False
352042,Ilha Comprida,SP,Sudeste,-24.7376,-47.5318,190,0,50,0,0,8,False
352044,Ilha Solteira,SP,Sudeste,-20.4264,-51.344,100,0,100,0,2,12,False
352050,Indaiatuba,SP,Sudeste,-23.0928,-47.2296,30,0,0,6,28,180,False
352060,Indiana,SP,Sudeste,-22.1773,-51.2538,25,0,25,0,0,4,False
352070,Indiaporã,SP,Sudeste,-19.9803,-50.2906,85,0,85,0,0,5,False
352080,Inúbia Paulista,SP,Sudeste,-21.7681,-50.9584,60,0,60,0,0,1,False
352090,Ipaussu,SP,Sudeste,-23.053,-49.6271,40,0,20,0,5,13,False
352100,Iperó,SP,Sudeste,-23.3521,-47.6941,60,0,60,0,12,36,False
352110,Ipeúna,SP,Sudeste,-22.4363,-47.7202,45,0,45,0,2,8,False
352115,Ipiguá,SP,Sudeste,-20.6564,-49.3888,45,0,45,0,0,2,False
352120,Iporanga,SP,Sudeste,-24.5837,-48.5941,195,0,195,0,0,1,False
352130,Ipuã,SP,Sudeste,-20.4441,-48.0096,70,0,70,0,5,19,False
352140,Iracemápolis,SP,Sudeste,-22.5801,-47.5176,40,0,40,0,1,16,False
352150,Irapuã,SP,Sudeste,-21.2793,-49.4092,80,0,80,0,0,5,False
352160,Irapuru,SP,Sudeste,-21.5661,-51.352,85,0,85,0,1,2,False
352170,Itaberá,SP,Sudeste,-23.8627,-49.1384,30,0,30,0,2,14,False
352180,Itaí,SP,Sudeste,-23.4175,-49.0907,95,0,85,0,5,31,False
352190,Itajobi,SP,Sudeste,-21.3164,-49.0585,40,0,40,0,0,20,False
352200,Itaju,SP,Sudeste,-21.9847,-48.805,95,0,70,0,0,1,False
352210,Itanhaém,SP,Sudeste,-24.1856,-46.7891,60,0,0,7,19,82,False
352215,Itaoca,SP,Sudeste,-24.6394,-48.8419,120,0,120,0,0,2,False
352220,Itapecerica da Serra,SP,Sudeste,-23.7176,-46.8496,0,7,0,10,52,159,False
352230,Itapetininga,SP,Sudeste,-23.5872,-48.0477,60,0,60,0,19,119,True
352240,Itapeva,SP,Sudeste,-23.987,-48.8764,0,8,0,10,25,84,False
352250,Itapevi,SP,Sudeste,-23.5486,-46.9345,60,0,0,10,42,276,False
352260,Itapira,SP,Sudeste,-22.4393,-46.822,50,0,25,0,7,52,False
352265,Itapirapuã Paulista,SP,Sudeste,-24.5716,-49.1722,260,0,260,0,0,0,False
352270,Itápolis,SP,Sudeste,-21.597,-48.8096,75,0,40,0,3,23,False
352280,Itaporanga,SP,Sudeste,-23.7045,-49.4831,80,0,80,0,2,5,False
352290,Itapuí,SP,Sudeste,-22.2346,-48.7196,65,0,30,0,1,9,False
352300,Itapura,SP,Sudeste,-20.6468,-51.51,120,0,120,0,1,1,False
352310,Itaquaquecetuba,SP,Sudeste,-23.4855,-46.3521,0,10,0,10,69,395,False
352320,Itararé,SP,Sudeste,-24.1155,-49.3393,50,0,50,0,5,27,False
352330,Itariri,SP,Sudeste,-24.291,-47.1743,110,0,50,0,0,10,False
352340,Itatiba,SP,Sudeste,-23.0059,-46.8389,30,0,0,3,14,108,False
352350,Itatinga,SP,Sudeste,-23.1032,-48.615,35,0,35,0,5,13,False
352360,Itirapina,SP,Sudeste,-22.2542,-47.8202,50,0,50,0,6,9,False
352370,Itirapuã,SP,Sudeste,-20.6403,-47.219,60,0,30,0,0,12,False
352380,Itobi,SP,Sudeste,-21.7315,-46.9746,75,0,75,0,0,3,False
352390,Itu,SP,Sudeste,-23.2698,-47.287,0,14,0,16,36,136,False
352400,Itupeva,SP,Sudeste,-23.1534,-47.0582,60,0,60,0,4,52,False
352410,Ituverava,SP,Sudeste,-20.3396,-47.782,129,0,80,0,3,16,False
352420,Jaborandi,SP,Sudeste,-20.6888,-48.4136,40,0,40,0,1,12,False
352430,Jaboticabal,SP,Sudeste,-21.2546,-48.3107,30,0,25,0,11,45,False
352440,Jacareí,SP,Sudeste,-23.3056,-45.9749,0,8,0,8,50,199,False
352450,Jaci,SP,Sudeste,-20.8844,-49.5705,35,0,35,0,0,5,False
352460,Jacupiranga,SP,Sudeste,-24.6987,-48.0027,140,0,30,0,2,7,False
352470,Jaguariúna,SP,Sudeste,-22.7051,-46.9848,35,0,35,0,8,51,False
352480,Jales,SP,Sudeste,-20.2681,-50.5476,0,4,0,4,5,21,False
352490,Jambeiro,SP,Sudeste,-23.255,-45.6904,40,0,40,0,1,1,False
352500,Jandira,SP,Sudeste,-23.5315,-46.9019,60,0,60,0,21,107,False
352510,Jardinópolis,SP,Sudeste,-21.0183,-47.7643,60,0,60,0,5,27,False
352520,Jarinu,SP,Sudeste,-23.1019,-46.7285,50,0,50,0,1,30,False
352530,Jaú,SP,Sudeste,-22.2971,-48.5589,70,0,0,5,25,83,False
352540,Jeriquara,SP,Sudeste,-20.3118,-47.5892,140,0,50,0,1,3,False
352550,Joanópolis,SP,Sudeste,-22.931,-46.2721,60,0,60,0,1,14,False
352560,João Ramalho,SP,Sudeste,-22.2513,-50.7677,55,0,55,0,0,1,False
352570,José Bonifácio,SP,Sudeste,-21.0531,-49.6886,45,0,45,0,10,28,False
352580,Júlio Mesquita,SP,Sudeste,-22.0116,-49.7893,20,0,20,0,0,7,False
352585,Jumirim,SP,Sudeste,-23.0862,-47.7844,75,0,75,0,0,1,False
352590,Jundiaí,SP,Sudeste,-23.1891,-46.8843,0,10,0,10,56,354,False
352600,Junqueirópolis,SP,Sudeste,-21.5122,-51.4397,105,0,105,0,4,13,False
352610,Juquiá,SP,Sudeste,-24.3259,-47.6321,120,0,70,0,0,13,False
352620,Juquitiba,SP,Sudeste,-23.9324,-47.0686,40,0,40,0,7,28,False
352630,Lagoinha,SP,Sudeste,-23.0904,-45.1896,90,0,90,0,0,0,False
352640,Laranjal Paulista,SP,Sudeste,-23.0521,-47.8379,80,0,80,0,9,22,False
352650,Lavínia,SP,Sudeste,-21.1686,-51.0403,70,0,70,0,1,2,False
352660,Lavrinhas,SP,Sudeste,-22.5679,-44.906,50,0,50,0,1,3,False
352670,Leme,SP,Sudeste,-22.1855,-47.3887,30,0,30,0,16,71,False
352680,Lençóis Paulista,SP,Sudeste,-22.6035,-48.8025,50,0,50,0,8,58,False
352690,Limeira,SP,Sudeste,-22.5736,-47.4095,0,8,0,8,62,242,False
352700,Lindóia,SP,Sudeste,-22.5256,-46.6447,80,0,60,0,1,5,False
352710,Lins,SP,Sudeste,-21.6721,-49.7418,0,6,0,6,10,67,False
352720,Lorena,SP,Sudeste,-22.7384,-45.1158,25,0,0,7,17,64,False
352725,Lourdes,SP,Sudeste,-20.9674,-50.2264,77.3,0,77.3,0,2,1,False
352730,Louveira,SP,Sudeste,-23.0886,-46.9503,40,0,30,0,8,30,False
352740,Lucélia,SP,Sudeste,-21.7227,-51.0195,55,0,55,0,2,18,False
352750,Lucianópolis,SP,Sudeste,-22.4311,-49.5227,70,0,70,0,0,1,False
352760,Luís Antônio,SP,Sudeste,-21.5513,-47.7036,55,0,55,0,3,12,False
352770,Luiziânia,SP,Sudeste,-21.6766,-50.3268,85,0,85,0,2,2,False
352780,Lupércio,SP,Sudeste,-22.4155,-49.8173,30,0,30,0,0,4,False
352790,Lutécia,SP,Sudeste,-22.3393,-50.3918,60,0,60,0,1,4,False
352800,Macatuba,SP,Sudeste,-22.5007,-48.7108,70,0,60,0,3,11,False
352810,Macaubal,SP,Sudeste,-20.8072,-49.9649,115,0,80,0,1,2,False
352820,Macedônia,SP,Sudeste,-20.1457,-50.1946,90,0,85,0,0,6,False
352830,Magda,SP,Sudeste,-20.6443,-50.2266,84.5,0,65,0,0,0,False
352840,Mairinque,SP,Sudeste,-23.5472,-47.1836,60,0,60,0,11,42,False
352850,Mairiporã,SP,Sudeste,-23.32,-46.5878,40,0,40,0,18,86,False
352860,Manduri,SP,Sudeste,-23.0038,-49.3227,90,0,60,0,3,11,False
352870,Marabá Paulista,SP,Sudeste,-22.1104,-51.9652,105,0,105,0,1,0,False
352880,Maracaí,SP,Sudeste,-22.614,-50.6668,20,0,20,0,2,5,False
352885,Marapoama,SP,Sudeste,-21.2593,-49.1299,55,0,55,0,0,2,False
352890,Mariápolis,SP,Sudeste,-21.7984,-51.1816,85,0,85,0,0,0,False
352900,Marília,SP,Sudeste,-22.2199,-49.9479,0,10,0,15,32,207,False
352910,Marinópolis,SP,Sudeste,-20.4409,-50.8236,40,0,40,0,0,1,False
352920,Martinópolis,SP,Sudeste,-22.1492,-51.1714,30,0,30,0,2,18,False
352930,Matão,SP,Sudeste,-21.6004,-48.3609,40,0,0,5,9,57,False
352940,Mauá,SP,Sudeste,-23.6699,-46.4623,0,3,0,10,81,319,False
352950,Mendonça,SP,Sudeste,-21.1835,-49.5811,75,0,75,0,0,5,False
352960,Meridiano,SP,Sudeste,-20.3562,-50.1773,40,0,15,0,0,4,False
352965,Mesópolis,SP,Sudeste,-19.9663,-50.619,60,0,60,0,0,0,False
352970,Miguelópolis,SP,Sudeste,-20.1819,-48.0269,79,0,79,0,5,9,False
352980,Mineiros do Tietê,SP,Sudeste,-22.4114,-48.4509,85,0,30,0,0,7,False
352990,Miracatu,SP,Sudeste,-24.284,-47.459,100,0,70,0,3,17,False
353000,Mira Estrela,SP,Sudeste,-19.9795,-50.1376,105,0,70,0,1,1,False
353010,Mirandópolis,SP,Sudeste,-21.1336,-51.1025,60,0,60,0,5,12,False
353020,Mirante do Paranapanema,SP,Sudeste,-22.2912,-51.9076,65,0,65,0,2,6,False
353030,Mirassol,SP,Sudeste,-20.8169,-49.5121,50,0,45,0,14,37,False
353040,Mirassolândia,SP,Sudeste,-20.617,-49.4644,60,0,60,0,0,3,False
353050,Mococa,SP,Sudeste,-21.4689,-47.0042,70,0,70,0,12,44,False
353060,Mogi das Cruzes,SP,Sudeste,-23.5192,-46.1854,0,6,0,9,77,411,False
353070,Mogi Guaçu,SP,Sudeste,-22.3687,-46.9444,0,3,0,5,18,121,False
353080,Mogi Mirim,SP,Sudeste,-22.4318,-46.9574,40,0,0,4,24,66,False
353090,Mombuca,SP,Sudeste,-22.9293,-47.5663,35,0,35,0,0,5,False
353100,Monções,SP,Sudeste,-20.8508,-50.0922,80,0,70,0,0,3,False
353110,Mongaguá,SP,Sudeste,-24.0948,-46.6182,60,0,60,0,2,46,False
353120,Monte Alegre do Sul,SP,Sudeste,-22.6885,-46.6786,60,0,60,0,2,3,False
353130,Monte Alto,SP,Sudeste,-21.2612,-48.4962,55,0,25,0,11,33,False
353140,Monte Aprazível,SP,Sudeste,-20.7728,-49.7145,50,0,50,0,5,21,False
353150,Monte Azul Paulista,SP,Sudeste,-20.9076,-48.6413,65,0,65,0,2,9,False
353160,Monte Castelo,SP,Sudeste,-21.3014,-51.5686,125,0,125,0,0,2,False
353170,Monteiro Lobato,SP,Sudeste,-22.9559,-45.8389,60,0,60,0,0,3,False
353180,Monte Mor,SP,Sudeste,-22.9467,-47.3141,55,0,50,0,8,85,False
353190,Morro Agudo,SP,Sudeste,-20.7329,-48.0584,60,0,60,0,4,22,False
353200,Morungaba,SP,Sudeste,-22.8757,-46.7928,60,0,30,0,4,11,False
353205,Motuca,SP,Sudeste,-21.5129,-48.1501,40,0,40,0,0,1,False
353210,Murutinga do Sul,SP,Sudeste,-20.9935,-51.278,110,0,110,0,0,1,False
353215,Nantes,SP,Sudeste,-22.6189,-51.238,80,0,80,0,0,0,False
353220,Narandiba,SP,Sudeste,-22.4073,-51.5251,40,0,40,0,0,4,False
353230,Natividade da Serra,SP,Sudeste,-23.3792,-45.4466,90,0,90,0,1,5,False
353240,Nazaré Paulista,SP,Sudeste,-23.1822,-46.3982,55,0,55,0,1,19,False
353250,Neves Paulista,SP,Sudeste,-20.8461,-49.6302,40,0,40,0,0,8,False
353260,Nhandeara,SP,Sudeste,-20.6949,-50.0416,95,0,40,0,1,2,False
353270,Nipoã,SP,Sudeste,-20.9137,-49.7782,75,0,75,0,0,3,False
353280,Nova Aliança,SP,Sudeste,-21.0156,-49.497,45,0,45,0,2,10,False
353282,Nova Campina,SP,Sudeste,-24.1213,-48.9046,30,0,30,0,2,3,False
353284,Nova Canaã Paulista,SP,Sudeste,-20.3871,-50.9489,80,0,80,0,0,0,False
353286,Nova Castilho,SP,Sudeste,-20.7632,-50.3421,88.4,0,88.4,0,0,0,False
353290,Nova Europa,SP,Sudeste,-21.7786,-48.5606,45,0,45,0,2,3,False
353300,Nova Granada,SP,Sudeste,-20.5326,-49.3176,40,0,40,0,3,11,False
353310,Nova Guataporanga,SP,Sudeste,-21.3336,-51.6446,135,0,135,0,0,1,False
353320,Nova Independência,SP,Sudeste,-21.1049,-51.4902,120,0,120,0,0,1,False
353325,Novais,SP,Sudeste,-20.9933,-48.9188,30,0,30,0,1,1,False
353330,Nova Luzitânia,SP,Sudeste,-20.8565,-50.2632,70,0,70,0,0,2,False
353340,Nova Odessa,SP,Sudeste,-22.7803,-47.2984,20,0,20,0,11,37,False
353350,Novo Horizonte,SP,Sudeste,-21.4695,-49.222,60,0,60,0,4,24,False
353360,Nuporanga,SP,Sudeste,-20.7327,-47.7514,85,0,70,0,0,5,False
353370,Ocauçu,SP,Sudeste,-22.4392,-49.9231,50,0,50,0,1,7,False
353380,Óleo,SP,Sudeste,-22.9425,-49.3419,85,0,55,0,0,0,False
353390,Olímpia,SP,Sudeste,-20.7376,-48.9143,50,0,50,0,6,43,False
353400,Onda Verde,SP,Sudeste,-20.6101,-49.2962,20,0,20,0,0,4,False
353410,Oriente,SP,Sudeste,-22.1538,-50.0913,30,0,30,0,1,9,False
353420,Orindiúva,SP,Sudeste,-20.1815,-49.3521,80,0,80,0,1,5,False
353430,Orlândia,SP,Sudeste,-20.7196,-47.8848,60,0,60,0,7,26,False
353440,Osasco,SP,Sudeste,-23.5388,-46.7821,0,12,0,18,163,664,False
353450,Oscar Bressane,SP,Sudeste,-22.3186,-50.2828,40,0,40,0,0,2,False
353460,Osvaldo Cruz,SP,Sudeste,-21.7951,-50.8765,45,0,45,0,6,11,False
353470,Ourinhos,SP,Sudeste,-22.9811,-49.8659,0,6,0,3,21,80,False
353475,Ouroeste,SP,Sudeste,-20.0011,-50.3729,70,0,70,0,1,13,False
353480,Ouro Verde,SP,Sudeste,-21.4881,-51.7017,120,0,120,0,0,5,False
353490,Pacaembu,SP,Sudeste,-21.5668,-51.2634,90,0,90,0,0,10,False
353500,Palestina,SP,Sudeste,-20.3916,-49.4343,70,0,70,0,5,4,False
353510,Palmares Paulista,SP,Sudeste,-21.0835,-48.8007,25,0,25,0,2,11,False
353520,Palmeira d'Oeste,SP,Sudeste,-20.4166,-50.7624,40,0,40,0,4,5,False
353530,Palmital,SP,Sudeste,-22.7862,-50.2208,30,0,30,0,3,11,False
353540,Panorama,SP,Sudeste,-21.3612,-51.8573,135,0,135,0,7,16,False
353550,Paraguaçu Paulista,SP,Sudeste,-22.4213,-50.581,35,0,35,0,7,30,False
353560,Paraibuna,SP,Sudeste,-23.3873,-45.6634,40,0,40,0,1,10,False
353570,Paraíso,SP,Sudeste,-21.0173,-48.7748,35,0,35,0,0,1,False
353580,Paranapanema,SP,Sudeste,-23.3881,-48.7223,125,0,115,0,4,17,False
353590,Paranapuã,SP,Sudeste,-20.1036,-50.5857,40,0,40,0,0,3,False
353600,Parapuã,SP,Sudeste,-21.7831,-50.7913,30,0,30,0,2,9,False
353610,Pardinho,SP,Sudeste,-23.0815,-48.374,30,0,30,0,2,8,False
353620,Pariquera-Açu,SP,Sudeste,-24.7136,-47.8815,160,0,0,7,0,11,False
353625,Parisi,SP,Sudeste,-20.3051,-50.0124,115,0,60,0,0,2,False
353630,Patrocínio Paulista,SP,Sudeste,-20.6434,-47.2804,80,0,25,0,1,19,False
353640,Paulicéia,SP,Sudeste,-21.314,-51.8334,135,0,135,0,0,8,False
353650,Paulínia,SP,Sudeste,-22.7618,-47.1545,45,0,45,0,19,99,False
353657,Paulistânia,SP,Sudeste,-22.5743,-49.399,55,0,55,0,0,1,False
353660,Paulo de Faria,SP,Sudeste,-20.0312,-49.3998,100,0,100,0,1,4,False
353670,Pederneiras,SP,Sudeste,-22.3533,-48.7763,40,0,30,0,3,33,False
353680,Pedra Bela,SP,Sudeste,-22.7937,-46.4432,40,0,40,0,2,2,False
353690,Pedranópolis,SP,Sudeste,-20.2498,-50.1099,90,0,85,0,0,0,False
353700,Pedregulho,SP,Sudeste,-20.2536,-47.4803,140,0,50,0,2,9,False
353710,Pedreira,SP,Sudeste,-22.7422,-46.9018,60,0,60,0,4,31,False
353715,Pedrinhas Paulista,SP,Sudeste,-22.8148,-50.7912,40,0,40,0,0,3,False
353720,Pedro de Toledo,SP,Sudeste,-24.275,-47.2316,125,0,65,0,3,3,False
353730,Penápolis,SP,Sudeste,-21.4194,-50.0766,45,0,45,0,15,47,False
353740,Pereira Barreto,SP,Sudeste,-20.6417,-51.1082,90,0,90,0,2,15,False
353750,Pereiras,SP,Sudeste,-23.0769,-47.9767,85,0,85,0,1,6,False
353760,Peruíbe,SP,Sudeste,-24.3207,-47.0025,80,0,20,0,8,48,False
353770,Piacatu,SP,Sudeste,-21.5933,-50.5995,65,0,65,0,0,1,False
353780,Piedade,SP,Sudeste,-23.7141,-47.4123,45,0,45,0,6,35,False
353790,Pilar do Sul,SP,Sudeste,-23.8126,-47.7167,60,0,60,0,2,26,False
353800,Pindamonhangaba,SP,Sudeste,-22.9377,-45.4628,0,7,0,10,28,139,False
353810,Pindorama,SP,Sudeste,-21.1865,-48.905,45,0,45,0,2,13,False
353820,Pinhalzinho,SP,Sudeste,-22.7814,-46.5918,30,0,30,0,2,15,False
353830,Piquerobi,SP,Sudeste,-21.8895,-51.7305,69,0,69,0,0,2,False
353850,Piquete,SP,Sudeste,-22.6123,-45.1808,65,0,40,0,2,8,False
353860,Piracaia,SP,Sudeste,-23.0553,-46.3558,60,0,60,0,4,20,False
353870,Piracicaba,SP,Sudeste,-22.7288,-47.6646,0,11,0,14,53,329,False
353880,Piraju,SP,Sudeste,-23.1938,-49.3836,60,0,55,0,3,17,False
353890,Pirajuí,SP,Sudeste,-21.9945,-49.4585,50,0,50,0,4,14,False
353900,Pirangi,SP,Sudeste,-21.0917,-48.6585,45,0,45,0,2,4,False
353910,Pirapora do Bom Jesus,SP,Sudeste,-23.3968,-47.0023,60,0,55,0,2,11,False
353920,Pirapozinho,SP,Sudeste,-22.2753,-51.4992,25,0,25,0,0,26,False
353930,Pirassununga,SP,Sudeste,-21.9952,-47.4236,55,0,55,0,7,44,False
353940,Piratininga,SP,Sudeste,-22.4104,-49.1344,50,0,50,0,1,16,False
353950,Pitangueiras,SP,Sudeste,-21.0104,-48.2199,30,0,30,0,8,22,False
353960,Planalto,SP,Sudeste,-21.0336,-49.9274,95,0,95,0,0,3,False
353970,Platina,SP,Sudeste,-22.6332,-50.2055,35,0,35,0,2,1,False
353980,Poá,SP,Sudeste,-23.5255,-46.3418,60,0,60,0,24,101,False
353990,Poloni,SP,Sudeste,-20.7848,-49.8161,70,0,70,0,0,1,False
354000,Pompéia,SP,Sudeste,-22.1106,-50.1771,30,0,30,0,4,15,False
354010,Pongaí,SP,Sudeste,-21.7342,-49.3574,60,0,60,0,0,0,False
354020,Pontal,SP,Sudeste,-21.0244,-48.0368,30,0,30,0,14,32,False
354025,Pontalinda,SP,Sudeste,-20.4408,-50.5237,30,0,30,0,0,5,False
354030,Pontes Gestal,SP,Sudeste,-20.1845,-49.7018,97,0,42,0,0,2,False
354040,Populina,SP,Sudeste,-19.9431,-50.539,75,0,75,0,2,0,False
354050,Porangaba,SP,Sudeste,-23.1759,-48.1258,70,0,70,0,1,3,False
354060,Porto Feliz,SP,Sudeste,-23.2134,-47.5236,35,0,35,0,3,33,False
354070,Porto Ferreira,SP,Sudeste,-21.8529,-47.4797,60,0,60,0,12,34,False
354075,Potim,SP,Sudeste,-22.8436,-45.2523,60,0,60,0,1,16,False
354080,Potirendaba,SP,Sudeste,-21.0433,-49.3787,50,0,50,0,2,16,False
354085,Pracinha,SP,Sudeste,-21.8532,-51.0873,115,0,115,0,0,0,False
354090,Pradópolis,SP,Sudeste,-21.3574,-48.0667,50,0,50,0,2,7,False
354100,Praia Grande,SP,Sudeste,-24.0307,-46.4939,60,0,0,10,29,266,False
354105,Pratânia,SP,Sudeste,-22.809,-48.6664,60,0,60,0,2,10,False
354110,Presidente Alves,SP,Sudeste,-22.1001,-49.4384,65,0,65,0,1,3,False
354120,Presidente Bernardes,SP,Sudeste,-22.0078,-51.5533,25,0,25,0,2,6,False
354130,Presidente Epitácio,SP,Sudeste,-21.7578,-52.11,115,0,115,0,8,23,False
354140,Presidente Prudente,SP,Sudeste,-22.122,-51.3882,0,8,0,14,37,156,False
354150,Presidente Venceslau,SP,Sudeste,-21.8752,-51.8444,75,0,75,0,7,19,False
354160,Promissão,SP,Sudeste,-21.5371,-49.8591,25,0,25,0,9,26,False
354165,Quadra,SP,Sudeste,-23.3011,-48.0559,90,0,90,0,0,0,False
354170,Quatá,SP,Sudeste,-22.2507,-50.6958,40,0,40,0,2,15,False
354180,Queiroz,SP,Sudeste,-21.8,-50.2406,45,0,45,0,0,3,False
354190,Queluz,SP,Sudeste,-22.5392,-44.7734,30,0,30,0,1,2,False
354200,Quintana,SP,Sudeste,-22.0708,-50.3052,40,0,40,0,0,6,False
354210,Rafard,SP,Sudeste,-23.0141,-47.531,50,0,50,0,1,10,False
354220,Rancharia,SP,Sudeste,-22.2284,-50.8941,60,0,60,0,3,15,False
354230,Redenção da Serra,SP,Sudeste,-23.2825,-45.5335,60,0,60,0,1,6,False
354240,Regente Feijó,SP,Sudeste,-22.2241,-51.3122,25,0,25,0,1,14,False
354250,Reginópolis,SP,Sudeste,-21.8889,-49.2271,80,0,80,0,1,4,False
354260,Registro,SP,Sudeste,-24.4956,-47.8453,140,0,40,0,11,33,True
354270,Restinga,SP,Sudeste,-20.6029,-47.4839,120,0,60,0,0,11,False
354280,Ribeira,SP,Sudeste,-24.6587,-49.008,150,0,150,0,0,1,False
354290,Ribeirão Bonito,SP,Sudeste,-22.0694,-48.1753,35,0,35,0,0,7,False
354300,Ribeirão Branco,SP,Sudeste,-24.2214,-48.7664,60,0,60,0,4,13,False
354310,Ribeirão Corrente,SP,Sudeste,-20.4584,-47.5893,120,0,40,0,0,3,False
354320,Ribeirão do Sul,SP,Sudeste,-22.7844,-49.933,30,0,30,0,1,1,False
354323,Ribeirão dos Índios,SP,Sudeste,-21.8383,-51.6042,70,0,70,0,1,1,False
354325,Ribeirão Grande,SP,Sudeste,-24.0969,-48.3657,80,0,80,0,0,11,False
354330,Ribeirão Pires,SP,Sudeste,-23.7086,-46.4134,60,0,60,0,23,60,True
354340,Ribeirão Preto,SP,Sudeste,-21.1767,-47.8065,0,40,0,36,101,550,False
354350,Riversul,SP,Sudeste,-23.8284,-49.4357,90,0,90,0,1,3,False
354360,Rifaina,SP,Sudeste,-20.0813,-47.4229,150,0,80,0,0,4,False
354370,Rincão,SP,Sudeste,-21.5899,-48.0688,60,0,60,0,1,2,False
354380,Rinópolis,SP,Sudeste,-21.7258,-50.7223,45,0,45,0,2,8,False
354390,Rio Claro,SP,Sudeste,-22.4113,-47.5596,0,2,0,5,34,163,False
354400,Rio das Pedras,SP,Sudeste,-22.8437,-47.6081,20,0,20,0,11,24,False
354410,Rio Grande da Serra,SP,Sudeste,-23.7444,-46.3931,60,0,60,0,6,39,False
354420,Riolândia,SP,Sudeste,-19.9817,-49.6816,120,0,102,0,3,6,False
354425,Rosana,SP,Sudeste,-22.58,-53.0586,175,0,120,0,1,4,False
354430,Roseira,SP,Sudeste,-22.8981,-45.3066,20,0,20,0,2,9,False
354440,Rubiácea,SP,Sudeste,-21.3009,-50.728,44.1,0,44.1,0,0,1,False
354450,Rubinéia,SP,Sudeste,-20.1714,-50.9995,60,0,60,0,0,0,False
354460,Sabino,SP,Sudeste,-21.4592,-49.5789,40,0,40,0,0,1,False
354470,Sagres,SP,Sudeste,-21.8835,-50.9575,65,0,65,0,1,1,False
354480,Sales,SP,Sudeste,-21.3411,-49.4986,95,0,95,0,0,0,False
354490,Sales Oliveira,SP,Sudeste,-20.7703,-47.8386,65,0,65,0,1,2,False
354500,Salesópolis,SP,Sudeste,-23.5309,-45.8466,60,0,60,0,2,8,False
354510,Salmourão,SP,Sudeste,-21.6254,-50.8607,75,0,75,0,0,5,False
354515,Saltinho,SP,Sudeste,-22.8463,-47.6759,20,0,20,0,1,1,False
354520,Salto,SP,Sudeste,-23.2055,-47.296,20,0,20,0,13,122,False
354530,Salto de Pirapora,SP,Sudeste,-23.6605,-47.5809,45,0,45,0,11,29,False
354540,Salto Grande,SP,Sudeste,-22.8918,-49.9851,20,0,20,0,0,6,False
354550,Sandovalina,SP,Sudeste,-22.456,-51.7652,70,0,70,0,0,2,False
354560,Santa Adélia,SP,Sudeste,-21.2453,-48.8064,15,0,15,0,4,20,False
354570,Santa Albertina,SP,Sudeste,-20.0331,-50.7297,40,0,40,0,0,1,False
354580,Santa Bárbara d'Oeste,SP,Sudeste,-22.7546,-47.4274,30,0,30,0,22,137,True
354600,Santa Branca,SP,Sudeste,-23.3972,-45.8833,30,0,30,0,1,11,False
354610,Santa Clara d'Oeste,SP,Sudeste,-20.0931,-50.9273,100,0,100,0,1,1,False
354620,Santa Cruz da Conceição,SP,Sudeste,-22.1378,-47.4538,50,0,50,0,0,3,False
354625,Santa Cruz da Esperança,SP,Sudeste,-21.2923,-47.4304,50,0,50,0,0,0,False
354630,Santa Cruz das Palmeiras,SP,Sudeste,-21.8266,-47.2491,90,0,90,0,9,29,False
354640,Santa Cruz do Rio Pardo,SP,Sudeste,-22.9056,-49.6272,55,0,0,10,5,33,False
354650,Santa Ernestina,SP,Sudeste,-21.4637,-48.3897,50,0,20,0,0,6,False
354660,Santa Fé do Sul,SP,Sudeste,-20.2119,-50.9253,40,0,40,0,2,24,False
354670,Santa Gertrudes,SP,Sudeste,-22.4556,-47.5248,20,0,20,0,5,17,False
354680,Santa Isabel,SP,Sudeste,-23.3203,-46.229,40,0,40,0,7,38,False
354690,Santa Lúcia,SP,Sudeste,-21.685,-48.084,60,0,60,0,3,5,False
354700,Santa Maria da Serra,SP,Sudeste,-22.5694,-48.1528,60,0,60,0,0,4,False
354710,Santa Mercedes,SP,Sudeste,-21.3521,-51.7513,125,0,125,0,0,7,False
354720,Santana da Ponte Pensa,SP,Sudeste,-20.2541,-50.7992,40,0,40,0,0,0,False
354730,Santana de Parnaíba,SP,Sudeste,-23.4459,-46.9141,60,0,60,0,31,153,False
354740,Santa Rita d'Oeste,SP,Sudeste,-20.1444,-50.8301,52.9,0,52.9,0,0,4,False
354750,Santa Rita do Passa Quatro,SP,Sudeste,-21.7124,-47.4786,80,0,80,0,0,12,False
354760,Santa Rosa de Viterbo,SP,Sudeste,-21.4795,-47.3621,70,0,70,0,11,10,False
354765,Santa Salete,SP,Sudeste,-20.2464,-50.6875,30,0,30,0,0,0,False
354770,Santo Anastácio,SP,Sudeste,-21.9733,-51.6542,45,0,45,0,4,10,False
354780,Santo André,SP,Sudeste,-23.6573,-46.533,0,22,0,34,116,509,False
354790,Santo Antônio da Alegria,SP,Sudeste,-21.0912,-47.1524,45,0,45,0,1,2,False
354800,Santo Antônio de Posse,SP,Sudeste,-22.6003,-46.9165,60,0,30,0,3,20,False
354805,Santo Antônio do Aracanguá,SP,Sudeste,-20.9363,-50.496,30,0,30,0,2,7,False
354810,Santo Antônio do Jardim,SP,Sudeste,-22.114,-46.6835,60,0,60,0,3,5,False
354820,Santo Antônio do Pinhal,SP,Sudeste,-22.8255,-45.662,60,0,60,0,2,5,False
354830,Santo Expedito,SP,Sudeste,-21.8504,-51.3929,55,0,55,0,1,1,False
354840,Santópolis do Aguapeí,SP,Sudeste,-21.6381,-50.5008,65,0,65,0,1,2,False
354850,Santos,SP,Sudeste,-23.9336,-46.3281,0,10,0,17,72,263,False
354860,São Bento do Sapucaí,SP,Sudeste,-22.6896,-45.7309,95,0,60,0,0,6,False
354870,São Bernardo do Campo,SP,Sudeste,-23.6958,-46.5518,0,12,0,20,157,540,False
354880,São Caetano do Sul,SP,Sudeste,-23.633,-46.5747,0,7,0,9,27,78,False
354890,São Carlos,SP,Sudeste,-22.0167,-47.892,0,5,0,5,45,197,False
354900,São Francisco,SP,Sudeste,-20.3598,-50.6972,30,0,30,0,0,0,False
354910,São João da Boa Vista,SP,Sudeste,-21.9694,-46.7991,40,0,40,0,10,51,True
354920,São João das Duas Pontes,SP,Sudeste,-20.3896,-50.3783,31.2,0,31.2,0,0,1,False
354925,São João de Iracema,SP,Sudeste,-20.5135,-50.3526,57.2,0,57.2,0,0,1,False
354930,São João do Pau d'Alho,SP,Sudeste,-21.27,-51.6653,145,0,145,0,0,0,False
354940,São Joaquim da Barra,SP,Sudeste,-20.5879,-47.8662,90,0,70,0,5,34,False
354950,São José da Bela Vista,SP,Sudeste,-20.5946,-47.6396,115,0,40,0,2,4,False
354960,São José do Barreiro,SP,Sudeste,-22.6455,-44.5773,85,0,85,0,0,3,False
354970,São José do Rio Pardo,SP,Sudeste,-21.5996,-46.8917,90,0,90,0,4,35,False
354980,São José do Rio Preto,SP,Sudeste,-20.814,-49.3784,0,6,0,25,79,369,False
354990,São José dos Campos,SP,Sudeste,-23.1849,-45.8786,0,15,0,22,118,510,False
354995,São Lourenço da Serra,SP,Sudeste,-23.8536,-46.9441,60,0,60,0,4,14,False
355000,São Luiz do Paraitinga,SP,Sudeste,-23.222,-45.3113,60,0,60,0,1,11,False
355010,São Manuel,SP,Sudeste,-22.7341,-48.5712,30,0,30,0,5,40,False
355020,São Miguel Arcanjo,SP,Sudeste,-23.8787,-47.9934,100,0,100,0,10,21,False
355030,São Paulo,SP,Sudeste,-23.5548,-46.579,0,339,0,355,2595,9740,False
355040,São Pedro,SP,Sudeste,-22.5515,-47.9138,45,0,45,0,7,26,False
355050,São Pedro do Turvo,SP,Sudeste,-22.7496,-49.7382,45,0,30,0,1,5,False
355060,São Roque,SP,Sudeste,-23.542,-47.1292,60,0,50,0,12,63,True
355070,São Sebastião,SP,Sudeste,-23.8049,-45.4015,130,0,60,0,12,84,True
355080,São Sebastião da Grama,SP,Sudeste,-21.7109,-46.8211,75,0,75,0,1,6,False
355090,São Simão,SP,Sudeste,-21.4774,-47.5547,40,0,40,0,2,7,False
355100,São Vicente,SP,Sudeste,-23.9667,-46.383,0,2,60,0,73,295,True
355110,Sarapuí,SP,Sudeste,-23.6429,-47.8279,50,0,50,0,1,5,False
355120,Sarutaiá,SP,Sudeste,-23.2752,-49.4792,80,0,75,0,0,5,False
355130,Sebastianópolis do Sul,SP,Sudeste,-20.6559,-49.9217,100,0,60,0,0,2,False
355140,Serra Azul,SP,Sudeste,-21.3118,-47.5679,40,0,40,0,8,6,False
355150,Serrana,SP,Sudeste,-21.2037,-47.6036,50,0,50,0,5,30,False
355160,Serra Negra,SP,Sudeste,-22.6107,-46.7,90,0,80,0,4,21,False
355170,Sertãozinho,SP,Sudeste,-21.137,-47.9928,0,4,0,6,22,93,False
355180,Sete Barras,SP,Sudeste,-24.3914,-47.9259,160,0,60,0,4,7,False
355190,Severínia,SP,Sudeste,-20.8099,-48.8043,70,0,70,0,4,9,False
355200,Silveiras,SP,Sudeste,-22.6659,-44.8527,60,0,55,0,0,8,False
355210,Socorro,SP,Sudeste,-22.5785,-46.53,60,0,60,0,3,19,False
355220,Sorocaba,SP,Sudeste,-23.4784,-47.4239,0,17,0,20,95,632,False
355230,Sud Mennucci,SP,Sudeste,-20.6908,-50.9241,120,0,120,0,0,4,False
355240,Sumaré,SP,Sudeste,-22.8189,-47.2701,0,10,0,12,36,258,False
355250,Suzano,SP,Sudeste,-23.5466,-46.3098,60,0,0,10,57,301,False
355255,Suzanápolis,SP,Sudeste,-20.5022,-51.0253,80,0,80,0,1,2,False
355260,Tabapuã,SP,Sudeste,-20.9621,-49.0286,45,0,45,0,1,10,False
355270,Tabatinga,SP,Sudeste,-21.7339,-48.6868,70,0,65,0,2,11,False
355280,Taboão da Serra,SP,Sudeste,-23.6045,-46.7635,0,10,0,10,56,265,False
355290,Taciba,SP,Sudeste,-22.3905,-51.2847,50,0,50,0,1,7,False
355300,Taguaí,SP,Sudeste,-23.4523,-49.4107,100,0,100,0,1,9,False
355310,Taiaçu,SP,Sudeste,-21.1456,-48.5139,75,0,70,0,0,3,False
355320,Taiúva,SP,Sudeste,-21.1264,-48.4522,65,0,60,0,0,1,False
355330,Tambaú,SP,Sudeste,-21.7054,-47.2748,100,0,100,0,5,13,False
355340,Tanabi,SP,Sudeste,-20.6247,-49.6468,40,0,25,0,1,17,False
355350,Tapiraí,SP,Sudeste,-23.9657,-47.5046,85,0,85,0,1,1,False
355360,Tapiratiba,SP,Sudeste,-21.4678,-46.7494,95,0,95,0,1,4,False
355365,Taquaral,SP,Sudeste,-21.0725,-48.4108,50,0,45,0,0,3,False
355370,Taquaritinga,SP,Sudeste,-21.4065,-48.5047,35,0,0,4,12,41,False
355380,Taquarituba,SP,Sudeste,-23.534,-49.2392,70,0,70,0,6,10,False
355385,Taquarivaí,SP,Sudeste,-23.9266,-48.7017,20,0,20,0,0,4,False
355390,Tarabai,SP,Sudeste,-22.3036,-51.561,35,0,35,0,0,7,False
355395,Tarumã,SP,Sudeste,-22.7488,-50.5779,15,0,15,0,2,6,False
355400,Tatuí,SP,Sudeste,-23.3415,-47.8405,60,0,60,0,14,103,True
355410,Taubaté,SP,Sudeste,-23.0312,-45.5655,0,10,0,10,49,224,False
355420,Tejupá,SP,Sudeste,-23.3434,-49.3767,90,0,85,0,3,2,False
355430,Teodoro Sampaio,SP,Sudeste,-22.531,-52.1733,110,0,110,0,1,16,False
355440,Terra Roxa,SP,Sudeste,-20.787,-48.3314,55,0,55,0,3,3,False
355450,Tietê,SP,Sudeste,-23.0988,-47.7156,60,0,60,0,6,32,False
355460,Timburi,SP,Sudeste,-23.2059,-49.6069,110,0,105,0,0,1,False
355465,Torre de Pedra,SP,Sudeste,-23.2468,-48.1943,100,0,100,0,0,0,False
355470,Torrinha,SP,Sudeste,-22.4301,-48.1662,80,0,80,0,1,5,False
355475,Trabiju,SP,Sudeste,-22.0407,-48.3365,40.8,0,40.8,0,0,1,False
355480,Tremembé,SP,Sudeste,-22.9621,-45.5452,60,0,60,0,6,36,False
355490,Três Fronteiras,SP,Sudeste,-20.2399,-50.8908,45,0,45,0,0,6,False
355495,Tuiuti,SP,Sudeste,-22.8143,-46.695,40,0,40,0,0,5,False
355500,Tupã,SP,Sudeste,-21.9346,-50.5128,0,2,0,2,7,44,False
355510,Tupi Paulista,SP,Sudeste,-21.3862,-51.576,105,0,105,0,0,8,False
355520,Turiúba,SP,Sudeste,-20.9502,-50.1079,60,0,60,0,0,1,False
355530,Turmalina,SP,Sudeste,-20.0521,-50.4764,50,0,50,0,0,2,False
355535,Ubarana,SP,Sudeste,-21.1659,-49.7192,60,0,60,0,1,6,False
355540,Ubatuba,SP,Sudeste,-23.433,-45.0782,90,0,60,0,19,79,False
355550,Ubirajara,SP,Sudeste,-22.5275,-49.6633,65,0,65,0,1,4,False
355560,Uchoa,SP,Sudeste,-20.961,-49.1764,20,0,20,0,0,8,False
355570,União Paulista,SP,Sudeste,-20.8869,-49.8965,95,0,95,0,0,2,False
355580,Urânia,SP,Sudeste,-20.2436,-50.6448,20,0,20,0,1,8,False
355590,Uru,SP,Sudeste,-21.784,-49.2815,75,0,75,0,0,1,False
355600,Urupês,SP,Sudeste,-21.2019,-49.2912,60,0,60,0,0,12,False
355610,Valentim Gentil,SP,Sudeste,-20.4225,-50.0869,45,0,10,0,2,19,False
355620,Valinhos,SP,Sudeste,-22.9713,-46.9938,35,0,30,0,19,77,False
355630,Valparaíso,SP,Sudeste,-21.2221,-50.8692,60,0,60,0,5,24,False
355635,Vargem,SP,Sudeste,-22.8897,-46.4145,30,0,30,0,1,8,False
355640,Vargem Grande do Sul,SP,Sudeste,-21.829,-46.8908,65,0,65,0,5,23,False
355645,Vargem Grande Paulista,SP,Sudeste,-23.6038,-47.0267,60,0,60,0,7,45,False
355650,Várzea Paulista,SP,Sudeste,-23.2112,-46.8322,60,0,60,0,18,85,False
355660,Vera Cruz,SP,Sudeste,-22.2193,-49.8196,10,0,10,0,2,11,False
355670,Vinhedo,SP,Sudeste,-23.0305,-46.9746,20,0,20,0,9,50,False
355680,Viradouro,SP,Sudeste,-20.8728,-48.296,45,0,45,0,1,7,False
355690,Vista Alegre do Alto,SP,Sudeste,-21.1716,-48.6287,60,0,55,0,1,3,False
355695,Vitória Brasil,SP,Sudeste,-20.1973,-50.485,20,0,20,0,0,1,False
355700,Votorantim,SP,Sudeste,-23.5407,-47.4469,60,0,60,0,15,95,True
355710,Votuporanga,SP,Sudeste,-20.419,-49.9767,55,0,0,7,8,77,False
355715,Zacarias,SP,Sudeste,-21.0529,-50.0515,75,0,75,0,0,3,False
355720,Chavantes,SP,Sudeste,-23.0405,-49.7081,30,0,30,0,1,8,False
355730,Estiva Gerbi,SP,Sudeste,-22.2746,-46.9525,60,0,60,0,1,7,False
410010,Abatiá,PR,Sul,-23.3022,-50.3119,65,0,25,0,0,4,False
410020,Adrianópolis,PR,Sul,-24.6582,-48.9921,150,0,150,0,0,1,False
410030,Agudos do Sul,PR,Sul,-25.9888,-49.3333,60,0,60,0,0,12,False
410040,Almirante Tamandaré,PR,Sul,-25.3134,-49.2997,60,0,60,0,18,101,False
410045,Altamira do Paraná,PR,Sul,-24.7993,-52.7157,285,0,285,0,0,1,False
410050,Altônia,PR,Sul,-23.8711,-53.8941,105,0,105,0,0,5,False
410060,Alto Paraná,PR,Sul,-23.129,-52.3204,80,0,20,0,1,9,False
410070,Alto Piquiri,PR,Sul,-24.0252,-53.4413,50,0,50,0,0,3,False
410080,Alvorada do Sul,PR,Sul,-22.7812,-51.2313,90,0,90,0,1,6,False
410090,Amaporã,PR,Sul,-23.0976,-52.7869,130,0,40,0,1,4,False
410100,Ampére,PR,Sul,-25.9186,-53.4753,60,0,60,0,0,11,False
410105,Anahy,PR,Sul,-24.6507,-53.1335,85.9,0,85.9,0,1,1,False
410110,Andirá,PR,Sul,-23.0514,-50.2337,50,0,50,0,6,15,False
410115,Ângulo,PR,Sul,-23.1968,-51.9126,30,0,30,0,1,2,False
410120,Antonina,PR,Sul,-25.4289,-48.7102,105,0,105,0,5,15,False
410130,Antônio Olinto,PR,Sul,-25.9872,-50.1971,135,0,120,0,1,0,False
410140,Apucarana,PR,Sul,-23.5538,-51.4677,0,6,0,8,27,99,False
410150,Arapongas,PR,Sul,-23.4075,-51.4376,25,0,25,0,15,101,False
410160,Arapoti,PR,Sul,-24.1434,-49.8237,120,0,120,0,2,28,False
410165,Arapuã,PR,Sul,-24.3058,-51.7843,30,0,30,0,0,2,False
410170,Araruna,PR,Sul,-23.9332,-52.4974,20,0,20,0,3,8,False
410180,Araucária,PR,Sul,-25.5905,-49.4005,60,0,0,6,16,147,False
410185,Ariranha do Ivaí,PR,Sul,-24.384,-51.5913,55,0,55,0,0,2,False
410190,Assaí,PR,Sul,-23.3734,-50.8453,55,0,55,0,0,11,False
410200,Assis Chateaubriand,PR,Sul,-24.4045,-53.5102,40,0,40,0,6,31,False
410210,Astorga,PR,Sul,-23.234,-51.664,55,0,55,0,2,25,False
410220,Atalaia,PR,Sul,-23.1515,-52.0533,60,0,60,0,1,5,False
410230,Balsa Nova,PR,Sul,-25.5805,-49.6297,60,0,60,0,3,11,False
410240,Bandeirantes,PR,Sul,-23.1069,-50.372,35,0,35,0,6,23,False
410250,Barbosa Ferraz,PR,Sul,-24.0297,-52.0136,90,0,90,0,2,6,False
410260,Barracão,PR,Sul,-26.2522,-53.6347,80,0,80,0,3,5,False
410270,Barra do Jacaré,PR,Sul,-23.1168,-50.1857,70,0,50,0,1,0,False
410275,Bela Vista da Caroba,PR,Sul,-25.8804,-53.6675,125,0,125,0,0,2,False
410280,Bela Vista do Paraíso,PR,Sul,-22.9963,-51.1894,60,0,60,0,0,8,False
410290,Bituruna,PR,Sul,-26.1594,-51.5547,100,0,100,0,3,13,False
410300,Boa Esperança,PR,Sul,-24.241,-52.7881,54.4,0,54.4,0,0,4,False
410302,Boa Esperança do Iguaçu,PR,Sul,-25.635,-53.2191,130,0,130,0,0,0,False
410304,Boa Ventura de São Roque,PR,Sul,-24.8838,-51.5452,135,0,135,0,1,1,False
410305,Boa Vista da Aparecida,PR,Sul,-25.4367,-53.4092,70,0,70,0,1,3,False
410310,Bocaiúva do Sul,PR,Sul,-25.2097,-49.1125,60,0,60,0,2,5,False
410315,Bom Jesus do Sul,PR,Sul,-26.1934,-53.6022,140,0,140,0,1,2,False
410320,Bom Sucesso,PR,Sul,-23.7095,-51.7623,50,0,50,0,1,8,False
410322,Bom Sucesso do Sul,PR,Sul,-26.0738,-52.8343,30,0,30,0,0,1,False
410330,Borrazópolis,PR,Sul,-23.9399,-51.5838,70,0,70,0,0,3,False
410335,Braganey,PR,Sul,-24.8179,-53.1208,60,0,60,0,2,2,False
410337,Brasilândia do Sul,PR,Sul,-24.1957,-53.5265,70,0,70,0,0,1,False
410340,Cafeara,PR,Sul,-22.7885,-51.7129,105,0,105,0,0,1,False
410345,Cafelândia,PR,Sul,-24.6198,-53.3192,55,0,55,0,2,22,False
410347,Cafezal do Sul,PR,Sul,-23.9056,-53.5178,45,0,45,0,0,1,False
410350,Califórnia,PR,Sul,-23.6672,-51.3581,20,0,20,0,2,7,False
410360,Cambará,PR,Sul,-23.0419,-50.0735,30,0,30,0,5,17,False
410370,Cambé,PR,Sul,-23.2787,-51.2832,45,0,45,0,24,94,False
410380,Cambira,PR,Sul,-23.5996,-51.5761,20,0,20,0,1,6,False
410390,Campina da Lagoa,PR,Sul,-24.5923,-52.8044,105,0,105,0,0,10,False
410395,Campina do Simão,PR,Sul,-25.1034,-51.8085,80,0,80,0,0,7,False
410400,Campina Grande do Sul,PR,Sul,-25.306,-49.0541,0,4,0,9,11,51,False
410405,Campo Bonito,PR,Sul,-25.0335,-52.995,70,0,70,0,1,2,False
410410,Campo do Tenente,PR,Sul,-25.9795,-49.6837,60,0,25,0,1,4,False
410420,Campo Largo,PR,Sul,-25.4552,-49.518,0,16,0,124,17,116,False
410425,Campo Magro,PR,Sul,-25.3706,-49.45,60,0,60,0,3,15,False
410430,Campo Mourão,PR,Sul,-24.0429,-52.3792,0,3,0,5,13,64,False
410440,Cândido de Abreu,PR,Sul,-24.5667,-51.3376,95,0,95,0,2,10,False
410442,Candói,PR,Sul,-25.5752,-52.0557,65,0,65,0,5,20,False
410445,Cantagalo,PR,Sul,-25.3722,-52.127,60,0,60,0,2,7,False
410450,Capanema,PR,Sul,-25.6702,-53.8089,110,0,110,0,1,13,False
410460,Capitão Leônidas Marques,PR,Sul,-25.4896,-53.6074,60,0,60,0,2,11,False
410465,Carambeí,PR,Sul,-24.9532,-50.1112,30,0,30,0,7,22,False
410470,Carlópolis,PR,Sul,-23.4253,-49.7178,95,0,55,0,3,12,False
410480,Cascavel,PR,Sul,-24.953,-53.4796,0,16,0,15,52,264,False
410490,Castro,PR,Sul,-24.7846,-50.0058,45,0,45,0,8,62,False
410500,Catanduvas,PR,Sul,-25.1996,-53.1536,60,0,60,0,1,13,False
410510,Centenário do Sul,PR,Sul,-22.8218,-51.5941,105,0,105,0,1,8,False
410520,Cerro Azul,PR,Sul,-24.8246,-49.2632,115,0,115,0,5,11,False
410530,Céu Azul,PR,Sul,-25.1491,-53.8497,45,0,45,0,2,11,False
410540,Chopinzinho,PR,Sul,-25.8525,-52.5265,70,0,70,0,2,13,False
410550,Cianorte,PR,Sul,-23.6543,-52.6124,70,0,70,0,5,57,True
410560,Cidade Gaúcha,PR,Sul,-23.3835,-52.9445,75,0,60,0,2,7,False
410570,Clevelândia,PR,Sul,-26.4055,-52.3543,51,0,51,0,2,14,False
410580,Colombo,PR,Sul,-25.2926,-49.2244,60,0,60,0,41,215,True
410590,Colorado,PR,Sul,-22.8363,-51.9715,110,0,85,0,1,17,False
410600,Congonhinhas,PR,Sul,-23.5499,-50.5539,60,0,60,0,0,7,False
410610,Conselheiro Mairinck,PR,Sul,-23.6225,-50.1681,100,0,60,0,0,1,False
410620,Contenda,PR,Sul,-25.6782,-49.5367,60,0,60,0,3,16,False
410630,Corbélia,PR,Sul,-24.7956,-53.2934,30,0,30,0,3,12,False
410640,Cornélio Procópio,PR,Sul,-23.1812,-50.6496,0,4,0,4,0,34,False
410645,Coronel Domingos Soares,PR,Sul,-26.2247,-52.0306,135,0,135,0,0,4,False
410650,Coronel Vivida,PR,Sul,-25.9801,-52.5636,55,0,55,0,6,23,False
410655,Corumbataí do Sul,PR,Sul,-24.0985,-52.1201,60,0,60,0,0,2,False
410657,Cruzeiro do Iguaçu,PR,Sul,-25.6146,-53.1281,120,0,120,0,0,2,False
410660,Cruzeiro do Oeste,PR,Sul,-23.7832,-53.0712,30,0,30,0,0,15,False
410670,Cruzeiro do Sul,PR,Sul,-22.9631,-52.1647,95,0,75,0,2,1,False
410680,Cruz Machado,PR,Sul,-26.0186,-51.3532,60,0,60,0,5,10,False
410685,Cruzmaltina,PR,Sul,-23.9909,-51.447,55,0,55,0,0,3,False
410690,Curitiba,PR,Sul,-25.4133,-49.2679,0,54,0,61,315,1168,False
410700,Curiúva,PR,Sul,-24.0334,-50.4586,150,0,140,0,2,13,False
410710,Diamante do Norte,PR,Sul,-22.6608,-52.8633,145,0,90,0,0,3,False
410712,Diamante do Sul,PR,Sul,-25.0423,-52.6803,105,0,105,0,0,3,False
410715,Diamante D'Oeste,PR,Sul,-24.9436,-54.1047,85,0,85,0,0,3,False
410720,Dois Vizinhos,PR,Sul,-25.7497,-53.0536,70,0,70,0,4,32,False
410725,Douradina,PR,Sul,-23.3825,-53.2923,55,0,55,0,0,8,False
410730,Doutor Camargo,PR,Sul,-23.5558,-52.2189,60,0,60,0,0,5,False
410740,Enéas Marques,PR,Sul,-25.9441,-53.1634,50,0,50,0,0,5,False
410750,Engenheiro Beltrão,PR,Sul,-23.7972,-52.2591,40,0,40,0,1,13,False
410752,Esperança Nova,PR,Sul,-23.7262,-53.8121,90,0,90,0,1,0,False
410753,Entre Rios do Oeste,PR,Sul,-24.7056,-54.2428,100,0,100,0,0,2,False
410754,Espigão Alto do Iguaçu,PR,Sul,-25.4232,-52.8353,120,0,120,0,1,1,False
410755,Farol,PR,Sul,-24.0989,-52.6262,25,0,25,0,0,4,False
410760,Faxinal,PR,Sul,-24.0023,-51.3259,70,0,70,0,1,11,False
410765,Fazenda Rio Grande,PR,Sul,-25.6501,-49.3093,60,0,60,0,11,116,False
410770,Fênix,PR,Sul,-23.9134,-51.9795,85,0,85,0,0,2,False
410773,Fernandes Pinheiro,PR,Sul,-25.4103,-50.5488,15,0,15,0,2,3,False
410775,Figueira,PR,Sul,-23.8504,-50.4025,150,0,110,0,0,3,False
410780,Floraí,PR,Sul,-23.321,-52.3014,60,0,60,0,0,4,False
410785,Flor da Serra do Sul,PR,Sul,-26.2592,-53.3116,40,0,40,0,0,4,False
410790,Floresta,PR,Sul,-23.616,-52.0832,30,0,30,0,0,4,False
410800,Florestópolis,PR,Sul,-22.8665,-51.39,85,0,85,0,4,7,False
410810,Flórida,PR,Sul,-23.0864,-51.9552,40,0,40,0,0,4,False
410820,Formosa do Oeste,PR,Sul,-24.2942,-53.3115,75,0,75,0,1,4,False
410830,Foz do Iguaçu,PR,Sul,-25.5468,-54.5884,110,0,0,8,52,255,False
410832,Francisco Alves,PR,Sul,-24.0692,-53.8448,90,0,90,0,1,6,False
410840,Francisco Beltrão,PR,Sul,-26.0802,-53.0554,0,2,0,10,7,78,False
410845,Foz do Jordão,PR,Sul,-25.7392,-52.1212,95,0,95,0,1,2,False
410850,General Carneiro,PR,Sul,-26.429,-51.3183,60,0,60,0,1,14,False
410855,Godoy Moreira,PR,Sul,-24.1958,-51.9242,95,0,95,0,0,0,False
410860,Goioerê,PR,Sul,-24.1881,-53.0209,67,0,67,0,4,16,False
410865,Goioxim,PR,Sul,-25.1981,-51.9927,70,0,70,0,2,6,False
410870,Grandes Rios,PR,Sul,-24.1422,-51.5093,120,0,120,0,1,3,False
410880,Guaíra,PR,Sul,-24.0821,-54.2552,115,0,115,0,8,20,False
410890,Guairaçá,PR,Sul,-22.9331,-52.686,85,0,35,0,1,6,False
410895,Guamiranga,PR,Sul,-25.1897,-50.8085,72,0,72,0,3,4,False
410900,Guapirama,PR,Sul,-23.5163,-50.0424,80,0,40,0,1,5,False
410910,Guaporema,PR,Sul,-23.3407,-52.7789,116.7,0,66.7,0,0,2,False
410920,Guaraci,PR,Sul,-22.9741,-51.6491,85,0,85,0,0,4,False
410930,Guaraniaçu,PR,Sul,-25.0999,-52.8677,60,0,60,0,4,7,False
410940,Guarapuava,PR,Sul,-25.3863,-51.4699,0,9,0,13,27,159,False
410950,Guaraqueçaba,PR,Sul,-25.2991,-48.33,140,0,140,0,2,5,False
410960,Guaratuba,PR,Sul,-25.8763,-48.5751,60,0,60,0,5,33,False
410965,Honório Serpa,PR,Sul,-26.1458,-52.3802,77,0,77,0,2,5,False
410970,Ibaiti,PR,Sul,-23.845,-50.1887,120,0,80,0,6,22,False
410975,Ibema,PR,Sul,-25.1169,-53.0162,60,0,60,0,0,3,False
410980,Ibiporã,PR,Sul,-23.2671,-51.0498,55,0,55,0,11,48,False
410990,Icaraíma,PR,Sul,-23.3949,-53.6235,80,0,80,0,1,4,False
411000,Iguaraçu,PR,Sul,-23.1977,-51.824,35,0,35,0,0,4,False
411005,Iguatu,PR,Sul,-24.7113,-53.0875,75,0,75,0,0,3,False
411007,Imbaú,PR,Sul,-24.4467,-50.7613,100,0,100,0,3,9,False
411010,Imbituva,PR,Sul,-25.2285,-50.6042,40,0,40,0,4,35,False
411020,Inácio Martins,PR,Sul,-25.5735,-51.0775,90,0,90,0,1,7,False
411030,Inajá,PR,Sul,-22.7503,-52.1971,120,0,100,0,0,1,False
411040,Indianópolis,PR,Sul,-23.4797,-52.6982,100,0,70,0,0,6,False
411050,Ipiranga,PR,Sul,-25.0254,-50.5839,70,0,70,0,0,17,False
411060,Iporã,PR,Sul,-24.0081,-53.718,70,0,70,0,0,11,False
411065,Iracema do Oeste,PR,Sul,-24.4295,-53.357,80,0,80,0,1,1,False
411070,Irati,PR,Sul,-25.4645,-50.6495,0,5,0,10,7,35,False
411080,Iretama,PR,Sul,-24.4222,-52.1029,55,0,55,0,1,9,False
411090,Itaguajé,PR,Sul,-22.6189,-51.9674,115,0,115,0,1,2,False
411095,Itaipulândia,PR,Sul,-25.1412,-54.2975,90,0,60,0,3,10,False
411100,Itambaracá,PR,Sul,-23.0136,-50.4076,95,0,95,0,2,1,False
411110,Itambé,PR,Sul,-23.6594,-51.9901,30,0,30,0,0,6,False
411120,Itapejara d'Oeste,PR,Sul,-25.9601,-52.8149,50,0,50,0,1,6,False
411125,Itaperuçu,PR,Sul,-25.225,-49.354,60,0,60,0,5,31,False
411130,Itaúna do Sul,PR,Sul,-22.7301,-52.8842,135,0,80,0,2,3,False
411140,Ivaí,PR,Sul,-25.0103,-50.858,100,0,100,0,2,13,False
411150,Ivaiporã,PR,Sul,-24.2384,-51.6667,0,11,0,11,3,23,False
411155,Ivaté,PR,Sul,-23.4065,-53.375,40,0,40,0,0,4,False
411160,Ivatuba,PR,Sul,-23.6195,-52.217,40,0,40,0,1,4,False
411170,Jaboti,PR,Sul,-23.7447,-50.0745,140,0,110,0,1,4,False
411180,Jacarezinho,PR,Sul,-23.1597,-49.9735,50,0,20,0,6,40,False
411190,Jaguapitã,PR,Sul,-23.1081,-51.5325,65,0,65,0,3,17,False
411200,Jaguariaíva,PR,Sul,-24.2481,-49.7061,100,0,100,0,3,28,False
411210,Jandaia do Sul,PR,Sul,-23.601,-51.6449,30,0,30,0,3,21,False
411220,Janiópolis,PR,Sul,-24.1415,-52.7814,39,0,39,0,1,1,False
411230,Japira,PR,Sul,-23.8123,-50.1405,135,0,95,0,1,5,False
411240,Japurá,PR,Sul,-23.4707,-52.5568,115,0,115,0,0,6,False
411250,Jardim Alegre,PR,Sul,-24.1778,-51.689,15,0,15,0,2,11,False
411260,Jardim Olinda,PR,Sul,-22.5533,-52.0385,129.4,0,129.4,0,0,0,False
411270,Jataizinho,PR,Sul,-23.2538,-50.9799,40,0,40,0,2,13,False
411275,Jesuítas,PR,Sul,-24.38,-53.3838,60,0,60,0,0,14,False
411280,Joaquim Távora,PR,Sul,-23.4978,-49.9245,65,0,25,0,0,10,False
411290,Jundiaí do Sul,PR,Sul,-23.437,-50.2497,80,0,40,0,0,4,False
411295,Juranda,PR,Sul,-24.422,-52.8438,50,0,50,0,2,9,False
411300,Jussara,PR,Sul,-23.6233,-52.4722,90,0,90,0,1,5,False
411310,Kaloré,PR,Sul,-23.8241,-51.6679,70,0,70,0,0,2,False
411320,Lapa,PR,Sul,-25.7687,-49.717,90,0,60,0,3,35,False
411325,Laranjal,PR,Sul,-24.8883,-52.4729,225,0,225,0,1,5,False
411330,Laranjeiras do Sul,PR,Sul,-25.402,-52.4132,90,0,90,0,6,22,False
411340,Leópolis,PR,Sul,-23.081,-50.7533,30,0,30,0,0,1,False
411342,Lidianópolis,PR,Sul,-24.1091,-51.6576,30,0,30,0,0,1,False
411345,Lindoeste,PR,Sul,-25.2686,-53.5724,40,0,40,0,1,7,False
411350,Loanda,PR,Sul,-22.9207,-53.1363,140,0,90,0,4,20,False
411360,Lobato,PR,Sul,-23.0083,-51.9531,60,0,60,0,0,3,False
411370,Londrina,PR,Sul,-23.3355,-51.1506,0,22,0,24,84,440,False
411373,Luiziana,PR,Sul,-24.2872,-52.2747,40,0,40,0,1,7,False
411375,Lunardelli,PR,Sul,-24.0803,-51.7446,35,0,35,0,0,1,False
411380,Lupionópolis,PR,Sul,-22.7517,-51.6579,120,0,120,0,1,4,False
411390,Mallet,PR,Sul,-25.8842,-50.8268,75,0,75,0,1,8,False
411400,Mamborê,PR,Sul,-24.3107,-52.5287,35,0,35,0,2,9,False
411410,Mandaguaçu,PR,Sul,-23.3465,-52.0956,30,0,30,0,0,32,False
411420,Mandaguari,PR,Sul,-23.5282,-51.6706,30,0,30,0,6,31,False
411430,Mandirituba,PR,Sul,-25.7784,-49.327,60,0,55,0,3,17,False
411435,Manfrinópolis,PR,Sul,-26.1451,-53.3125,50,0,50,0,0,0,False
411440,Mangueirinha,PR,Sul,-25.9376,-52.1735,105,0,105,0,6,13,False
411450,Manoel Ribas,PR,Sul,-24.5185,-51.6642,45,0,45,0,1,13,False
411460,Marechal Cândido Rondon,PR,Sul,-24.558,-54.0591,55,0,55,0,6,39,False
411470,Maria Helena,PR,Sul,-23.6123,-53.2057,30,0,30,0,0,2,False
411480,Marialva,PR,Sul,-23.4853,-51.7904,20,0,20,0,3,38,False
411490,Marilândia do Sul,PR,Sul,-23.7467,-51.3074,40,0,40,0,0,2,False
411500,Marilena,PR,Sul,-22.7364,-53.0408,175,0,120,0,3,5,False
411510,Mariluz,PR,Sul,-24.0082,-53.1483,45,0,45,0,3,6,False
411520,Maringá,PR,Sul,-23.424,-51.9395,0,6,0,19,44,269,False
411530,Mariópolis,PR,Sul,-26.3566,-52.5555,30,0,30,0,0,6,False
411535,Maripá,PR,Sul,-24.4179,-53.8247,45,0,45,0,0,2,False
411540,Marmeleiro,PR,Sul,-26.1489,-53.0254,15,0,15,0,3,12,False
411545,Marquinho,PR,Sul,-25.1151,-52.2554,150,0,150,0,0,3,False
411550,Marumbi,PR,Sul,-23.7086,-51.6395,50,0,50,0,0,3,False
411560,Matelândia,PR,Sul,-25.2399,-53.9783,65,0,65,0,2,13,False
411570,Matinhos,PR,Sul,-25.8213,-48.5404,100,0,100,0,5,40,False
411573,Mato Rico,PR,Sul,-24.7054,-52.1464,135,0,135,0,0,3,False
411575,Mauá da Serra,PR,Sul,-23.898,-51.2255,60,0,60,0,3,16,False
411580,Medianeira,PR,Sul,-25.2904,-54.0875,60,0,50,0,5,44,False
411585,Mercedes,PR,Sul,-24.4547,-54.1644,70,0,70,0,0,2,False
411590,Mirador,PR,Sul,-23.257,-52.7763,125.3,0,55.3,0,0,0,False
411600,Miraselva,PR,Sul,-22.9682,-51.4832,73,0,73,0,0,1,False
411605,Missal,PR,Sul,-25.0908,-54.249,100,0,60,0,0,6,False
411610,Moreira Sales,PR,Sul,-24.0492,-53.0106,75,0,75,0,2,5,False
411620,Morretes,PR,Sul,-25.479,-48.8335,80,0,80,0,5,7,False
411630,Munhoz de Melo,PR,Sul,-23.1468,-51.7714,50,0,50,0,0,1,False
411640,Nossa Senhora das Graças,PR,Sul,-22.9145,-51.7962,100,0,100,0,2,0,False
411650,Nova Aliança do Ivaí,PR,Sul,-23.1745,-52.6031,160,0,60,0,0,0,False
411660,Nova América da Colina,PR,Sul,-23.331,-50.7185,35,0,35,0,1,0,False
411670,Nova Aurora,PR,Sul,-24.5287,-53.2547,70,0,70,0,1,8,False
411680,Nova Cantu,PR,Sul,-24.6757,-52.5728,125,0,125,0,1,7,False
411690,Nova Esperança,PR,Sul,-23.1894,-52.1997,60,0,40,0,2,19,False
411695,Nova Esperança do Sudoeste,PR,Sul,-25.8989,-53.2631,65,0,65,0,1,5,False
411700,Nova Fátima,PR,Sul,-23.4326,-50.5617,40,0,40,0,1,3,False
411705,Nova Laranjeiras,PR,Sul,-25.3085,-52.5366,90,0,90,0,3,9,False
411710,Nova Londrina,PR,Sul,-22.7623,-52.9902,115,0,60,0,1,5,False
411720,Nova Olímpia,PR,Sul,-23.4703,-53.086,60,0,60,0,1,4,False
411721,Nova Santa Bárbara,PR,Sul,-23.5917,-50.7622,90,0,90,0,2,2,False
411722,Nova Santa Rosa,PR,Sul,-24.4678,-53.9512,65,0,65,0,1,3,False
411725,Nova Prata do Iguaçu,PR,Sul,-25.6331,-53.3502,105,0,105,0,1,6,False
411727,Nova Tebas,PR,Sul,-24.4386,-51.9476,85,0,85,0,3,4,False
411729,Novo Itacolomi,PR,Sul,-23.7634,-51.5081,55,0,55,0,0,3,False
411730,Ortigueira,PR,Sul,-24.2112,-50.925,120,0,120,0,0,17,False
411740,Ourizona,PR,Sul,-23.4047,-52.1967,60,0,60,0,2,0,False
411745,Ouro Verde do Oeste,PR,Sul,-24.776,-53.8999,30,0,30,0,1,5,False
411750,Paiçandu,PR,Sul,-23.4593,-52.0516,60,0,60,0,1,59,False
411760,Palmas,PR,Sul,-26.489,-51.9889,75,0,75,0,12,51,False
411770,Palmeira,PR,Sul,-25.4238,-49.9992,40,0,40,0,4,27,False
411780,Palmital,PR,Sul,-24.8859,-52.2119,175,0,175,0,2,9,False
411790,Palotina,PR,Sul,-24.2848,-53.8405,65,0,65,0,9,21,False
411800,Paraíso do Norte,PR,Sul,-23.2803,-52.6,100,0,30,0,1,8,False
411810,Paranacity,PR,Sul,-22.9324,-52.1528,90,0,80,0,3,4,False
411820,Paranaguá,PR,Sul,-25.5189,-48.5091,90,0,90,0,31,133,True
411830,Paranapoema,PR,Sul,-22.6548,-52.0846,135,0,125,0,0,5,False
411840,Paranavaí,PR,Sul,-23.0821,-52.4643,100,0,0,9,10,58,False
411845,Pato Bragado,PR,Sul,-24.6254,-54.2252,95,0,95,0,1,8,False
411850,Pato Branco,PR,Sul,-26.2285,-52.673,0,4,0,12,13,65,False
411860,Paula Freitas,PR,Sul,-26.2097,-50.9353,30,0,30,0,1,6,False
411870,Paulo Frontin,PR,Sul,-26.0426,-50.8334,55,0,55,0,1,2,False
411880,Peabiru,PR,Sul,-23.9134,-52.3457,20,0,20,0,1,21,False
411885,Perobal,PR,Sul,-23.8945,-53.408,25,0,25,0,0,5,False
411890,Pérola,PR,Sul,-23.8039,-53.6879,60,0,60,0,0,5,False
411900,Pérola d'Oeste,PR,Sul,-25.8274,-53.7428,95,0,95,0,3,4,False
411910,Piên,PR,Sul,-26.0996,-49.4306,75,0,75,0,0,10,False
411915,Pinhais,PR,Sul,-25.4326,-49.1879,60,0,60,0,33,108,True
411920,Pinhalão,PR,Sul,-23.7913,-50.0587,125,0,100,0,1,4,False
411925,Pinhal de São Bento,PR,Sul,-26.0345,-53.4854,90,0,90,0,0,0,False
411930,Pinhão,PR,Sul,-25.6953,-51.6588,65,0,65,0,5,30,False
411940,Piraí do Sul,PR,Sul,-24.5315,-49.9366,75,0,75,0,4,26,False
411950,Piraquara,PR,Sul,-25.4512,-49.0693,60,0,60,0,12,94,False
411960,Pitanga,PR,Sul,-24.7574,-51.7592,85,0,85,0,4,26,False
411965,Pitangueiras,PR,Sul,-23.2333,-51.5856,70,0,70,0,2,5,False
411970,Planaltina do Paraná,PR,Sul,-23.0217,-52.9183,135,0,50,0,2,6,False
411980,Planalto,PR,Sul,-25.7184,-53.7697,100,0,100,0,2,8,False
411990,Ponta Grossa,PR,Sul,-25.0964,-50.1722,0,6,0,16,76,347,False
411995,Pontal do Paraná,PR,Sul,-25.6973,-48.4784,110,0,110,0,1,24,False
412000,Porecatu,PR,Sul,-22.758,-51.3799,70,0,70,0,1,13,False
412010,Porto Amazonas,PR,Sul,-25.5465,-49.8905,70,0,70,0,0,4,False
412015,Porto Barreiro,PR,Sul,-25.5496,-52.4082,135,0,135,0,1,0,False
412020,Porto Rico,PR,Sul,-22.7751,-53.2673,170,0,120,0,1,3,False
412030,Porto Vitória,PR,Sul,-26.1614,-51.2312,40,0,40,0,0,5,False
412033,Prado Ferreira,PR,Sul,-23.0404,-51.4422,80,0,80,0,0,2,False
412035,Pranchita,PR,Sul,-26.0207,-53.7388,105,0,105,0,2,4,False
412040,Presidente Castelo Branco,PR,Sul,-23.2794,-52.1524,40,0,40,0,2,2,False
412050,Primeiro de Maio,PR,Sul,-22.8531,-51.0246,75,0,75,0,1,6,False
412060,Prudentópolis,PR,Sul,-25.2149,-50.9813,60,0,60,0,6,28,False
412065,Quarto Centenário,PR,Sul,-24.2797,-53.0744,79,0,79,0,0,0,False
412070,Quatiguá,PR,Sul,-23.5672,-49.9158,80,0,40,0,0,3,False
412080,Quatro Barras,PR,Sul,-25.3691,-49.0742,15,0,15,0,3,15,False
412085,Quatro Pontes,PR,Sul,-24.5738,-53.978,45,0,45,0,3,3,False
412090,Quedas do Iguaçu,PR,Sul,-25.4552,-52.9077,130,0,130,0,4,29,False
412100,Querência do Norte,PR,Sul,-23.0842,-53.4856,180,0,130,0,0,11,False
412110,Quinta do Sol,PR,Sul,-23.8521,-52.1315,65,0,65,0,2,3,False
412120,Quitandinha,PR,Sul,-25.8718,-49.498,80,0,45,0,3,11,False
412125,Ramilândia,PR,Sul,-25.1191,-54.0322,71,0,71,0,0,7,False
412130,Rancho Alegre,PR,Sul,-23.0683,-50.9131,70,0,70,0,0,1,False
412135,Rancho Alegre D'Oeste,PR,Sul,-24.306,-52.956,73.9,0,73.9,0,0,1,False
412140,Realeza,PR,Sul,-25.7749,-53.5326,60,0,60,0,2,6,False
412150,Rebouças,PR,Sul,-25.6203,-50.6949,40,0,40,0,1,5,False
412160,Renascença,PR,Sul,-26.156,-52.9722,19,0,19,0,1,6,False
412170,Reserva,PR,Sul,-24.65,-50.849,115,0,115,0,5,29,False
412175,Reserva do Iguaçu,PR,Sul,-25.8344,-52.0282,110,0,110,0,0,7,False
412180,Ribeirão Claro,PR,Sul,-23.1954,-49.7566,75,0,70,0,0,11,False
412190,Ribeirão do Pinhal,PR,Sul,-23.4067,-50.3597,65,0,40,0,2,12,False
412200,Rio Azul,PR,Sul,-25.7233,-50.7882,45,0,45,0,3,9,False
412210,Rio Bom,PR,Sul,-23.7607,-51.4116,70,0,70,0,1,6,False
412215,Rio Bonito do Iguaçu,PR,Sul,-25.4906,-52.5257,120,0,120,0,4,15,False
412217,Rio Branco do Ivaí,PR,Sul,-24.3167,-51.3138,185,0,185,0,0,5,False
412220,Rio Branco do Sul,PR,Sul,-25.1923,-49.3129,60,0,60,0,5,32,False
412230,Rio Negro,PR,Sul,-26.0824,-49.8041,45,0,55,0,2,20,False
412240,Rolândia,PR,Sul,-23.3149,-51.3664,25,0,25,0,9,69,False
412250,Roncador,PR,Sul,-24.5955,-52.274,85,0,85,0,1,5,False
412260,Rondon,PR,Sul,-23.4153,-52.7659,105,0,55,0,0,4,False
412265,Rosário do Ivaí,PR,Sul,-24.2555,-51.2513,165,0,165,0,0,5,False
412270,Sabáudia,PR,Sul,-23.3193,-51.5543,55,0,55,0,0,15,False
412280,Salgado Filho,PR,Sul,-26.1723,-53.363,60,0,60,0,0,2,False
412290,Salto do Itararé,PR,Sul,-23.6012,-49.6266,70,0,70,0,0,1,False
412300,Salto do Lontra,PR,Sul,-25.7839,-53.3113,80,0,80,0,3,12,False
412310,Santa Amélia,PR,Sul,-23.2657,-50.4259,74,0,45,0,1,4,False
412320,Santa Cecília do Pavão,PR,Sul,-23.5162,-50.784,75,0,75,0,0,1,False
412330,Santa Cruz de Monte Castelo,PR,Sul,-22.9571,-53.2935,160,0,110,0,1,13,False
412340,Santa Fé,PR,Sul,-23.042,-51.8084,75,0,75,0,2,6,False
412350,Santa Helena,PR,Sul,-24.859,-54.3332,110,0,100,0,2,15,False
412360,Santa Inês,PR,Sul,-22.6402,-51.9016,105,0,105,0,0,2,False
412370,Santa Isabel do Ivaí,PR,Sul,-23.0014,-53.1969,125,0,80,0,1,7,False
412380,Santa Izabel do Oeste,PR,Sul,-25.818,-53.4843,60,0,60,0,4,10,False
412382,Santa Lúcia,PR,Sul,-25.4081,-53.5674,65,0,65,0,0,5,False
412385,Santa Maria do Oeste,PR,Sul,-24.9404,-51.8656,125,0,125,0,2,6,False
412390,Santa Mariana,PR,Sul,-23.1464,-50.5133,20,0,20,0,1,8,False
412395,Santa Mônica,PR,Sul,-23.1091,-53.1084,110,0,95,0,0,5,False
412400,Santana do Itararé,PR,Sul,-23.756,-49.6283,105,0,105,0,1,4,False
412402,Santa Tereza do Oeste,PR,Sul,-25.0556,-53.6228,20,0,20,0,0,11,False
412405,Santa Terezinha de Itaipu,PR,Sul,-25.443,-54.3996,100,0,20,0,1,34,False
412410,Santo Antônio da Platina,PR,Sul,-23.2922,-50.0741,40,0,0,10,8,27,False
412420,Santo Antônio do Caiuá,PR,Sul,-22.7348,-52.3437,150,0,50,0,1,2,False
412430,Santo Antônio do Paraíso,PR,Sul,-23.494,-50.6437,60,0,60,0,0,2,False
412440,Santo Antônio do Sudoeste,PR,Sul,-26.0716,-53.7259,80,0,80,0,2,13,False
412450,Santo Inácio,PR,Sul,-22.7018,-51.7945,85,0,85,0,0,7,False
412460,São Carlos do Ivaí,PR,Sul,-23.3177,-52.4742,80,0,50,0,0,5,False
412470,São Jerônimo da Serra,PR,Sul,-23.7287,-50.7408,110,0,110,0,0,8,False
412480,São João,PR,Sul,-25.8231,-52.7288,90,0,90,0,3,11,False
412490,São João do Caiuá,PR,Sul,-22.854,-52.3396,130,0,30,0,1,7,False
412500,São João do Ivaí,PR,Sul,-23.9914,-51.8195,55,0,55,0,2,4,False
412510,São João do Triunfo,PR,Sul,-25.6817,-50.2968,105,0,105,0,2,12,False
412520,São Jorge d'Oeste,PR,Sul,-25.7101,-52.9165,105,0,105,0,0,9,False
412530,São Jorge do Ivaí,PR,Sul,-23.4333,-52.2927,60,0,60,0,0,3,False
412535,São Jorge do Patrocínio,PR,Sul,-23.7642,-53.8806,95,0,95,0,0,1,False
412540,São José da Boa Vista,PR,Sul,-23.9176,-49.6529,120,0,120,0,0,3,False
412545,São José das Palmeiras,PR,Sul,-24.8347,-54.0643,60,0,60,0,1,1,False
412550,São José dos Pinhais,PR,Sul,-25.5339,-49.2074,0,6,0,10,48,263,False
412555,São Manoel do Paraná,PR,Sul,-23.3955,-52.6445,110,0,80,0,0,2,False
412560,São Mateus do Sul,PR,Sul,-25.8732,-50.3855,90,0,90,0,4,30,False
412570,São Miguel do Iguaçu,PR,Sul,-25.3445,-54.2386,80,0,35,0,0,22,False
412575,São Pedro do Iguaçu,PR,Sul,-24.932,-53.8631,40,0,40,0,0,5,False
412580,São Pedro do Ivaí,PR,Sul,-23.8663,-51.8562,65,0,65,0,2,5,False
412590,São Pedro do Paraná,PR,Sul,-22.8247,-53.2222,170,0,120,0,0,1,False
412600,São Sebastião da Amoreira,PR,Sul,-23.464,-50.7615,55,0,55,0,3,2,False
412610,São Tomé,PR,Sul,-23.535,-52.5889,95,0,95,0,2,2,False
412620,Sapopema,PR,Sul,-23.9107,-50.5794,150,0,150,0,0,6,False
412625,Sarandi,PR,Sul,-23.4431,-51.8728,40,0,0,8,14,110,False
412627,Saudade do Iguaçu,PR,Sul,-25.6914,-52.6171,100,0,100,0,2,5,False
412630,Sengés,PR,Sul,-24.1152,-49.4714,70,0,70,0,3,8,False
412635,Serranópolis do Iguaçu,PR,Sul,-25.4033,-54.0481,90,0,80,0,1,4,False
412640,Sertaneja,PR,Sul,-23.0373,-50.8168,45,0,45,0,1,4,False
412650,Sertanópolis,PR,Sul,-23.0596,-51.0388,45,0,45,0,3,15,False
412660,Siqueira Campos,PR,Sul,-23.6896,-49.8316,85,0,60,0,1,24,False
412665,Sulina,PR,Sul,-25.7016,-52.7211,130,0,130,0,0,1,False
412667,Tamarana,PR,Sul,-23.7283,-51.094,45,0,45,0,3,13,False
412670,Tamboara,PR,Sul,-23.1984,-52.5,120,0,20,0,1,6,False
412680,Tapejara,PR,Sul,-23.7364,-52.8676,40,0,40,0,0,8,False
412690,Tapira,PR,Sul,-23.3238,-53.0739,80,0,75,0,0,2,False
412700,Teixeira Soares,PR,Sul,-25.3743,-50.4613,25,0,25,0,1,7,False
412710,Telêmaco Borba,PR,Sul,-24.3294,-50.6217,125,0,125,0,13,74,True
412720,Terra Boa,PR,Sul,-23.7662,-52.4465,70,0,70,0,2,21,False
412730,Terra Rica,PR,Sul,-22.7263,-52.6229,115,0,65,0,5,12,False
412740,Terra Roxa,PR,Sul,-24.165,-54.0974,95,0,95,0,0,14,False
412750,Tibagi,PR,Sul,-24.5153,-50.4092,100,0,100,0,5,18,False
412760,Tijucas do Sul,PR,Sul,-25.9276,-49.1799,45,0,45,0,3,12,False
412770,Toledo,PR,Sul,-24.7227,-53.7403,0,6,0,10,32,126,False
412780,Tomazina,PR,Sul,-23.7794,-49.9569,105,0,80,0,1,2,False
412785,Três Barras do Paraná,PR,Sul,-25.4226,-53.19,90,0,90,0,2,8,False
412788,Tunas do Paraná,PR,Sul,-24.974,-49.0861,90,0,90,0,4,5,False
412790,Tuneiras do Oeste,PR,Sul,-23.8705,-52.877,70,0,70,0,0,5,False
412795,Tupãssi,PR,Sul,-24.5855,-53.5155,40,0,40,0,0,3,False
412796,Turvo,PR,Sul,-25.043,-51.5394,45,0,45,0,0,14,False
412800,Ubiratã,PR,Sul,-24.5393,-52.9905,75,0,75,0,9,12,False
412810,Umuarama,PR,Sul,-23.7595,-53.3118,0,5,0,17,11,81,False
412820,União da Vitória,PR,Sul,-26.2307,-51.0882,0,8,0,8,8,39,False
412830,Uniflor,PR,Sul,-23.0832,-52.1575,80,0,60,0,0,2,False
412840,Uraí,PR,Sul,-23.2011,-50.796,55,0,55,0,2,5,False
412850,Wenceslau Braz,PR,Sul,-23.8773,-49.8041,110,0,85,0,3,9,False
412853,Ventania,PR,Sul,-24.2501,-50.2434,120,0,120,0,0,7,False
412855,Vera Cruz do Oeste,PR,Sul,-25.0581,-53.8771,60,0,60,0,0,3,False
412860,Verê,PR,Sul,-25.8781,-52.9052,70,0,70,0,0,5,False
412862,Alto Paraíso,PR,Sul,-23.5059,-53.727,75,0,75,0,0,2,False
412863,Doutor Ulysses,PR,Sul,-24.5686,-49.4206,180,0,180,0,6,3,False
412865,Virmond,PR,Sul,-25.3825,-52.2047,75,0,75,0,0,2,False
412870,Vitorino,PR,Sul,-26.2679,-52.7824,25,0,25,0,1,10,False
412880,Xambrê,PR,Sul,-23.7321,-53.4946,30,0,30,0,0,2,False
420005,Abdon Batista,SC,Sul,-27.6113,-51.0222,105,0,105,0,0,1,False
420010,Abelardo Luz,SC,Sul,-26.5663,-52.3271,35,0,35,0,3,17,False
420020,Agrolândia,SC,Sul,-27.4114,-49.8297,50,0,50,0,0,9,False
420030,Agronômica,SC,Sul,-27.2697,-49.7177,40,0,40,0,0,0,False
420040,Água Doce,SC,Sul,-26.9979,-51.5494,125,0,125,0,0,5,False
420050,Águas de Chapecó,SC,Sul,-27.0742,-52.9879,50,0,50,0,1,5,False
420055,Águas Frias,SC,Sul,-26.8819,-52.8595,65,0,65,0,0,1,False
420060,Águas Mornas,SC,Sul,-27.6997,-48.8171,60,0,60,0,0,6,False
420070,Alfredo Wagner,SC,Sul,-27.7011,-49.3344,88,0,88,0,4,3,False
420075,Alto Bela Vista,SC,Sul,-27.4318,-51.9069,40,0,40,0,1,1,False
420080,Anchieta,SC,Sul,-26.5351,-53.3319,80,0,80,0,1,5,False
420090,Angelina,SC,Sul,-27.5841,-48.9827,79.3,0,79.3,0,0,2,False
420100,Anita Garibaldi,SC,Sul,-27.6869,-51.13,120,0,110,0,0,6,False
420110,Anitápolis,SC,Sul,-27.9027,-49.1283,103.9,0,103.9,0,0,1,False
420120,Antônio Carlos,SC,Sul,-27.5176,-48.7678,60,0,60,0,0,6,False
420125,Apiúna,SC,Sul,-27.0329,-49.386,45,0,30,0,2,6,False
420127,Arabutã,SC,Sul,-27.1591,-52.1433,30,0,30,0,1,3,False
420130,Araquari,SC,Sul,-26.3703,-48.7227,60,0,60,0,7,42,False
420140,Araranguá,SC,Sul,-28.9352,-49.4854,70,0,0,18,9,60,False
420150,Armazém,SC,Sul,-28.2626,-49.0165,60,0,60,0,0,9,False
420160,Arroio Trinta,SC,Sul,-26.931,-51.3352,155,0,155,0,0,2,False
420165,Arvoredo,SC,Sul,-27.0745,-52.4575,22,0,22,0,1,1,False
420170,Ascurra,SC,Sul,-26.9565,-49.3766,45,0,20,0,0,7,False
420180,Atalanta,SC,Sul,-27.4205,-49.7817,50,0,50,0,0,5,False
420190,Aurora,SC,Sul,-27.316,-49.6377,15,0,15,0,0,4,False
420195,Balneário Arroio do Silva,SC,Sul,-28.9875,-49.4132,130,0,60,0,0,11,False
420200,Balneário Camboriú,SC,Sul,-26.9908,-48.6343,60,0,0,6,18,93,False
420205,Balneário Barra do Sul,SC,Sul,-26.4597,-48.6068,70,0,70,0,1,9,False
420207,Balneário Gaivota,SC,Sul,-29.1569,-49.5793,155,0,85,0,0,11,False
420208,Bandeirante,SC,Sul,-26.7678,-53.6393,145,0,145,0,0,2,False
420209,Barra Bonita,SC,Sul,-26.6531,-53.4399,129,0,129,0,0,0,False
420210,Barra Velha,SC,Sul,-26.6332,-48.6846,30,0,30,0,1,26,False
420213,Bela Vista do Toldo,SC,Sul,-26.2738,-50.4652,130,0,120,0,0,6,False
420215,Belmonte,SC,Sul,-26.8425,-53.5761,145,0,145,0,0,2,False
420220,Benedito Novo,SC,Sul,-26.7817,-49.3646,60,0,20,0,1,4,False
420230,Biguaçu,SC,Sul,-27.4956,-48.6548,60,0,0,10,11,67,False
420240,Blumenau,SC,Sul,-26.9144,-49.0693,0,8,0,20,34,288,False
420243,Bocaina do Sul,SC,Sul,-27.7442,-49.9444,25,0,25,0,0,3,False
420245,Bombinhas,SC,Sul,-27.1522,-48.5011,100,0,100,0,0,18,False
420250,Bom Jardim da Serra,SC,Sul,-28.3371,-49.6257,120,0,120,0,1,2,False
420253,Bom Jesus,SC,Sul,-26.737,-52.3951,20,0,20,0,0,3,False
420257,Bom Jesus do Oeste,SC,Sul,-26.693,-53.0964,90,0,90,0,0,1,False
420260,Bom Retiro,SC,Sul,-27.7967,-49.4902,75,0,75,0,2,5,False
420270,Botuverá,SC,Sul,-27.2001,-49.0745,90,0,60,0,1,1,False
420280,Braço do Norte,SC,Sul,-28.2763,-49.1657,70,0,70,0,6,33,False
420285,Braço do Trombudo,SC,Sul,-27.3584,-49.8832,70,0,70,0,0,2,False
420287,Brunópolis,SC,Sul,-27.3129,-50.8369,110,0,40,0,0,2,False
420290,Brusque,SC,Sul,-27.0935,-48.9203,30,0,0,26,13,100,False
420300,Caçador,SC,Sul,-26.7748,-51.0129,145,0,130,0,18,67,True
420310,Caibi,SC,Sul,-27.075,-53.2494,85,0,85,0,0,2,False
420315,Calmon,SC,Sul,-26.6029,-51.1011,140,0,140,0,1,7,False
420320,Camboriú,SC,Sul,-27.0226,-48.6519,60,0,60,0,7,86,False
420325,Capão Alto,SC,Sul,-27.9368,-50.511,30,0,30,0,1,4,False
420330,Campo Alegre,SC,Sul,-26.1899,-49.2671,55,0,55,0,1,10,False
420340,Campo Belo do Sul,SC,Sul,-27.8996,-50.7595,60,0,60,0,3,6,False
420350,Campo Erê,SC,Sul,-26.3994,-53.0872,60,0,60,0,1,10,False
420360,Campos Novos,SC,Sul,-27.4015,-51.2266,85,0,50,0,4,38,False
420370,Canelinha,SC,Sul,-27.2664,-48.7671,65,0,50,0,0,11,False
420380,Canoinhas,SC,Sul,-26.1775,-50.3909,70,0,60,0,3,40,False
420390,Capinzal,SC,Sul,-27.3427,-51.6128,85,0,85,0,2,24,False
420395,Capivari de Baixo,SC,Sul,-28.4477,-48.9553,60,0,60,0,4,13,False
420400,Catanduvas,SC,Sul,-27.0698,-51.6614,40,0,40,0,1,17,False
420410,Caxambu do Sul,SC,Sul,-27.1617,-52.879,205,0,205,0,0,3,False
420415,Celso Ramos,SC,Sul,-27.6348,-51.3363,130,0,95,0,0,1,False
420417,Cerro Negro,SC,Sul,-27.7964,-50.8748,90,0,90,0,1,1,False
420419,Chapadão do Lageado,SC,Sul,-27.5854,-49.5461,55.4,0,55.4,0,1,0,False
420420,Chapecó,SC,Sul,-27.1043,-52.6139,0,10,0,10,40,228,False
420425,Cocal do Sul,SC,Sul,-28.6014,-49.3255,110,0,60,0,0,9,False
420430,Concórdia,SC,Sul,-27.2314,-52.023,0,3,0,6,20,73,False
420435,Cordilheira Alta,SC,Sul,-26.9851,-52.6033,20,0,20,0,0,5,False
420440,Coronel Freitas,SC,Sul,-26.9096,-52.7037,30,0,30,0,3,7,False
420445,Coronel Martins,SC,Sul,-26.5133,-52.668,60.3,0,60.3,0,0,1,False
420450,Corupá,SC,Sul,-26.4259,-49.2436,25,0,25,0,2,11,False
420455,Correia Pinto,SC,Sul,-27.5924,-50.3603,30,0,30,0,6,11,False
420460,Criciúma,SC,Sul,-28.6778,-49.3693,60,0,0,20,35,144,False
420470,Cunha Porã,SC,Sul,-26.8928,-53.1709,100,0,100,0,2,7,False
420475,Cunhataí,SC,Sul,-26.9713,-53.0944,100,0,100,0,0,0,False
420480,Curitibanos,SC,Sul,-27.2834,-50.5815,70,0,0,7,5,44,False
420490,Descanso,SC,Sul,-26.8263,-53.4999,135,0,135,0,3,4,False
420500,Dionísio Cerqueira,SC,Sul,-26.2532,-53.6401,65,0,65,0,0,10,False
420510,Dona Emma,SC,Sul,-26.9857,-49.7242,85,0,85,0,0,2,False
420515,Doutor Pedrinho,SC,Sul,-26.7143,-49.4855,90,0,50,0,1,1,False
420517,Entre Rios,SC,Sul,-26.7241,-52.5627,66.6,0,66.6,0,0,4,False
420519,Ermo,SC,Sul,-28.9861,-49.6429,110,0,40,0,0,0,False
420520,Erval Velho,SC,Sul,-27.2754,-51.4422,120,0,85,0,1,6,False
420530,Faxinal dos Guedes,SC,Sul,-26.8531,-52.261,20,0,20,0,0,8,False
420535,Flor do Sertão,SC,Sul,-26.7781,-53.3486,112.5,0,112.5,0,1,4,False
420540,Florianópolis,SC,Sul,-27.5975,-48.5497,0,11,0,28,83,289,False
420543,Formosa do Sul,SC,Sul,-26.6475,-52.7933,45,0,45,0,0,3,False
420545,Forquilhinha,SC,Sul,-28.748,-49.4727,115,0,53,0,3,31,False
420550,Fraiburgo,SC,Sul,-27.0236,-50.9184,120,0,90,0,7,42,False
420555,Frei Rogério,SC,Sul,-27.1734,-50.8063,95,0,25,0,0,1,False
420560,Galvão,SC,Sul,-26.4551,-52.6913,55,0,55,0,1,1,False
420570,Garopaba,SC,Sul,-28.0237,-48.6135,90,0,90,0,2,13,False
420580,Garuva,SC,Sul,-26.029,-48.8557,30,0,30,0,5,11,False
420590,Gaspar,SC,Sul,-26.9292,-48.9564,30,0,25,0,13,51,False
420600,Governador Celso Ramos,SC,Sul,-27.3165,-48.5585,60,0,60,0,2,11,False
420610,Grão-Pará,SC,Sul,-28.1874,-49.2131,95,0,95,0,0,6,False
420620,Gravatal,SC,Sul,-28.3301,-49.0361,60,0,60,0,1,9,False
420630,Guabiruba,SC,Sul,-27.0864,-48.9781,90,0,60,0,2,18,False
420640,Guaraciaba,SC,Sul,-26.6,-53.5216,115,0,115,0,1,3,False
420650,Guaramirim,SC,Sul,-26.4725,-48.9947,40,0,40,0,4,44,False
420660,Guarujá do Sul,SC,Sul,-26.3855,-53.5288,85,0,85,0,0,2,False
420665,Guatambú,SC,Sul,-27.1332,-52.7878,50,0,50,0,1,6,False
420670,Herval d'Oeste,SC,Sul,-27.1721,-51.4969,120,0,120,0,6,16,False
420675,Ibiam,SC,Sul,-27.1791,-51.2381,125,0,90,0,0,0,False
420680,Ibicaré,SC,Sul,-27.094,-51.3678,105,0,105,0,0,0,False
420690,Ibirama,SC,Sul,-27.0579,-49.516,40,0,40,0,4,14,False
420700,Içara,SC,Sul,-28.7141,-49.2995,103.2,0,50.6,0,6,39,False
420710,Ilhota,SC,Sul,-26.901,-48.828,20,0,20,0,1,8,False
420720,Imaruí,SC,Sul,-28.3438,-48.8147,80,0,80,0,2,8,False
420730,Imbituba,SC,Sul,-28.2414,-48.6644,60,0,60,0,4,35,False
420740,Imbuia,SC,Sul,-27.492,-49.4232,68,0,68,0,1,2,False
420750,Indaial,SC,Sul,-26.8942,-49.2332,60,0,10,0,7,40,False
420757,Iomerê,SC,Sul,-27.0054,-51.2416,125,0,125,0,0,5,False
420760,Ipira,SC,Sul,-27.4049,-51.7751,40,0,40,0,0,1,False
420765,Iporã do Oeste,SC,Sul,-26.9894,-53.5353,145,0,145,0,0,6,False
420768,Ipuaçu,SC,Sul,-26.6348,-52.4566,30,0,30,0,0,16,False
420770,Ipumirim,SC,Sul,-27.0757,-52.1342,35,0,35,0,0,10,False
420775,Iraceminha,SC,Sul,-26.8239,-53.2739,100,0,100,0,2,1,False
420780,Irani,SC,Sul,-27.0234,-51.9016,40,0,40,0,1,21,False
420785,Irati,SC,Sul,-26.6567,-52.8939,70.8,0,70.8,0,1,0,False
420790,Irineópolis,SC,Sul,-26.24,-50.8009,115,0,105,0,0,7,False
420800,Itá,SC,Sul,-27.275,-52.3406,55.1,0,55.1,0,0,9,False
420810,Itaiópolis,SC,Sul,-26.3393,-49.9064,40,0,40,0,2,24,False
420820,Itajaí,SC,Sul,-26.9048,-48.6555,0,12,0,10,36,223,False
420830,Itapema,SC,Sul,-27.0977,-48.6164,40,0,40,0,1,55,False
420840,Itapiranga,SC,Sul,-27.1746,-53.7127,175,0,175,0,3,12,False
420845,Itapoá,SC,Sul,-26.0819,-48.6055,90,0,90,0,2,14,False
420850,Ituporanga,SC,Sul,-27.4155,-49.6022,28,0,28,0,2,15,False
420860,Jaborá,SC,Sul,-27.1747,-51.7344,30,0,30,0,0,1,False
420870,Jacinto Machado,SC,Sul,-28.9992,-49.7626,113,0,43,0,1,5,False
420880,Jaguaruna,SC,Sul,-28.616,-49.0246,45,0,45,0,5,12,False
420890,Jaraguá do Sul,SC,Sul,-26.4836,-49.0825,0,6,0,6,19,145,False
420895,Jardinópolis,SC,Sul,-26.7214,-52.8604,59.7,0,59.7,0,1,1,False
420900,Joaçaba,SC,Sul,-27.174,-51.5047,60,0,60,0,3,22,True
420910,Joinville,SC,Sul,-26.3012,-48.841,0,10,0,30,103,441,False
420915,José Boiteux,SC,Sul,-26.9598,-49.6277,100,0,100,0,1,4,False
420917,Jupiá,SC,Sul,-26.3996,-52.7265,70,0,70,0,0,3,False
420920,Lacerdópolis,SC,Sul,-27.2608,-51.5567,80,0,80,0,0,0,False
420930,Lages,SC,Sul,-27.8169,-50.3258,0,6,0,20,33,148,False
420940,Laguna,SC,Sul,-28.4836,-48.7814,60,0,60,0,7,26,False
420945,Lajeado Grande,SC,Sul,-26.859,-52.5671,40,0,40,0,0,1,False
420950,Laurentino,SC,Sul,-27.2181,-49.7333,25,0,25,0,0,5,False
420960,Lauro Müller,SC,Sul,-28.3954,-49.3969,75,0,60,0,1,3,False
420970,Lebon Régis,SC,Sul,-26.9339,-50.6961,95,0,100,0,4,16,False
420980,Leoberto Leal,SC,Sul,-27.5075,-49.2875,86.8,0,86.8,0,0,3,False
420985,Lindóia do Sul,SC,Sul,-27.0524,-52.0846,40,0,40,0,0,2,False
420990,Lontras,SC,Sul,-27.1699,-49.5429,15,0,15,0,2,10,False
421000,Luiz Alves,SC,Sul,-26.7214,-48.9338,75,0,75,0,1,17,False
421003,Luzerna,SC,Sul,-27.133,-51.4682,120,0,120,0,0,4,False
421005,Macieira,SC,Sul,-26.8562,-51.3758,205,0,190,0,0,2,False
421010,Mafra,SC,Sul,-26.123,-49.8064,35,0,0,10,8,58,False
421020,Major Gercino,SC,Sul,-27.4176,-48.9529,100,0,80,0,0,1,False
421030,Major Vieira,SC,Sul,-26.3653,-50.328,40,0,75,0,0,6,False
421040,Maracajá,SC,Sul,-28.8467,-49.4539,90,0,20,0,3,3,False
421050,Maravilha,SC,Sul,-26.7604,-53.1743,75,0,75,0,2,22,False
421055,Marema,SC,Sul,-26.8029,-52.6255,55,0,55,0,0,1,False
421060,Massaranduba,SC,Sul,-26.617,-49.0089,25,0,25,0,2,15,False
421070,Matos Costa,SC,Sul,-26.4747,-51.1501,120,0,120,0,0,0,False
421080,Meleiro,SC,Sul,-28.8306,-49.6356,103,0,33,0,1,4,False
421085,Mirim Doce,SC,Sul,-27.2013,-50.0683,60.4,0,60.4,0,0,0,False
421090,Modelo,SC,Sul,-26.7753,-53.0529,60,0,60,0,1,5,False
421100,Mondaí,SC,Sul,-27.1023,-53.3995,115,0,115,0,1,6,False
421105,Monte Carlo,SC,Sul,-27.2217,-50.9793,120,0,70,0,5,9,False
421110,Monte Castelo,SC,Sul,-26.46,-50.2326,25,0,60,0,4,4,False
421120,Morro da Fumaça,SC,Sul,-28.652,-49.2098,55,0,55,0,2,15,False
421125,Morro Grande,SC,Sul,-28.8028,-49.7213,115,0,58,0,0,3,False
421130,Navegantes,SC,Sul,-26.9005,-48.6549,50,0,50,0,6,89,True
421140,Nova Erechim,SC,Sul,-26.9035,-52.9069,45,0,45,0,0,8,False
421145,Nova Itaberaba,SC,Sul,-26.9411,-52.8135,60,0,60,0,2,3,False
421150,Nova Trento,SC,Sul,-27.2863,-48.9303,60,0,30,0,0,2,False
421160,Nova Veneza,SC,Sul,-28.6372,-49.4975,115,0,60,0,0,12,False
421165,Novo Horizonte,SC,Sul,-26.4457,-52.834,60,0,60,0,0,4,False
421170,Orleans,SC,Sul,-28.3593,-49.2904,60,0,60,0,5,27,False
421175,Otacílio Costa,SC,Sul,-27.505,-50.1135,40,0,40,0,2,12,False
421180,Ouro,SC,Sul,-27.3421,-51.6168,145,0,145,0,0,7,False
421185,Ouro Verde,SC,Sul,-26.6947,-52.3116,33.3,0,33.3,0,0,2,False
421187,Paial,SC,Sul,-27.2568,-52.4994,60,0,60,0,0,1,False
421189,Painel,SC,Sul,-27.9205,-50.1032,30,0,30,0,0,2,False
421190,Palhoça,SC,Sul,-27.6457,-48.6676,60,0,60,0,24,153,False
421200,Palma Sola,SC,Sul,-26.3514,-53.2775,55,0,55,0,2,5,False
421205,Palmeira,SC,Sul,-27.5843,-50.1599,30,0,30,0,0,4,False
421210,Palmitos,SC,Sul,-27.0716,-53.1597,80,0,80,0,3,11,False
421220,Papanduva,SC,Sul,-26.4075,-50.1444,0,1,35,0,3,24,False
421223,Paraíso,SC,Sul,-26.6151,-53.6739,155,0,155,0,1,1,False
421225,Passo de Torres,SC,Sul,-29.3251,-49.7218,155,0,85,0,0,8,False
421227,Passos Maia,SC,Sul,-26.7796,-52.06,60,0,60,0,0,5,False
421230,Paulo Lopes,SC,Sul,-27.9652,-48.6816,60,0,60,0,0,3,False
421240,Pedras Grandes,SC,Sul,-28.4363,-49.184,40,0,40,0,0,5,False
421250,Penha,SC,Sul,-26.7711,-48.6469,60,0,60,0,1,21,False
421260,Peritiba,SC,Sul,-27.3734,-51.9053,35,0,35,0,0,3,False
421265,Pescaria Brava,SC,Sul,-28.3844,-48.8664,140,0,140,0,0,3,False
421270,Petrolândia,SC,Sul,-27.5329,-49.6993,63,0,63,0,0,2,False
421280,Balneário Piçarras,SC,Sul,-26.7653,-48.6714,60,0,60,0,5,20,False
421290,Pinhalzinho,SC,Sul,-26.8511,-52.9866,50,0,50,0,3,21,False
421300,Pinheiro Preto,SC,Sul,-27.0448,-51.23,120,0,120,0,1,3,False
421310,Piratuba,SC,Sul,-27.4197,-51.777,60,0,60,0,0,3,False
421315,Planalto Alegre,SC,Sul,-27.0719,-52.8659,40,0,40,0,0,4,False
421320,Pomerode,SC,Sul,-26.7416,-49.1754,30,0,30,0,3,11,False
421330,Ponte Alta,SC,Sul,-27.4828,-50.3807,40,0,40,0,0,1,False
421335,Ponte Alta do Norte,SC,Sul,-27.1628,-50.4673,75,0,35,0,0,4,False
421340,Ponte Serrada,SC,Sul,-26.8705,-52.0155,40,0,40,0,2,8,False
421350,Porto Belo,SC,Sul,-27.1547,-48.5421,50,0,50,0,1,21,False
421360,Porto União,SC,Sul,-26.2332,-51.0805,60,0,60,0,9,20,False
421370,Pouso Redondo,SC,Sul,-27.2584,-49.9345,40,0,40,0,4,9,False
421380,Praia Grande,SC,Sul,-29.1975,-49.9507,135,0,70,0,0,3,False
421390,Presidente Castello Branco,SC,Sul,-27.2222,-51.81,60,0,60,0,0,1,False
421400,Presidente Getúlio,SC,Sul,-27.0468,-49.6232,60,0,60,0,1,13,False
421410,Presidente Nereu,SC,Sul,-27.2776,-49.3904,70,0,70,0,0,0,False
421415,Princesa,SC,Sul,-26.4446,-53.5999,125,0,125,0,1,4,False
421420,Quilombo,SC,Sul,-26.7266,-52.7183,30,0,30,0,1,4,False
421430,Rancho Queimado,SC,Sul,-27.6728,-49.0125,65,0,65,0,0,3,False
421440,Rio das Antas,SC,Sul,-26.8995,-51.0757,135,0,100,0,0,2,False
421450,Rio do Campo,SC,Sul,-26.9493,-50.1432,101.8,0,101.8,0,0,7,False
421460,Rio do Oeste,SC,Sul,-27.1894,-49.808,35,0,35,0,0,4,False
421470,Rio dos Cedros,SC,Sul,-26.741,-49.2719,80,0,20,0,2,9,False
421480,Rio do Sul,SC,Sul,-27.2153,-49.6432,0,4,0,8,10,51,False
421490,Rio Fortuna,SC,Sul,-28.1322,-49.1043,100,0,100,0,1,5,False
421500,Rio Negrinho,SC,Sul,-26.2517,-49.5185,75,0,40,0,4,43,False
421505,Rio Rufino,SC,Sul,-27.8643,-49.7832,53.8,0,53.8,0,0,0,False
421507,Riqueza,SC,Sul,-27.0684,-53.3232,105,0,105,0,0,3,False
421510,Rodeio,SC,Sul,-26.924,-49.3687,60,0,20,0,3,3,False
421520,Romelândia,SC,Sul,-26.6794,-53.3176,128.4,0,128.4,0,1,1,False
421530,Salete,SC,Sul,-26.9758,-50.0023,81.9,0,81.9,0,1,5,False
421535,Saltinho,SC,Sul,-26.6057,-53.0585,80,0,80,0,1,2,False
421540,Salto Veloso,SC,Sul,-26.9053,-51.4075,150,0,150,0,1,3,False
421545,Sangão,SC,Sul,-28.6385,-49.1287,50,0,50,0,1,5,False
421550,Santa Cecília,SC,Sul,-26.9622,-50.4249,75,0,60,0,3,22,False
421555,Santa Helena,SC,Sul,-26.9396,-53.6178,165,0,165,0,1,1,False
421560,Santa Rosa de Lima,SC,Sul,-28.0395,-49.1259,97.9,0,97.9,0,0,0,False
421565,Santa Rosa do Sul,SC,Sul,-29.1355,-49.7203,105,0,35,0,0,6,False
421567,Santa Terezinha,SC,Sul,-26.7792,-50.0065,131.8,0,131.8,0,0,6,False
421568,Santa Terezinha do Progresso,SC,Sul,-26.6198,-53.1998,125,0,125,0,1,3,False
421569,Santiago do Sul,SC,Sul,-26.6332,-52.6759,45.6,0,45.6,0,0,0,False
421570,Santo Amaro da Imperatriz,SC,Sul,-27.6889,-48.7783,60,0,60,0,1,16,False
421575,São Bernardino,SC,Sul,-26.4728,-52.9667,85,0,85,0,0,1,False
421580,São Bento do Sul,SC,Sul,-26.2482,-49.381,50,0,50,0,13,63,True
421590,São Bonifácio,SC,Sul,-27.9009,-48.9303,120,0,120,0,0,5,False
421600,São Carlos,SC,Sul,-27.0813,-53.005,60,0,60,0,1,8,False
421605,São Cristóvão do Sul,SC,Sul,-27.2674,-50.441,60,0,20,0,0,2,False
421610,São Domingos,SC,Sul,-26.5604,-52.5309,40,0,40,0,2,8,False
421620,São Francisco do Sul,SC,Sul,-26.2434,-48.6386,80,0,80,0,8,36,False
421625,São João do Oeste,SC,Sul,-27.0993,-53.5941,165,0,165,0,1,6,False
421630,São João Batista,SC,Sul,-27.2761,-48.849,60,0,45,0,1,29,False
421635,São João do Itaperiú,SC,Sul,-26.6185,-48.7677,60,0,60,0,0,4,False
421640,São João do Sul,SC,Sul,-29.2241,-49.8104,120,0,50,0,0,5,False
421650,São Joaquim,SC,Sul,-28.2945,-49.9324,90,0,90,0,3,20,False
421660,São José,SC,Sul,-27.6159,-48.6278,60,0,0,20,27,208,False
421670,São José do Cedro,SC,Sul,-26.4546,-53.4983,100,0,100,0,0,6,False
421680,São José do Cerrito,SC,Sul,-27.6624,-50.5791,50,0,50,0,1,2,False
421690,São Lourenço do Oeste,SC,Sul,-26.3557,-52.8484,45,0,45,0,4,13,False
421700,São Ludgero,SC,Sul,-28.3264,-49.1766,70,0,70,0,3,11,False
421710,São Martinho,SC,Sul,-28.165,-48.9792,70,0,70,0,0,2,False
421715,São Miguel da Boa Vista,SC,Sul,-26.6912,-53.2522,100,0,100,0,0,0,False
421720,São Miguel do Oeste,SC,Sul,-26.7266,-53.5184,115,0,115,0,4,30,True
421725,São Pedro de Alcântara,SC,Sul,-27.5674,-48.8043,60,0,60,0,0,0,False
421730,Saudades,SC,Sul,-26.9275,-53.0026,70,0,70,0,0,7,False
421740,Schroeder,SC,Sul,-26.4118,-49.0758,60,0,60,0,4,14,False
421750,Seara,SC,Sul,-27.1501,-52.3108,30,0,30,0,1,17,False
421755,Serra Alta,SC,Sul,-26.7298,-53.0416,75,0,75,0,0,1,False
421760,Siderópolis,SC,Sul,-28.5985,-49.4251,115,0,60,0,1,3,False
421770,Sombrio,SC,Sul,-29.1145,-49.6332,95,0,25,0,2,29,False
421775,Sul Brasil,SC,Sul,-26.7406,-52.9689,75,0,75,0,0,1,False
421780,Taió,SC,Sul,-27.1174,-50.0001,60,0,60,0,2,9,False
421790,Tangará,SC,Sul,-27.104,-51.2459,125,0,120,0,2,3,False
421795,Tigrinhos,SC,Sul,-26.6885,-53.1522,95,0,95,0,0,3,False
421800,Tijucas,SC,Sul,-27.2428,-48.6319,45,0,30,0,3,47,False
421810,Timbé do Sul,SC,Sul,-28.8326,-49.8469,135,0,65,0,0,2,False
421820,Timbó,SC,Sul,-26.8219,-49.2779,60,0,0,8,1,32,False
421825,Timbó Grande,SC,Sul,-26.6186,-50.6738,143.9,0,148.9,0,3,7,False
421830,Três Barras,SC,Sul,-26.1078,-50.3187,100,0,90,0,5,28,False
421835,Treviso,SC,Sul,-28.5149,-49.4576,105,0,60,0,0,3,False
421840,Treze de Maio,SC,Sul,-28.5591,-49.148,62.6,0,62.6,0,2,2,False
421850,Treze Tílias,SC,Sul,-26.9995,-51.4073,130,0,130,0,0,4,False
421860,Trombudo Central,SC,Sul,-27.3011,-49.792,20,0,20,0,1,3,False
421870,Tubarão,SC,Sul,-28.4838,-49.0064,0,7,0,7,13,80,False
421875,Tunápolis,SC,Sul,-26.9709,-53.6396,159.7,0,159.7,0,1,6,False
421880,Turvo,SC,Sul,-28.9276,-49.6781,100,0,30,0,0,4,False
421885,União do Oeste,SC,Sul,-26.7625,-52.855,83.5,0,83.5,0,0,4,False
421890,Urubici,SC,Sul,-28.0156,-49.5924,88.9,0,88.9,0,2,7,False
421895,Urupema,SC,Sul,-27.9534,-49.8745,60,0,60,0,0,4,False
421900,Urussanga,SC,Sul,-28.5203,-49.3208,85,0,60,0,5,14,False
421910,Vargeão,SC,Sul,-26.8613,-52.1551,40,0,40,0,1,3,False
421915,Vargem,SC,Sul,-27.4914,-50.9762,105,0,100,0,0,3,False
421917,Vargem Bonita,SC,Sul,-27.0045,-51.7407,70,0,70,0,1,2,False
421920,Vidal Ramos,SC,Sul,-27.3926,-49.3633,88,0,88,0,2,4,False
421930,Videira,SC,Sul,-27.0058,-51.1544,105,0,105,0,7,57,True
421935,Vitor Meireles,SC,Sul,-26.8815,-49.8332,109.4,0,109.4,0,0,2,False
421940,Witmarsum,SC,Sul,-26.9272,-49.7965,100,0,100,0,0,3,False
421950,Xanxerê,SC,Sul,-26.8766,-52.4049,0,5,0,10,7,47,False
421960,Xavantina,SC,Sul,-27.0692,-52.3422,37.9,0,37.9,0,1,2,False
421970,Xaxim,SC,Sul,-26.9614,-52.5334,20,0,20,0,2,29,False
421985,Zortéa,SC,Sul,-27.4538,-51.5541,110,0,110,0,0,4,False
422000,Balneário Rincão,SC,Sul,-28.831,-49.231,82.8,0,30.2,0,0,7,False
430003,Aceguá,RS,Sul,-31.8681,-54.165,60,0,60,0,0,1,False
430005,Água Santa,RS,Sul,-28.1764,-52.0346,80,0,80,0,0,1,False
430010,Agudo,RS,Sul,-29.6426,-53.2495,70,0,60,0,2,9,False
430020,Ajuricaba,RS,Sul,-28.2393,-53.7706,40,0,40,0,0,2,False
430030,Alecrim,RS,Sul,-27.6576,-54.7672,160,0,70,0,1,5,False
430040,Alegrete,RS,Sul,-29.8016,-55.7969,125,0,0,10,17,62,False
430045,Alegria,RS,Sul,-27.8322,-54.0573,95,0,70.7,0,0,2,False
430047,Almirante Tamandaré do Sul,RS,Sul,-28.1111,-52.9148,75,0,75,0,1,2,False
430050,Alpestre,RS,Sul,-27.2518,-53.0345,105,0,105,0,3,1,False
430055,Alto Alegre,RS,Sul,-28.7767,-52.9912,105,0,105,0,0,0,False
430057,Alto Feliz,RS,Sul,-29.3842,-51.3135,50,0,50,0,0,2,False
430060,Alvorada,RS,Sul,-29.9982,-51.0773,0,10,0,10,47,181,False
430063,Amaral Ferrador,RS,Sul,-30.8768,-52.2538,140,0,140,0,4,4,False
430064,Ametista do Sul,RS,Sul,-27.3617,-53.1835,110,0,110,0,0,6,False
430066,André da Rocha,RS,Sul,-28.6315,-51.5742,85,0,85,0,1,0,False
430070,Anta Gorda,RS,Sul,-28.9705,-52.0055,95,0,95,0,0,3,False
430080,Antônio Prado,RS,Sul,-28.8577,-51.283,75,0,75,0,4,7,False
430085,Arambaré,RS,Sul,-30.9058,-51.4944,120,0,120,0,1,1,False
430087,Araricá,RS,Sul,-29.6158,-50.9279,70,0,50,0,0,11,False
430090,Aratiba,RS,Sul,-27.3935,-52.3015,42.8,0,42.8,0,0,4,False
430100,Arroio do Meio,RS,Sul,-29.4013,-51.9448,45,0,45,0,1,16,False
430105,Arroio do Sal,RS,Sul,-29.5488,-49.8875,80,0,80,0,0,7,False
430107,Arroio do Padre,RS,Sul,-31.4415,-52.4191,60,0,60,0,0,3,False
430110,Arroio dos Ratos,RS,Sul,-30.0893,-51.727,50,0,50,0,4,7,False
430120,Arroio do Tigre,RS,Sul,-29.335,-53.0855,85,0,85,0,1,14,False
430130,Arroio Grande,RS,Sul,-32.2385,-53.0862,90,0,90,0,5,9,False
430140,Arvorezinha,RS,Sul,-28.8771,-52.1803,125,0,125,0,7,9,False
430150,Augusto Pestana,RS,Sul,-28.5143,-53.9897,20,0,20,0,0,8,False
430155,Áurea,RS,Sul,-27.6985,-52.0528,94.5,0,94.5,0,0,2,False
430160,Bagé,RS,Sul,-31.3312,-54.1071,0,12,0,8,21,136,False
430163,Balneário Pinhal,RS,Sul,-30.2572,-50.239,50,0,50,0,0,5,False
430165,Barão,RS,Sul,-29.3753,-51.5006,50,0,50,0,0,4,False
430170,Barão de Cotegipe,RS,Sul,-27.6222,-52.3789,15,0,15,0,1,5,False
430175,Barão do Triunfo,RS,Sul,-30.3901,-51.7358,105,0,105,0,3,0,False
430180,Barracão,RS,Sul,-27.679,-51.4581,125,0,90,0,1,8,False
430185,Barra do Guarita,RS,Sul,-27.1876,-53.7148,180,0,180,0,0,2,False
430187,Barra do Quaraí,RS,Sul,-30.2107,-57.5559,305,0,90,0,1,4,False
430190,Barra do Ribeiro,RS,Sul,-30.3014,-51.3056,70,0,70,0,3,6,False
430192,Barra do Rio Azul,RS,Sul,-27.41,-52.4152,27,0,27,0,1,0,False
430195,Barra Funda,RS,Sul,-27.9239,-53.0421,100,0,100,0,0,4,False
430200,Barros Cassal,RS,Sul,-29.0929,-52.5829,130,0,130,0,3,4,False
430205,Benjamin Constant do Sul,RS,Sul,-27.5098,-52.6014,170,0,170,0,1,2,False
430210,Bento Gonçalves,RS,Sul,-29.1668,-51.5169,0,5,0,7,18,95,False
430215,Boa Vista das Missões,RS,Sul,-27.6652,-53.3151,130,0,130,0,0,4,False
430220,Boa Vista do Buricá,RS,Sul,-27.6686,-54.112,123.4,0,45,0,0,3,False
430222,Boa Vista do Cadeado,RS,Sul,-28.5759,-53.8127,155,0,65,0,0,3,False
430223,Boa Vista do Incra,RS,Sul,-28.8204,-53.3835,95,0,95,0,1,1,False
430225,Boa Vista do Sul,RS,Sul,-29.3507,-51.6761,40,0,40,0,0,3,False
430230,Bom Jesus,RS,Sul,-28.6695,-50.4362,125,0,125,0,4,13,False
430235,Bom Princípio,RS,Sul,-29.4897,-51.3571,40,0,40,0,1,7,False
430237,Bom Progresso,RS,Sul,-27.5528,-53.8639,105,0,93.6,0,0,4,False
430240,Bom Retiro do Sul,RS,Sul,-29.6093,-51.9448,15,0,15,0,0,9,False
430245,Boqueirão do Leão,RS,Sul,-29.3039,-52.4325,110,0,110,0,3,4,False
430250,Bossoroca,RS,Sul,-28.7303,-54.9102,115,0,85,0,0,6,False
430258,Bozano,RS,Sul,-28.3684,-53.7717,15,0,15,0,1,0,False
430260,Braga,RS,Sul,-27.6146,-53.7401,103,0,103,0,1,0,False
430265,Brochier,RS,Sul,-29.5576,-51.5919,80,0,80,0,2,2,False
430270,Butiá,RS,Sul,-30.1179,-51.9701,50,0,50,0,1,15,False
430280,Caçapava do Sul,RS,Sul,-30.5144,-53.4921,80,0,75,0,5,24,False
430290,Cacequi,RS,Sul,-29.8844,-54.8266,100,0,120,0,4,6,False
430300,Cachoeira do Sul,RS,Sul,-30.0485,-52.889,0,4,0,7,18,75,False
430310,Cachoeirinha,RS,Sul,-29.9475,-51.0922,0,10,0,10,31,103,False
430320,Cacique Doble,RS,Sul,-27.7665,-51.6646,110,0,110,0,1,5,False
430330,Caibaté,RS,Sul,-28.2891,-54.637,91.7,0,66.7,0,2,1,False
430340,Caiçara,RS,Sul,-27.2761,-53.4302,125,0,125,0,0,3,False
430350,Camaquã,RS,Sul,-30.8514,-51.8129,100,0,100,0,10,44,True
430355,Camargo,RS,Sul,-28.5872,-52.2078,65,0,65,0,0,3,False
430360,Cambará do Sul,RS,Sul,-29.0481,-50.1455,150,0,145,0,0,5,False
430367,Campestre da Serra,RS,Sul,-28.7993,-51.0938,90,0,90,0,0,2,False
430370,Campina das Missões,RS,Sul,-27.9901,-54.8395,150,0,60,0,0,0,False
430380,Campinas do Sul,RS,Sul,-27.7156,-52.6267,170,0,170,0,0,2,False
430390,Campo Bom,RS,Sul,-29.682,-51.0587,55,0,15,0,9,47,False
430400,Campo Novo,RS,Sul,-27.6757,-53.8055,90,0,90,0,3,7,False
430410,Campos Borges,RS,Sul,-28.8774,-52.9958,105,0,105,0,0,4,False
430420,Candelária,RS,Sul,-29.6736,-52.7864,40,0,40,0,6,23,False
430430,Cândido Godói,RS,Sul,-27.9529,-54.7533,135,0,45,0,0,2,False
430435,Candiota,RS,Sul,-31.5468,-53.7143,45,0,45,0,4,11,False
430440,Canela,RS,Sul,-29.3625,-50.8111,105,0,100,0,6,39,False
430450,Canguçu,RS,Sul,-31.3976,-52.6773,60,0,60,0,9,49,False
430460,Canoas,RS,Sul,-29.9218,-51.18,60,0,0,20,61,280,False
430461,Canudos do Vale,RS,Sul,-29.323,-52.2362,70,0,70,0,0,0,False
430462,Capão Bonito do Sul,RS,Sul,-28.128,-51.3952,100,0,100,0,0,0,False
430463,Capão da Canoa,RS,Sul,-29.7579,-50.0182,35,0,35,0,12,44,True
430465,Capão do Cipó,RS,Sul,-28.9324,-54.5555,265,0,220,0,1,0,False
430466,Capão do Leão,RS,Sul,-31.7642,-52.4998,60,0,60,0,1,20,False
430467,Capivari do Sul,RS,Sul,-30.1459,-50.513,80,0,80,0,0,3,False
430468,Capela de Santana,RS,Sul,-29.6862,-51.3205,30,0,30,0,1,3,False
430469,Capitão,RS,Sul,-29.2714,-51.9872,65,0,65,0,0,1,False
430470,Carazinho,RS,Sul,-28.2856,-52.7872,45,0,45,0,15,50,False
430471,Caraá,RS,Sul,-29.7841,-50.4288,100,0,100,0,2,4,False
430480,Carlos Barbosa,RS,Sul,-29.2992,-51.5007,60,0,60,0,1,15,False
430485,Carlos Gomes,RS,Sul,-27.7159,-51.9146,113.6,0,113.6,0,0,1,False
430490,Casca,RS,Sul,-28.5647,-51.9769,55,0,55,0,0,7,False
430495,Caseiros,RS,Sul,-28.2736,-51.6903,55,0,55,0,0,2,False
430500,Catuípe,RS,Sul,-28.2509,-54.0137,35,0,35,0,0,9,False
430510,Caxias do Sul,RS,Sul,-29.1731,-51.1768,0,28,0,28,98,381,False
430511,Centenário,RS,Sul,-27.7611,-51.9981,106.8,0,106.8,0,0,1,False
430512,Cerrito,RS,Sul,-31.854,-52.8166,60,0,60,0,1,5,False
430513,Cerro Branco,RS,Sul,-29.6659,-52.9348,65,0,65,0,0,2,False
430515,Cerro Grande,RS,Sul,-27.6101,-53.1664,180,0,180,0,1,2,False
430517,Cerro Grande do Sul,RS,Sul,-30.5942,-51.7497,120,0,120,0,0,6,False
430520,Cerro Largo,RS,Sul,-28.147,-54.7381,105,0,60,0,2,10,False
430530,Chapada,RS,Sul,-28.0574,-53.0676,95,0,95,0,0,8,False
430535,Charqueadas,RS,Sul,-29.9588,-51.628,50,0,50,0,4,21,False
430537,Charrua,RS,Sul,-27.9538,-52.0323,60,0,60,0,1,4,False
430540,Chiapetta,RS,Sul,-27.9228,-53.9412,75,0,75,0,1,1,False
430543,Chuí,RS,Sul,-33.6893,-53.4439,225,0,225,0,1,1,False
430544,Chuvisca,RS,Sul,-30.7575,-51.9783,125,0,125,0,1,1,False
430545,Cidreira,RS,Sul,-30.184,-50.2072,40,0,40,0,2,14,False
430550,Ciríaco,RS,Sul,-28.3431,-51.8762,65,0,65,0,0,1,False
430558,Colinas,RS,Sul,-29.3892,-51.8694,25,0,25,0,0,0,False
430560,Colorado,RS,Sul,-28.5272,-52.9927,91.8,0,91.8,0,0,7,False
430570,Condor,RS,Sul,-28.2089,-53.4842,55,0,55,0,2,5,False
430580,Constantina,RS,Sul,-27.7331,-52.995,120,0,120,0,1,8,False
430583,Coqueiro Baixo,RS,Sul,-29.1772,-52.099,95,0,95,0,0,0,False
430585,Coqueiros do Sul,RS,Sul,-28.1187,-52.7826,90,0,90,0,0,6,False
430587,Coronel Barros,RS,Sul,-28.3825,-54.0735,20,0,20,0,0,1,False
430590,Coronel Bicaco,RS,Sul,-27.7181,-53.708,100,0,100,0,0,8,False
430593,Coronel Pilar,RS,Sul,-29.2733,-51.6858,60,0,60,0,0,3,False
430595,Cotiporã,RS,Sul,-28.9942,-51.6966,60,0,60,0,0,4,False
430597,Coxilha,RS,Sul,-28.1266,-52.3001,20,0,20,0,1,2,False
430600,Crissiumal,RS,Sul,-27.4979,-54.1025,110,0,71.4,0,1,5,False
430605,Cristal,RS,Sul,-31.001,-52.0465,100,0,100,0,3,6,False
430607,Cristal do Sul,RS,Sul,-27.4542,-53.248,155,0,155,0,0,1,False
430610,Cruz Alta,RS,Sul,-28.6451,-53.6058,40,0,40,0,5,57,False
430613,Cruzaltense,RS,Sul,-27.6684,-52.6488,160,0,160,0,0,0,False
430620,Cruzeiro do Sul,RS,Sul,-29.5134,-51.9845,60,0,60,0,0,7,False
430630,David Canabarro,RS,Sul,-28.3868,-51.8474,75,0,75,0,0,8,False
430632,Derrubadas,RS,Sul,-27.2666,-53.8613,175,0,175,0,0,1,False
430635,Dezesseis de Novembro,RS,Sul,-28.2257,-55.0468,115,0,85,0,0,2,False
430637,Dilermando de Aguiar,RS,Sul,-29.7063,-54.2084,155,0,60,0,0,4,False
430640,Dois Irmãos,RS,Sul,-29.5895,-51.0904,25,0,25,0,3,17,False
430642,Dois Irmãos das Missões,RS,Sul,-27.6596,-53.5327,155,0,155,0,1,0,False
430645,Dois Lajeados,RS,Sul,-28.9845,-51.8357,50,0,50,0,0,1,False
430650,Dom Feliciano,RS,Sul,-30.7022,-52.109,150,0,150,0,3,3,False
430655,Dom Pedro de Alcântara,RS,Sul,-29.369,-49.8482,105,0,65,0,0,2,False
430660,Dom Pedrito,RS,Sul,-30.9835,-54.6739,70,0,70,0,8,23,False
430670,Dona Francisca,RS,Sul,-29.622,-53.356,90,0,60,0,0,0,False
430673,Doutor Maurício Cardoso,RS,Sul,-27.5089,-54.3635,190,0,120,0,0,2,False
430675,Doutor Ricardo,RS,Sul,-29.0933,-51.9886,70,0,70,0,1,1,False
430676,Eldorado do Sul,RS,Sul,-30.001,-51.3122,60,0,60,0,8,28,False
430680,Encantado,RS,Sul,-29.2369,-51.8723,40,0,40,0,2,12,False
430690,Encruzilhada do Sul,RS,Sul,-30.5415,-52.5212,105,0,105,0,2,16,False
430692,Engenho Velho,RS,Sul,-27.7103,-52.9132,100,0,100,0,0,1,False
430693,Entre-Ijuís,RS,Sul,-28.3596,-54.2719,35,0,35,0,1,6,False
430695,Entre Rios do Sul,RS,Sul,-27.5299,-52.732,145,0,145,0,0,4,False
430697,Erebango,RS,Sul,-27.8521,-52.3028,50,0,50,0,1,4,False
430700,Erechim,RS,Sul,-27.6353,-52.2743,0,5,0,10,22,69,False
430705,Ernestina,RS,Sul,-28.4986,-52.5729,40,0,40,0,0,3,False
430710,Herval,RS,Sul,-32.0267,-53.395,135,0,135,0,4,5,False
430720,Erval Grande,RS,Sul,-27.3896,-52.5699,48.5,0,48.5,0,0,4,False
430730,Erval Seco,RS,Sul,-27.5488,-53.5088,155,0,155,0,2,4,False
430740,Esmeralda,RS,Sul,-28.0535,-51.1902,145,0,145,0,0,1,False
430745,Esperança do Sul,RS,Sul,-27.365,-53.9875,140,0,138.6,0,0,1,False
430750,Espumoso,RS,Sul,-28.7263,-52.8446,75,0,75,0,4,13,False
430755,Estação,RS,Sul,-27.9137,-52.2623,55,0,55,0,0,2,False
430760,Estância Velha,RS,Sul,-29.6484,-51.1771,60,0,60,0,5,39,False
430770,Esteio,RS,Sul,-29.8534,-51.1789,0,5,0,5,14,61,False
430780,Estrela,RS,Sul,-29.5021,-51.9674,0,5,0,7,3,23,False
430781,Estrela Velha,RS,Sul,-29.1774,-53.1561,105,0,105,0,1,0,False
430783,Eugênio de Castro,RS,Sul,-28.5261,-54.1483,80,0,55,0,1,0,False
430786,Fagundes Varela,RS,Sul,-28.8851,-51.7046,75.3,0,75.3,0,0,1,False
430790,Farroupilha,RS,Sul,-29.2239,-51.3482,30,0,30,0,17,59,False
430800,Faxinal do Soturno,RS,Sul,-29.581,-53.4465,100,0,45,0,1,2,False
430805,Faxinalzinho,RS,Sul,-27.4216,-52.6763,160,0,160,0,0,1,False
430807,Fazenda Vilanova,RS,Sul,-29.5906,-51.8277,20,0,20,0,1,4,False
430810,Feliz,RS,Sul,-29.4539,-51.3075,30,0,30,0,2,8,False
430820,Flores da Cunha,RS,Sul,-29.0352,-51.1837,30,0,30,0,6,27,False
430825,Floriano Peixoto,RS,Sul,-27.8601,-52.0842,50,0,50,0,0,0,False
430830,Fontoura Xavier,RS,Sul,-28.9835,-52.3459,85,0,85,0,0,3,False
430840,Formigueiro,RS,Sul,-30.0015,-53.5011,97,0,60,0,1,1,False
430843,Forquetinha,RS,Sul,-29.3848,-52.0968,40,0,40,0,1,0,False
430845,Fortaleza dos Valos,RS,Sul,-28.7914,-53.2285,95,0,95,0,0,5,False
430850,Frederico Westphalen,RS,Sul,-27.3556,-53.3976,110,0,110,0,4,27,False
430860,Garibaldi,RS,Sul,-29.2545,-51.534,55,0,55,0,3,23,False
430865,Garruchos,RS,Sul,-28.1833,-55.6416,230,0,200,0,0,0,False
430870,Gaurama,RS,Sul,-27.5871,-52.0924,76.4,0,76.4,0,0,4,False
430880,General Câmara,RS,Sul,-29.9058,-51.7628,80,0,80,0,1,4,False
430885,Gentil,RS,Sul,-28.4316,-52.0351,67.5,0,67.5,0,0,3,False
430890,Getúlio Vargas,RS,Sul,-27.8914,-52.2226,30,0,30,0,0,13,False
430900,Giruá,RS,Sul,-28.03,-54.3492,70,0,20,0,1,12,False
430905,Glorinha,RS,Sul,-29.879,-50.7869,60,0,60,0,0,4,False
430910,Gramado,RS,Sul,-29.3788,-50.871,90,0,85,0,5,35,False
430912,Gramado dos Loureiros,RS,Sul,-27.4446,-52.9171,73.4,0,73.4,0,0,3,False
430915,Gramado Xavier,RS,Sul,-29.2675,-52.5793,105,0,105,0,1,3,False
430920,Gravataí,RS,Sul,-29.9433,-50.9938,45,0,45,0,45,221,True
430925,Guabiju,RS,Sul,-28.5373,-51.6905,95,0,95,0,0,0,False
430930,Guaíba,RS,Sul,-30.114,-51.3293,60,0,60,0,20,57,False
430940,Guaporé,RS,Sul,-28.8482,-51.8906,70,0,70,0,5,14,False
430950,Guarani das Missões,RS,Sul,-28.1422,-54.5593,104.9,0,60,0,0,1,False
430955,Harmonia,RS,Sul,-29.5522,-51.4168,40,0,40,0,0,4,False
430957,Herveiras,RS,Sul,-29.4539,-52.6526,65,0,65,0,0,3,False
430960,Horizontina,RS,Sul,-27.6275,-54.3085,130,0,40,0,0,11,False
430965,Hulha Negra,RS,Sul,-31.4076,-53.8709,25,0,25,0,2,3,False
430970,Humaitá,RS,Sul,-27.5649,-53.9685,120,0,74.4,0,0,3,False
430975,Ibarama,RS,Sul,-29.4242,-53.1269,90,0,90,0,0,4,False
430980,Ibiaçá,RS,Sul,-28.057,-51.8572,70,0,70,0,0,6,False
430990,Ibiraiaras,RS,Sul,-28.3733,-51.6383,79,0,79,0,2,6,False
430995,Ibirapuitã,RS,Sul,-28.6246,-52.5113,70,0,70,0,1,3,False
431000,Ibirubá,RS,Sul,-28.6275,-53.0911,80,0,80,0,1,17,False
431010,Igrejinha,RS,Sul,-29.587,-50.804,90,0,50,0,4,32,True
431020,Ijuí,RS,Sul,-28.3886,-53.916,0,6,0,8,8,66,False
431030,Ilópolis,RS,Sul,-28.9279,-52.1271,110,0,110,0,0,2,False
431033,Imbé,RS,Sul,-29.9726,-50.1337,55,0,55,0,3,21,False
431036,Imigrante,RS,Sul,-29.3546,-51.7781,40,0,40,0,0,1,False
431040,Independência,RS,Sul,-27.8503,-54.1885,110,0,110,0,0,4,False
431041,Inhacorá,RS,Sul,-27.8828,-54.0231,85,0,85,0,0,2,False
431043,Ipê,RS,Sul,-28.8188,-51.2804,90,0,90,0,0,2,False
431046,Ipiranga do Sul,RS,Sul,-27.9403,-52.4217,70,0,70,0,0,2,False
431050,Iraí,RS,Sul,-27.1966,-53.249,95,0,95,0,0,6,False
431053,Itaara,RS,Sul,-29.6097,-53.7623,145,0,50,0,1,1,False
431055,Itacurubi,RS,Sul,-28.7979,-55.2358,250,0,205,0,0,3,False
431057,Itapuca,RS,Sul,-28.7799,-52.1732,115,0,115,0,0,1,False
431060,Itaqui,RS,Sul,-29.1216,-56.5572,235,0,110,0,3,38,False
431065,Itati,RS,Sul,-29.4913,-50.1009,85,0,85,0,0,5,False
431070,Itatiba do Sul,RS,Sul,-27.3821,-52.4552,20,0,20,0,0,0,False
431075,Ivorá,RS,Sul,-29.5215,-53.5815,130,0,75,0,2,0,False
431080,Ivoti,RS,Sul,-29.5926,-51.1607,30,0,30,0,4,8,False
431085,Jaboticaba,RS,Sul,-27.6329,-53.2788,140,0,140,0,1,1,False
431087,Jacuizinho,RS,Sul,-29.0356,-53.0496,135,0,135,0,0,1,False
431090,Jacutinga,RS,Sul,-27.7289,-52.5364,40,0,40,0,0,6,False
431100,Jaguarão,RS,Sul,-32.5655,-53.3779,120,0,120,0,3,16,False
431110,Jaguari,RS,Sul,-29.5015,-54.6905,145,0,100,0,1,6,False
431112,Jaquirana,RS,Sul,-28.8835,-50.3607,135,0,135,0,0,0,False
431113,Jari,RS,Sul,-29.2897,-54.2217,210,0,125,0,1,3,False
431115,Jóia,RS,Sul,-28.6475,-54.1218,50,0,50,0,1,6,False
431120,Júlio de Castilhos,RS,Sul,-29.2287,-53.6832,100,0,55,0,2,16,False
431123,Lagoa Bonita do Sul,RS,Sul,-29.4898,-53.0179,95,0,95,0,1,4,False
431125,Lagoão,RS,Sul,-29.223,-52.7742,125,0,125,0,0,6,False
431127,Lagoa dos Três Cantos,RS,Sul,-28.5716,-52.8543,80,0,80,0,0,1,False
431130,Lagoa Vermelha,RS,Sul,-28.2084,-51.5276,65,0,65,0,0,16,False
431140,Lajeado,RS,Sul,-29.4666,-51.9633,0,4,0,4,15,66,False
431142,Lajeado do Bugre,RS,Sul,-27.6918,-53.1799,160,0,160,0,0,1,False
431150,Lavras do Sul,RS,Sul,-30.811,-53.898,90,0,90,0,0,6,False
431160,Liberato Salzano,RS,Sul,-27.6013,-53.0696,130,0,130,0,4,3,False
431162,Lindolfo Collor,RS,Sul,-29.5918,-51.2137,90,0,90,0,3,4,False
431164,Linha Nova,RS,Sul,-29.468,-51.1971,60,0,60,0,0,1,False
431170,Machadinho,RS,Sul,-27.5697,-51.6672,100,0,100,0,2,2,False
431171,Maçambará,RS,Sul,-29.1473,-56.0674,295,0,170,0,0,3,False
431173,Mampituba,RS,Sul,-29.2138,-49.9364,150,0,95,0,0,1,False
431175,Manoel Viana,RS,Sul,-29.5936,-55.4815,165,0,40,0,0,7,False
431177,Maquiné,RS,Sul,-29.6778,-50.2052,70,0,70,0,1,3,False
431179,Maratá,RS,Sul,-29.5491,-51.5569,95,0,95,0,0,0,False
431180,Marau,RS,Sul,-28.4489,-52.2001,30,0,30,0,10,35,False
431190,Marcelino Ramos,RS,Sul,-27.4626,-51.9081,70,0,70,0,0,0,False
431198,Mariana Pimentel,RS,Sul,-30.3538,-51.5842,80,0,80,0,0,1,False
431200,Mariano Moro,RS,Sul,-27.3558,-52.147,25.7,0,25.7,0,0,1,False
431205,Marques de Souza,RS,Sul,-29.3278,-52.095,25,0,25,0,0,2,False
431210,Mata,RS,Sul,-29.5645,-54.4541,155,0,90,0,1,2,False
431213,Mato Castelhano,RS,Sul,-28.2769,-52.197,15,0,15,0,0,4,False
431215,Mato Leitão,RS,Sul,-29.5248,-52.1279,40,0,40,0,2,1,False
431217,Mato Queimado,RS,Sul,-28.256,-54.6147,85.7,0,60.7,0,0,1,False
431220,Maximiliano de Almeida,RS,Sul,-27.6325,-51.8058,80,0,80,0,0,5,False
431225,Minas do Leão,RS,Sul,-30.1265,-52.0474,70,0,70,0,2,9,False
431230,Miraguaí,RS,Sul,-27.4968,-53.6849,120,0,120,0,1,2,False
431235,Montauri,RS,Sul,-28.653,-52.0775,115,0,115,0,0,1,False
431237,Monte Alegre dos Campos,RS,Sul,-28.6854,-50.7834,140,0,140,0,0,1,False
431238,Monte Belo do Sul,RS,Sul,-29.1633,-51.6354,60,0,60,0,1,1,False
431240,Montenegro,RS,Sul,-29.6892,-51.4606,40,0,40,0,7,49,True
431242,Mormaço,RS,Sul,-28.6932,-52.6927,90,0,90,0,0,4,False
431244,Morrinhos do Sul,RS,Sul,-29.3684,-49.9332,115,0,80,0,0,2,False
431245,Morro Redondo,RS,Sul,-31.5959,-52.6267,60,0,60,0,0,6,False
431247,Morro Reuter,RS,Sul,-29.5402,-51.0792,40,0,40,0,2,6,False
431250,Mostardas,RS,Sul,-31.1075,-50.9163,180,0,180,0,0,10,False
431260,Muçum,RS,Sul,-29.1665,-51.8714,60,0,60,0,2,5,False
431261,Muitos Capões,RS,Sul,-28.3158,-51.1846,95,0,95,0,0,4,False
431262,Muliterno,RS,Sul,-28.3283,-51.768,68.6,0,68.6,0,0,5,False
431265,Não-Me-Toque,RS,Sul,-28.4627,-52.8174,75,0,75,0,2,12,False
431267,Nicolau Vergueiro,RS,Sul,-28.5359,-52.4614,90,0,90,0,0,2,False
431270,Nonoai,RS,Sul,-27.3633,-52.7735,50,0,50,0,0,25,False
431275,Nova Alvorada,RS,Sul,-28.6774,-52.1661,85,0,85,0,1,1,False
431280,Nova Araçá,RS,Sul,-28.6609,-51.7445,75,0,75,0,1,10,False
431290,Nova Bassano,RS,Sul,-28.741,-51.7011,70,0,70,0,1,5,False
431295,Nova Boa Vista,RS,Sul,-27.9919,-52.9803,96,0,96,0,0,2,False
431300,Nova Bréscia,RS,Sul,-29.2146,-52.0276,70,0,70,0,1,0,False
431301,Nova Candelária,RS,Sul,-27.6087,-54.1068,127.2,0,54.3,0,0,0,False
431303,Nova Esperança do Sul,RS,Sul,-29.4098,-54.8312,185,0,140,0,0,7,False
431306,Nova Hartz,RS,Sul,-29.5861,-50.9051,70,0,40,0,2,15,False
431308,Nova Pádua,RS,Sul,-29.0301,-51.3045,45,0,45,0,0,2,False
431310,Nova Palma,RS,Sul,-29.4707,-53.4662,115,0,65,0,1,3,False
431320,Nova Petrópolis,RS,Sul,-29.3759,-51.1129,60,0,60,0,2,15,False
431330,Nova Prata,RS,Sul,-28.7838,-51.6098,55,0,55,0,3,14,False
431333,Nova Ramada,RS,Sul,-28.0825,-53.7066,65.8,0,65.8,0,0,2,False
431335,Nova Roma do Sul,RS,Sul,-28.9904,-51.4081,90,0,90,0,0,1,False
431337,Nova Santa Rita,RS,Sul,-29.8553,-51.2752,40,0,40,0,1,20,False
431339,Novo Cabrais,RS,Sul,-29.739,-52.9535,45,0,45,0,0,1,False
431340,Novo Hamburgo,RS,Sul,-29.6947,-51.1159,0,10,0,10,61,164,False
431342,Novo Machado,RS,Sul,-27.5781,-54.5003,160,0,70,0,0,1,False
431344,Novo Tiradentes,RS,Sul,-27.563,-53.1826,185,0,185,0,1,2,False
431346,Novo Xingu,RS,Sul,-27.748,-53.0611,130,0,130,0,0,0,False
431349,Novo Barreiro,RS,Sul,-27.9091,-53.1099,105,0,105,0,1,5,False
431350,Osório,RS,Sul,-29.8891,-50.273,60,0,60,0,4,40,True
431360,Paim Filho,RS,Sul,-27.7102,-51.759,95,0,95,0,1,2,False
431365,Palmares do Sul,RS,Sul,-30.2606,-50.5097,60,0,60,0,0,4,False
431370,Palmeira das Missões,RS,Sul,-27.9016,-53.3132,100,0,100,0,1,26,False
431380,Palmitinho,RS,Sul,-27.355,-53.5596,150,0,150,0,0,8,False
431390,Panambi,RS,Sul,-28.3067,-53.5084,40,0,40,0,8,28,False
431395,Pantano Grande,RS,Sul,-30.1899,-52.3713,70,0,70,0,2,10,False
431400,Paraí,RS,Sul,-28.5975,-51.7869,70,0,70,0,0,7,False
431402,Paraíso do Sul,RS,Sul,-29.7323,-53.1793,50,0,45,0,0,4,False
431403,Pareci Novo,RS,Sul,-29.639,-51.3969,45,0,45,0,1,2,False
431405,Parobé,RS,Sul,-29.6267,-50.8291,55,0,15,0,12,34,True
431406,Passa Sete,RS,Sul,-29.4522,-52.965,60,0,60,0,0,0,False
431407,Passo do Sobrado,RS,Sul,-29.75,-52.2764,35,0,35,0,0,5,False
431410,Passo Fundo,RS,Sul,-28.2516,-52.3956,0,12,0,26,39,208,False
431413,Paulo Bento,RS,Sul,-27.7033,-52.4233,77,0,77,0,0,6,False
431415,Paverama,RS,Sul,-29.5512,-51.7353,50,0,50,0,4,4,False
431417,Pedras Altas,RS,Sul,-31.7325,-53.5854,130,0,130,0,0,2,False
431420,Pedro Osório,RS,Sul,-31.8616,-52.8219,60,0,60,0,0,8,False
431430,Pejuçara,RS,Sul,-28.4237,-53.6572,50,0,50,0,0,2,False
431440,Pelotas,RS,Sul,-31.7196,-52.3424,0,21,0,17,71,263,False
431442,Picada Café,RS,Sul,-29.4505,-51.1328,60,0,60,0,0,0,False
431445,Pinhal,RS,Sul,-27.5098,-53.2183,150,0,150,0,0,1,False
431446,Pinhal da Serra,RS,Sul,-27.8755,-51.1715,165,0,155,0,0,3,False
431447,Pinhal Grande,RS,Sul,-29.3494,-53.3315,170,0,120,0,1,2,False
431449,Pinheirinho do Vale,RS,Sul,-27.2126,-53.6138,185,0,185,0,0,7,False
431450,Pinheiro Machado,RS,Sul,-31.5797,-53.3819,70,0,70,0,5,4,False
431454,Pinto Bandeira,RS,Sul,-29.0982,-51.4504,40,0,40,0,0,2,False
431455,Pirapó,RS,Sul,-28.0438,-55.1991,155,0,125,0,2,0,False
431460,Piratini,RS,Sul,-31.4488,-53.1043,105,0,105,0,2,16,False
431470,Planalto,RS,Sul,-27.3345,-53.062,90,0,90,0,1,7,False
431475,Poço das Antas,RS,Sul,-29.4503,-51.6695,50,0,50,0,0,1,False
431477,Pontão,RS,Sul,-28.0588,-52.6788,45,0,45,0,1,3,False
431478,Ponte Preta,RS,Sul,-27.6592,-52.49,195,0,195,0,0,0,False
431480,Portão,RS,Sul,-29.6925,-51.2353,50,0,50,0,5,27,False
431490,Porto Alegre,RS,Sul,-30.0282,-51.2286,0,152,0,85,282,1032,False
431500,Porto Lucena,RS,Sul,-27.8534,-55.019,195,0,105,0,1,2,False
431505,Porto Mauá,RS,Sul,-27.5735,-54.6721,150,0,60,0,0,0,False
431507,Porto Vera Cruz,RS,Sul,-27.7352,-54.9018,185,0,95,0,0,0,False
431510,Porto Xavier,RS,Sul,-27.907,-55.1395,175,0,110,0,0,4,False
431513,Pouso Novo,RS,Sul,-29.1705,-52.2085,55,0,55,0,0,1,False
431514,Presidente Lucena,RS,Sul,-29.5237,-51.184,75,0,75,0,0,3,False
431515,Progresso,RS,Sul,-29.2423,-52.3113,120,0,120,0,3,5,False
431517,Protásio Alves,RS,Sul,-28.7598,-51.4731,95,0,95,0,0,0,False
431520,Putinga,RS,Sul,-29.0002,-52.1559,130,0,130,0,0,1,False
431530,Quaraí,RS,Sul,-30.3895,-56.4528,210,0,120,0,6,13,False
431531,Quatro Irmãos,RS,Sul,-27.8197,-52.4457,58.7,0,58.7,0,0,4,False
431532,Quevedos,RS,Sul,-29.3526,-54.0721,240,0,160,0,0,1,False
431535,Quinze de Novembro,RS,Sul,-28.7416,-53.0941,100,0,100,0,0,2,False
431540,Redentora,RS,Sul,-27.6624,-53.6416,110,0,110,0,5,17,False
431545,Relvado,RS,Sul,-29.1132,-52.0709,85,0,85,0,1,1,False
431550,Restinga Sêca,RS,Sul,-29.8151,-53.3705,80,0,60,0,2,5,False
431555,Rio dos Índios,RS,Sul,-27.3025,-52.8408,97.8,0,97.8,0,0,0,False
431560,Rio Grande,RS,Sul,-32.0308,-52.0978,0,9,0,10,30,144,False
431570,Rio Pardo,RS,Sul,-29.9856,-52.3789,50,0,50,0,6,13,False
431575,Riozinho,RS,Sul,-29.6406,-50.4594,125,0,85,0,0,2,False
431580,Roca Sales,RS,Sul,-29.2846,-51.8698,30,0,30,0,0,5,False
431590,Rodeio Bonito,RS,Sul,-27.4748,-53.1685,140,0,140,0,0,5,False
431595,Rolador,RS,Sul,-28.2576,-54.8173,115,0,85,0,0,0,False
431600,Rolante,RS,Sul,-29.6524,-50.575,100,0,60,0,0,9,False
431610,Ronda Alta,RS,Sul,-27.7804,-52.8071,80,0,80,0,1,5,False
431620,Rondinha,RS,Sul,-27.8313,-52.9079,100,0,100,0,0,1,False
431630,Roque Gonzales,RS,Sul,-28.1336,-55.0259,145,0,105,0,0,2,False
431640,Rosário do Sul,RS,Sul,-30.2592,-54.9159,50,0,80,0,8,34,False
431642,Sagrada Família,RS,Sul,-27.7091,-53.1352,150,0,150,0,0,0,False
431643,Saldanha Marinho,RS,Sul,-28.3959,-53.0954,45,0,45,0,0,0,False
431645,Salto do Jacuí,RS,Sul,-29.092,-53.2074,120,0,120,0,3,9,False
431647,Salvador das Missões,RS,Sul,-28.1269,-54.836,125,0,80,0,1,1,False
431650,Salvador do Sul,RS,Sul,-29.4409,-51.5116,70,0,70,0,0,3,False
431660,Sananduva,RS,Sul,-27.9512,-51.8086,90,0,90,0,1,11,False
431670,Santa Bárbara do Sul,RS,Sul,-28.3739,-53.2517,60,0,60,0,0,4,False
431673,Santa Cecília do Sul,RS,Sul,-28.163,-51.9315,90,0,90,0,0,4,False
431675,Santa Clara do Sul,RS,Sul,-29.4655,-52.0817,60,0,60,0,0,3,False
431680,Santa Cruz do Sul,RS,Sul,-29.7137,-52.4286,0,3,0,7,24,99,False
431690,Santa Maria,RS,Sul,-29.6852,-53.8036,95,0,0,10,68,212,False
431695,Santa Maria do Herval,RS,Sul,-29.4995,-50.9938,55,0,55,0,0,1,False
431697,Santa Margarida do Sul,RS,Sul,-30.3349,-54.0812,50,0,105,0,0,3,False
431700,Santana da Boa Vista,RS,Sul,-30.871,-53.1136,140,0,135,0,5,4,False
431710,Sant'Ana do Livramento,RS,Sul,-30.8894,-55.5324,130,0,150,0,16,58,False
431720,Santa Rosa,RS,Sul,-27.8607,-54.4462,90,0,0,8,10,55,False
431725,Santa Tereza,RS,Sul,-29.1713,-51.7359,50,0,50,0,0,0,False
431730,Santa Vitória do Palmar,RS,Sul,-33.5214,-53.3695,195,0,195,0,5,20,False
431740,Santiago,RS,Sul,-29.1908,-54.8658,175,0,130,0,4,24,False
431750,Santo Ângelo,RS,Sul,-28.3004,-54.2668,45,0,0,8,20,61,False
431755,Santo Antônio do Palma,RS,Sul,-28.4966,-52.0248,77.6,0,77.6,0,0,0,False
431760,Santo Antônio da Patrulha,RS,Sul,-29.8203,-50.5141,70,0,70,0,5,38,False
431770,Santo Antônio das Missões,RS,Sul,-28.511,-55.229,110,0,80,0,2,4,False
431775,Santo Antônio do Planalto,RS,Sul,-28.3993,-52.6917,65,0,65,0,0,3,False
431780,Santo Augusto,RS,Sul,-27.8506,-53.7776,60,0,60,0,1,14,False
431790,Santo Cristo,RS,Sul,-27.8219,-54.6678,120,0,30,0,0,8,False
431795,Santo Expedito do Sul,RS,Sul,-27.9093,-51.6454,180,0,175,0,1,3,False
431800,São Borja,RS,Sul,-28.6611,-56.0054,165,0,100,0,12,30,False
431805,São Domingos do Sul,RS,Sul,-28.5296,-51.8888,75,0,75,0,2,1,False
431810,São Francisco de Assis,RS,Sul,-29.5507,-55.1303,150,0,80,0,1,12,False
431820,São Francisco de Paula,RS,Sul,-29.4472,-50.5814,80,0,75,0,3,15,False
431830,São Gabriel,RS,Sul,-30.3391,-54.3192,0,4,115,0,12,54,False
431840,São Jerônimo,RS,Sul,-29.9591,-51.7234,60,0,60,0,2,12,False
431842,São João da Urtiga,RS,Sul,-27.8203,-51.8274,110,0,110,0,1,2,False
431843,São João do Polêsine,RS,Sul,-29.6159,-53.4445,90,0,55,0,1,3,False
431844,São Jorge,RS,Sul,-28.5,-51.7043,95,0,95,0,0,2,False
431845,São José das Missões,RS,Sul,-27.7786,-53.1185,140,0,140,0,0,1,False
431846,São José do Herval,RS,Sul,-29.0466,-52.291,70,0,70,0,0,2,False
431848,São José do Hortêncio,RS,Sul,-29.5249,-51.2482,75,0,75,0,0,1,False
431849,São José do Inhacorá,RS,Sul,-27.7261,-54.1297,114.2,0,51.5,0,0,0,False
431850,São José do Norte,RS,Sul,-32.007,-52.0389,30,0,30,0,1,14,False
431860,São José do Ouro,RS,Sul,-27.7735,-51.5903,120,0,115,0,1,6,False
431861,São José do Sul,RS,Sul,-29.5377,-51.4842,60,0,60,0,0,2,False
431862,São José dos Ausentes,RS,Sul,-28.7496,-50.0629,170,0,145,0,1,3,False
431870,São Leopoldo,RS,Sul,-29.7618,-51.1493,0,10,0,10,41,197,False
431880,São Lourenço do Sul,RS,Sul,-31.3673,-51.9795,75,0,75,0,6,20,False
431890,São Luiz Gonzaga,RS,Sul,-28.4084,-54.9607,85,0,55,0,5,34,False
431900,São Marcos,RS,Sul,-28.9701,-51.0659,60,0,60,0,5,12,False
431910,São Martinho,RS,Sul,-27.7077,-53.9623,115,0,65,0,1,4,False
431912,São Martinho da Serra,RS,Sul,-29.5352,-53.8544,140,0,45,0,0,3,False
431915,São Miguel das Missões,RS,Sul,-28.5471,-54.5505,95,0,60,0,0,5,False
431920,São Nicolau,RS,Sul,-28.1855,-55.2658,150,0,120,0,0,3,False
431930,São Paulo das Missões,RS,Sul,-28.0225,-54.9376,165,0,75,0,0,2,False
431935,São Pedro da Serra,RS,Sul,-29.4196,-51.5125,60,0,60,0,0,4,False
431936,São Pedro das Missões,RS,Sul,-27.7738,-53.2461,140,0,140,0,0,1,False
431937,São Pedro do Butiá,RS,Sul,-28.1241,-54.8977,135,0,90,0,0,1,False
431940,São Pedro do Sul,RS,Sul,-29.6224,-54.1748,135,0,40,0,4,12,False
431950,São Sebastião do Caí,RS,Sul,-29.5894,-51.3758,40,0,40,0,4,18,False
431960,São Sepé,RS,Sul,-30.1677,-53.5677,75,0,40,0,10,20,False
431970,São Valentim,RS,Sul,-27.5553,-52.5262,30,0,30,0,1,2,False
431971,São Valentim do Sul,RS,Sul,-29.0496,-51.7643,60,0,60,0,0,0,False
431973,São Valério do Sul,RS,Sul,-27.7864,-53.9344,104.2,0,77.8,0,1,4,False
431975,São Vendelino,RS,Sul,-29.3679,-51.3784,45,0,45,0,0,1,False
431980,São Vicente do Sul,RS,Sul,-29.6923,-54.6785,125,0,85,0,0,8,False
431990,Sapiranga,RS,Sul,-29.6385,-51.0039,40,0,0,6,15,64,False
432000,Sapucaia do Sul,RS,Sul,-29.8269,-51.1563,60,0,60,0,21,74,False
432010,Sarandi,RS,Sul,-27.9435,-52.9216,85,0,85,0,3,20,False
432020,Seberi,RS,Sul,-27.4829,-53.4018,125,0,125,0,0,12,False
432023,Sede Nova,RS,Sul,-27.6323,-53.9468,121.7,0,76.9,0,1,4,False
432026,Segredo,RS,Sul,-29.3418,-52.9795,95,0,95,0,1,5,False
432030,Selbach,RS,Sul,-28.6301,-52.9526,75,0,75,0,0,2,False
432032,Senador Salgado Filho,RS,Sul,-28.028,-54.5425,141.6,0,81.6,0,0,2,False
432035,Sentinela do Sul,RS,Sul,-30.6119,-51.5804,90,0,90,0,1,0,False
432040,Serafina Corrêa,RS,Sul,-28.711,-51.9331,85,0,85,0,1,14,False
432045,Sério,RS,Sul,-29.3876,-52.2669,90,0,90,0,0,1,False
432050,Sertão,RS,Sul,-27.9836,-52.2568,35,0,35,0,0,3,False
432055,Sertão Santana,RS,Sul,-30.4613,-51.6034,80,0,80,0,3,2,False
432057,Sete de Setembro,RS,Sul,-28.1325,-54.463,75,0,30,0,1,0,False
432060,Severiano de Almeida,RS,Sul,-27.4333,-52.1144,64.5,0,64.5,0,0,4,False
432065,Silveira Martins,RS,Sul,-29.6416,-53.5888,140,0,45,0,0,0,False
432067,Sinimbu,RS,Sul,-29.5381,-52.5197,45,0,45,0,1,11,False
432070,Sobradinho,RS,Sul,-29.4168,-53.0266,75,0,75,0,0,15,False
432080,Soledade,RS,Sul,-28.8304,-52.5105,75,0,75,0,5,22,False
432085,Tabaí,RS,Sul,-29.6853,-51.7167,30,0,30,0,0,1,False
432090,Tapejara,RS,Sul,-28.0671,-52.011,60,0,60,0,5,20,False
432100,Tapera,RS,Sul,-28.6334,-52.8735,65,0,65,0,0,9,False
432110,Tapes,RS,Sul,-30.672,-51.3949,100,0,100,0,4,5,False
432120,Taquara,RS,Sul,-29.6461,-50.7811,70,0,30,0,10,35,False
432130,Taquari,RS,Sul,-29.8004,-51.8649,50,0,50,0,5,9,False
432132,Taquaruçu do Sul,RS,Sul,-27.3998,-53.4696,130,0,130,0,0,3,False
432135,Tavares,RS,Sul,-31.2894,-51.0908,165,0,165,0,1,8,False
432140,Tenente Portela,RS,Sul,-27.3713,-53.7562,145,0,145,0,1,21,False
432143,Terra de Areia,RS,Sul,-29.5871,-50.0665,65,0,65,0,0,12,False
432145,Teutônia,RS,Sul,-29.4824,-51.8164,30,0,30,0,0,21,False
432146,Tio Hugo,RS,Sul,-28.567,-52.5944,50,0,50,0,0,12,False
432147,Tiradentes do Sul,RS,Sul,-27.3938,-54.0883,155,0,153.6,0,0,5,False
432149,Toropi,RS,Sul,-29.478,-54.2277,160,0,65,0,0,2,False
432150,Torres,RS,Sul,-29.3398,-49.7256,115,0,45,0,11,30,False
432160,Tramandaí,RS,Sul,-29.986,-50.1315,0,9,0,9,5,41,False
432162,Travesseiro,RS,Sul,-29.2973,-52.0561,40,0,40,0,0,0,False
432163,Três Arroios,RS,Sul,-27.5008,-52.1518,60.8,0,60.8,0,0,2,False
432166,Três Cachoeiras,RS,Sul,-29.455,-49.9199,85,0,75,0,1,7,False
432170,Três Coroas,RS,Sul,-29.5153,-50.7798,100,0,60,0,5,17,False
432180,Três de Maio,RS,Sul,-27.7783,-54.235,125,0,35,0,3,17,False
432183,Três Forquilhas,RS,Sul,-29.5375,-50.0634,85,0,85,0,1,2,False
432185,Três Palmeiras,RS,Sul,-27.6164,-52.8413,85,0,85,0,1,5,False
432190,Três Passos,RS,Sul,-27.4573,-53.9288,110,0,108.6,0,0,20,False
432195,Trindade do Sul,RS,Sul,-27.5214,-52.8998,70,0,70,0,0,12,False
432200,Triunfo,RS,Sul,-29.9455,-51.7194,75,0,75,0,3,14,False
432210,Tucunduva,RS,Sul,-27.6597,-54.4423,130,0,40,0,1,1,False
432215,Tunas,RS,Sul,-29.1016,-52.9595,145,0,145,0,0,4,False
432218,Tupanci do Sul,RS,Sul,-27.9238,-51.5373,155,0,155,0,0,0,False
432220,Tupanciretã,RS,Sul,-29.0849,-53.8365,130,0,85,0,2,14,False
432225,Tupandi,RS,Sul,-29.4818,-51.4191,55,0,55,0,0,6,False
432230,Tuparendi,RS,Sul,-27.7599,-54.4789,110,0,20,0,1,1,False
432232,Turuçu,RS,Sul,-31.4214,-52.1776,50,0,50,0,0,2,False
432234,Ubiretama,RS,Sul,-28.0461,-54.681,122.4,0,62.5,0,0,1,False
432235,União da Serra,RS,Sul,-28.7546,-52.015,100,0,100,0,0,0,False
432237,Unistalda,RS,Sul,-29.0462,-55.15,210,0,165,0,1,1,False
432240,Uruguaiana,RS,Sul,-29.7564,-57.0881,215,0,0,8,25,113,False
432250,Vacaria,RS,Sul,-28.5023,-50.9379,80,0,80,0,13,60,True
432252,Vale Verde,RS,Sul,-29.7841,-52.184,55,0,55,0,0,4,False
432253,Vale do Sol,RS,Sul,-29.6042,-52.6867,45,0,45,0,1,6,False
432254,Vale Real,RS,Sul,-29.396,-51.2462,45,0,45,0,0,5,False
432255,Vanini,RS,Sul,-28.4753,-51.8464,85,0,85,0,1,3,False
432260,Venâncio Aires,RS,Sul,-29.6057,-52.192,25,0,25,0,14,55,False
432270,Vera Cruz,RS,Sul,-29.7151,-52.5016,60,0,60,0,2,27,False
432280,Veranópolis,RS,Sul,-28.9388,-51.5492,40,0,40,0,6,9,False
432285,Vespasiano Corrêa,RS,Sul,-29.0692,-51.8602,70,0,70,0,0,1,False
432290,Viadutos,RS,Sul,-27.5674,-52.0201,40,0,40,0,1,5,False
432300,Viamão,RS,Sul,-30.0822,-51.0258,60,0,60,0,53,189,False
432310,Vicente Dutra,RS,Sul,-27.1659,-53.4048,150,0,150,0,3,1,False
432320,Victor Graeff,RS,Sul,-28.5591,-52.7462,60,0,60,0,0,3,False
432330,Vila Flores,RS,Sul,-28.8602,-51.5536,45,0,45,0,0,4,False
432335,Vila Lângaro,RS,Sul,-28.1089,-52.1429,50,0,50,0,0,1,False
432340,Vila Maria,RS,Sul,-28.5341,-52.152,45,0,45,0,0,5,False
432345,Vila Nova do Sul,RS,Sul,-30.3448,-53.8812,30,0,85,0,0,3,False
432350,Vista Alegre,RS,Sul,-27.3694,-53.4928,140,0,140,0,1,1,False
432360,Vista Alegre do Prata,RS,Sul,-28.807,-51.785,90,0,90,0,0,1,False
432370,Vista Gaúcha,RS,Sul,-27.2903,-53.7024,160,0,160,0,0,2,False
432375,Vitória das Missões,RS,Sul,-28.3462,-54.5022,65,0,40,0,1,1,False
432377,Westfália,RS,Sul,-29.4321,-51.7705,40,0,40,0,0,0,False
432380,Xangri-lá,RS,Sul,-29.8013,-50.0446,25,0,25,0,1,15,False
500020,Água Clara,MS,Centro-Oeste,-20.4431,-52.8832,140,0,140,0,0,12,False
500025,Alcinópolis,MS,Centro-Oeste,-18.3288,-53.7135,220,0,220,0,3,4,False
500060,Amambai,MS,Centro-Oeste,-23.1055,-55.2317,245,0,120,0,11,40,False
500070,Anastácio,MS,Centro-Oeste,-20.4842,-55.8056,130,0,130,0,3,20,False
500080,Anaurilândia,MS,Centro-Oeste,-22.183,-52.7203,140,0,140,0,0,3,False
500085,Angélica,MS,Centro-Oeste,-22.1589,-53.7718,250,0,146,0,0,5,False
500090,Antônio João,MS,Centro-Oeste,-22.1947,-55.9481,290,0,150,0,2,10,False
500100,Aparecida do Taboado,MS,Centro-Oeste,-20.0868,-51.1024,60,0,60,0,0,15,False
500110,Aquidauana,MS,Centro-Oeste,-20.4593,-55.7813,120,0,120,0,13,42,False
500124,Aral Moreira,MS,Centro-Oeste,-22.9479,-55.6308,330,0,190,0,1,8,False
500150,Bandeirantes,MS,Centro-Oeste,-19.92,-54.3627,40,0,40,0,0,5,False
500190,Bataguassu,MS,Centro-Oeste,-21.7186,-52.4217,90,0,90,0,1,14,False
500200,Batayporã,MS,Centro-Oeste,-22.2955,-53.2672,190,0,150,0,2,6,False
500210,Bela Vista,MS,Centro-Oeste,-22.1057,-56.5355,240,0,210,0,3,22,False
500215,Bodoquena,MS,Centro-Oeste,-20.5526,-56.6773,220,0,220,0,2,7,False
500220,Bonito,MS,Centro-Oeste,-21.1277,-56.4872,210,0,190,0,3,24,False
500230,Brasilândia,MS,Centro-Oeste,-21.2471,-52.0363,150,0,150,0,1,11,False
500240,Caarapó,MS,Centro-Oeste,-22.6348,-54.8241,180,0,50,0,6,28,False
500260,Camapuã,MS,Centro-Oeste,-19.5336,-54.0417,100,0,100,0,1,12,False
500270,Campo Grande,MS,Centro-Oeste,-20.4626,-54.6086,0,31,0,44,124,794,False
500280,Caracol,MS,Centro-Oeste,-22.018,-57.0288,300,0,270,0,0,2,False
500290,Cassilândia,MS,Centro-Oeste,-19.1133,-51.7333,160,0,120,0,1,13,False
500295,Chapadão do Sul,MS,Centro-Oeste,-18.7972,-52.6194,220,0,190,0,4,33,False
500310,Corguinho,MS,Centro-Oeste,-19.8334,-54.829,90,0,90,0,0,0,False
500315,Coronel Sapucaia,MS,Centro-Oeste,-23.2764,-55.5413,295,0,170,0,2,27,False
500320,Corumbá,MS,Centro-Oeste,-19.0058,-57.6746,360,0,360,0,26,130,True
500325,Costa Rica,MS,Centro-Oeste,-18.5449,-53.133,265,0,235,0,5,20,False
500330,Coxim,MS,Centro-Oeste,-18.5033,-54.7606,180,0,180,0,3,14,False
500345,Deodápolis,MS,Centro-Oeste,-22.2752,-54.1643,226,0,86,0,0,5,False
500348,Dois Irmãos do Buriti,MS,Centro-Oeste,-20.6913,-55.2865,120,0,120,0,2,5,False
500350,Douradina,MS,Centro-Oeste,-22.0412,-54.6107,155,0,40,0,1,6,False
500370,Dourados,MS,Centro-Oeste,-22.241,-54.7831,140,0,0,18,34,249,False
500375,Eldorado,MS,Centro-Oeste,-23.7862,-54.2873,115,0,115,0,5,12,False
500380,Fátima do Sul,MS,Centro-Oeste,-22.3879,-54.5167,180,0,40,0,5,15,False
500390,Figueirão,MS,Centro-Oeste,-18.6752,-53.6417,160,0,160,0,0,2,False
500400,Glória de Dourados,MS,Centro-Oeste,-22.4083,-54.2344,206,0,66,0,0,11,False
500410,Guia Lopes da Laguna,MS,Centro-Oeste,-21.4558,-56.1082,180,0,150,0,3,7,False
500430,Iguatemi,MS,Centro-Oeste,-23.6843,-54.5627,150,0,150,0,2,10,False
500440,Inocência,MS,Centro-Oeste,-19.7288,-51.9296,160,0,160,0,0,5,False
500450,Itaporã,MS,Centro-Oeste,-22.0823,-54.7871,160,0,20,0,3,7,False
500460,Itaquiraí,MS,Centro-Oeste,-23.4846,-54.1824,150,0,150,0,1,15,False
500470,Ivinhema,MS,Centro-Oeste,-22.3069,-53.8302,220,0,116,0,3,21,False
500480,Japorã,MS,Centro-Oeste,-23.8941,-54.4035,120,0,120,0,2,14,False
500490,Jaraguari,MS,Centro-Oeste,-20.102,-54.4368,30,0,30,0,0,4,False
500500,Jardim,MS,Centro-Oeste,-21.4809,-56.1399,180,0,180,0,8,21,False
500510,Jateí,MS,Centro-Oeste,-22.4804,-54.3068,205,0,65,0,0,3,False
500515,Juti,MS,Centro-Oeste,-22.8608,-54.6069,180,0,80,0,1,6,False
500520,Ladário,MS,Centro-Oeste,-19.0063,-57.6113,405,0,405,0,5,17,False
500525,Laguna Carapã,MS,Centro-Oeste,-22.5544,-55.1492,200,0,60,0,0,9,False
500540,Maracaju,MS,Centro-Oeste,-21.6218,-55.1563,120,0,80,0,5,35,False
500560,Miranda,MS,Centro-Oeste,-20.2396,-56.3862,180,0,180,0,2,18,False
500568,Mundo Novo,MS,Centro-Oeste,-23.9374,-54.2785,90,0,90,0,3,14,False
500570,Naviraí,MS,Centro-Oeste,-23.0629,-54.2018,140,0,120,0,12,36,False
500580,Nioaque,MS,Centro-Oeste,-21.1589,-55.8314,150,0,150,0,4,7,False
500600,Nova Alvorada do Sul,MS,Centro-Oeste,-21.4666,-54.3828,90,0,90,0,1,25,False
500620,Nova Andradina,MS,Centro-Oeste,-22.2424,-53.3434,170,0,160,0,12,25,False
500625,Novo Horizonte do Sul,MS,Centro-Oeste,-22.6561,-53.86,200,0,176,0,1,4,False
500627,Paraíso das Águas,MS,Centro-Oeste,-19.0218,-53.0109,190,0,190,0,0,2,False
500630,Paranaíba,MS,Centro-Oeste,-19.6773,-51.1986,90,0,90,0,8,31,False
500635,Paranhos,MS,Centro-Oeste,-23.8896,-55.4299,205,0,205,0,4,23,False
500640,Pedro Gomes,MS,Centro-Oeste,-18.1006,-54.5551,220,0,150,0,0,4,False
500660,Ponta Porã,MS,Centro-Oeste,-22.5385,-55.7246,230,0,90,0,19,84,True
500690,Porto Murtinho,MS,Centro-Oeste,-21.6979,-57.8889,360,0,340,0,4,7,False
500710,Ribas do Rio Pardo,MS,Centro-Oeste,-20.4441,-53.7561,80,0,80,0,7,30,False
500720,Rio Brilhante,MS,Centro-Oeste,-21.8016,-54.5428,120,0,60,0,3,29,False
500730,Rio Negro,MS,Centro-Oeste,-19.449,-54.9885,130,0,130,0,1,3,False
500740,Rio Verde de Mato Grosso,MS,Centro-Oeste,-18.918,-54.8406,160,0,160,0,2,11,False
500750,Rochedo,MS,Centro-Oeste,-19.9619,-54.8928,80,0,80,0,0,5,False
500755,Santa Rita do Pardo,MS,Centro-Oeste,-21.3056,-52.8212,150,0,150,0,1,4,False
500769,São Gabriel do Oeste,MS,Centro-Oeste,-19.4031,-54.5772,100,0,100,0,4,20,False
500770,Sete Quedas,MS,Centro-Oeste,-23.9791,-55.0407,235,0,230,0,2,5,False
500780,Selvíria,MS,Centro-Oeste,-20.3643,-51.4239,110,0,110,0,0,3,False
500790,Sidrolândia,MS,Centro-Oeste,-20.932,-54.9606,60,0,60,0,4,57,False
500793,Sonora,MS,Centro-Oeste,-17.5879,-54.7529,265,0,90,0,2,11,False
500795,Tacuru,MS,Centro-Oeste,-23.6404,-55.0189,185,0,180,0,0,12,False
500797,Taquarussu,MS,Centro-Oeste,-22.4869,-53.3503,210,0,200,0,0,2,False
500800,Terenos,MS,Centro-Oeste,-20.4405,-54.865,40,0,40,0,1,6,False
500830,Três Lagoas,MS,Centro-Oeste,-20.7911,-51.7089,140,0,140,0,23,118,True
500840,Vicentina,MS,Centro-Oeste,-22.4109,-54.4405,186,0,46,0,3,8,False
510010,Acorizal,MT,Centro-Oeste,-15.1929,-56.3716,120,0,120,0,0,1,False
510020,Água Boa,MT,Centro-Oeste,-14.057,-52.1618,285,0,360,0,2,25,True
510025,Alta Floresta,MT,Centro-Oeste,-9.87,-56.0834,572,0,242,0,3,33,True
510030,Alto Araguaia,MT,Centro-Oeste,-17.3145,-53.2153,310,0,180,0,0,13,False
510035,Alto Boa Vista,MT,Centro-Oeste,-11.6749,-51.3767,470,0,470,0,1,4,False
510040,Alto Garças,MT,Centro-Oeste,-16.9432,-53.5315,295,0,120,0,0,14,False
510050,Alto Paraguai,MT,Centro-Oeste,-14.5137,-56.4952,130,0,130,0,2,4,False
510060,Alto Taquari,MT,Centro-Oeste,-17.8297,-53.2838,310,0,235,0,1,11,False
510080,Apiacás,MT,Centro-Oeste,-9.5634,-57.3937,660,0,482,0,1,12,False
510100,Araguaiana,MT,Centro-Oeste,-15.7223,-51.8356,200,0,260,0,1,0,False
510120,Araguainha,MT,Centro-Oeste,-16.8598,-53.0335,290,0,280,0,0,1,False
510125,Araputanga,MT,Centro-Oeste,-15.4714,-58.348,90,0,240,0,2,13,False
510130,Arenápolis,MT,Centro-Oeste,-14.4566,-56.8431,110,0,110,0,1,6,False
510140,Aripuanã,MT,Centro-Oeste,-10.1749,-59.454,695,0,815,0,1,24,False
510160,Barão de Melgaço,MT,Centro-Oeste,-16.1949,-55.9679,98.4,0,85.4,0,0,1,False
510170,Barra do Bugres,MT,Centro-Oeste,-15.0645,-57.1786,120,0,110,0,8,18,False
510180,Barra do Garças,MT,Centro-Oeste,-15.8941,-52.2649,140,0,200,0,4,31,True
510183,Boa Esperança do Norte,MT,Centro-Oeste,-13.5103,-55.15,320.9,0,134.9,0,0,0,False
510185,Bom Jesus do Araguaia,MT,Centro-Oeste,-12.1728,-51.505,468,0,480,0,0,1,False
510190,Brasnorte,MT,Centro-Oeste,-12.1223,-58.0029,340,0,330,0,1,15,False
510250,Cáceres,MT,Centro-Oeste,-16.0837,-57.6755,0,9,150,0,20,85,True
510260,Campinápolis,MT,Centro-Oeste,-14.5493,-52.7926,315,0,390,0,1,13,False
510263,Campo Novo do Parecis,MT,Centro-Oeste,-13.6659,-57.884,250,0,240,0,8,62,False
510267,Campo Verde,MT,Centro-Oeste,-15.5433,-55.164,120,0,120,0,3,29,False
510268,Campos de Júlio,MT,Centro-Oeste,-13.7119,-59.2619,140,0,380,0,0,11,False
510269,Canabrava do Norte,MT,Centro-Oeste,-11.0547,-51.8366,400,0,400,0,1,1,False
510270,Canarana,MT,Centro-Oeste,-13.5559,-52.2714,345,0,420,0,2,18,False
510279,Carlinda,MT,Centro-Oeste,-9.9707,-55.827,542,0,212,0,2,3,False
510285,Castanheira,MT,Centro-Oeste,-11.1394,-58.6129,340,0,460,0,0,11,False
510300,Chapada dos Guimarães,MT,Centro-Oeste,-15.4601,-55.749,60,0,60,0,0,11,False
510305,Cláudia,MT,Centro-Oeste,-11.5077,-54.8837,410,0,80,0,4,12,False
510310,Cocalinho,MT,Centro-Oeste,-14.3942,-51.0004,310,0,330,0,1,2,False
510320,Colíder,MT,Centro-Oeste,-10.8053,-55.4564,422,0,92,0,4,37,True
510325,Colniza,MT,Centro-Oeste,-9.4606,-59.2248,900,0,1020,0,7,18,False
510330,Comodoro,MT,Centro-Oeste,-13.6601,-59.7902,80,0,410,0,7,26,False
510335,Confresa,MT,Centro-Oeste,-10.654,-51.5712,345,0,345,0,1,27,True
510336,Conquista D'Oeste,MT,Centro-Oeste,-14.5375,-59.544,170,0,375,0,1,3,False
510337,Cotriguaçu,MT,Centro-Oeste,-9.9053,-58.5698,660,0,780,0,0,9,False
510340,Cuiabá,MT,Centro-Oeste,-15.5676,-56.075,0,33,0,44,108,618,False
510343,Curvelândia,MT,Centro-Oeste,-15.6122,-57.9177,60,0,210,0,1,4,False
510345,Denise,MT,Centro-Oeste,-14.7275,-57.0538,140,0,140,0,1,7,False
510350,Diamantino,MT,Centro-Oeste,-14.4051,-56.4331,145,0,135,0,1,14,False
510360,Dom Aquino,MT,Centro-Oeste,-15.8094,-54.9203,150,0,95,0,4,4,False
510370,Feliz Natal,MT,Centro-Oeste,-12.3887,-54.936,375,0,75,0,3,7,False
510380,Figueirópolis D'Oeste,MT,Centro-Oeste,-15.4461,-58.7375,105,0,255,0,2,1,False
510385,Gaúcha do Norte,MT,Centro-Oeste,-13.1867,-53.2586,675,0,690,0,0,2,False
510390,General Carneiro,MT,Centro-Oeste,-15.7049,-52.7571,190,0,150,0,1,2,False
510395,Glória D'Oeste,MT,Centro-Oeste,-15.7673,-58.3112,60,0,210,0,0,2,False
510410,Guarantã do Norte,MT,Centro-Oeste,-9.9525,-54.9021,500,0,170,0,3,33,False
510420,Guiratinga,MT,Centro-Oeste,-16.3502,-53.764,295,0,120,0,0,9,False
510450,Indiavaí,MT,Centro-Oeste,-15.4961,-58.5775,90,0,240,0,0,0,False
510452,Ipiranga do Norte,MT,Centro-Oeste,-12.2407,-56.1468,330,0,60,0,0,15,False
510454,Itanhangá,MT,Centro-Oeste,-12.2373,-56.6472,390,0,120,0,1,9,False
510455,Itaúba,MT,Centro-Oeste,-11.0074,-55.2423,390,0,60,0,0,3,False
510460,Itiquira,MT,Centro-Oeste,-17.2063,-54.1482,295,0,120,0,1,8,False
510480,Jaciara,MT,Centro-Oeste,-15.967,-54.9672,120,0,55,0,5,18,False
510490,Jangada,MT,Centro-Oeste,-15.2327,-56.4923,60,0,50,0,0,2,False
510500,Jauru,MT,Centro-Oeste,-15.3393,-58.8701,135,0,285,0,0,8,False
510510,Juara,MT,Centro-Oeste,-11.2529,-57.511,510,0,300,0,6,31,False
510515,Juína,MT,Centro-Oeste,-11.4233,-58.7571,300,0,420,0,5,45,False
510517,Juruena,MT,Centro-Oeste,-10.3247,-58.4936,540,0,660,0,1,7,False
510520,Juscimeira,MT,Centro-Oeste,-16.054,-54.8907,135,0,40,0,0,7,False
510523,Lambari D'Oeste,MT,Centro-Oeste,-15.3169,-58.0065,60,0,210,0,2,5,False
510525,Lucas do Rio Verde,MT,Centro-Oeste,-13.0921,-55.9248,210,0,60,0,9,93,True
510530,Luciara,MT,Centro-Oeste,-11.2213,-50.6673,727,0,727,0,0,1,False
510550,Vila Bela da Santíssima Trindade,MT,Centro-Oeste,-15.0062,-59.9515,285,0,435,0,0,10,False
510558,Marcelândia,MT,Centro-Oeste,-11.085,-54.522,530,0,200,0,0,15,False
510560,Matupá,MT,Centro-Oeste,-10.1793,-54.9347,475,0,145,0,2,18,False
510562,Mirassol d'Oeste,MT,Centro-Oeste,-15.6745,-58.1024,75,0,225,0,5,27,False
510590,Nobres,MT,Centro-Oeste,-14.7264,-56.3425,105,0,95,0,1,9,False
510600,Nortelândia,MT,Centro-Oeste,-14.4536,-56.804,90,0,90,0,1,4,False
510610,Nossa Senhora do Livramento,MT,Centro-Oeste,-15.7746,-56.3466,85,0,73.8,0,1,10,False
510615,Nova Bandeirantes,MT,Centro-Oeste,-9.8503,-57.8153,832,0,502,0,0,5,False
510617,Nova Nazaré,MT,Centro-Oeste,-13.9882,-51.8003,345,0,420,0,0,2,False
510618,Nova Lacerda,MT,Centro-Oeste,-14.4775,-59.5863,150,0,380,0,0,4,False
510619,Nova Santa Helena,MT,Centro-Oeste,-10.8489,-55.1771,410,0,80,0,0,1,False
510620,Nova Brasilândia,MT,Centro-Oeste,-14.9321,-54.9747,200,0,200,0,1,4,False
510621,Nova Canaã do Norte,MT,Centro-Oeste,-10.6406,-55.7097,462,0,132,0,1,11,False
510622,Nova Mutum,MT,Centro-Oeste,-13.8167,-56.0878,140,0,130,0,0,38,True
510623,Nova Olímpia,MT,Centro-Oeste,-14.7794,-57.2838,160,0,150,0,1,15,False
510624,Nova Ubiratã,MT,Centro-Oeste,-13.0357,-55.247,330,0,60,0,0,11,False
510625,Nova Xavantina,MT,Centro-Oeste,-14.6755,-52.353,225,0,315,0,1,10,False
510626,Novo Mundo,MT,Centro-Oeste,-9.9741,-55.1708,535,0,205,0,1,5,False
510627,Novo Horizonte do Norte,MT,Centro-Oeste,-11.389,-57.3178,530,0,280,0,0,2,False
510628,Novo São Joaquim,MT,Centro-Oeste,-14.9143,-53.0236,370,0,330,0,1,8,False
510629,Paranaíta,MT,Centro-Oeste,-9.6655,-56.4758,632,0,302,0,1,5,False
510630,Paranatinga,MT,Centro-Oeste,-14.4255,-54.0532,290,0,270,0,3,24,False
510631,Novo Santo Antônio,MT,Centro-Oeste,-12.2946,-50.9679,549,0,561,0,0,1,False
510637,Pedra Preta,MT,Centro-Oeste,-16.6225,-54.4768,235,0,60,0,1,16,False
510642,Peixoto de Azevedo,MT,Centro-Oeste,-10.2453,-54.992,460,0,130,0,5,34,False
510645,Planalto da Serra,MT,Centro-Oeste,-14.6638,-54.7751,240,0,240,0,0,2,False
510650,Poconé,MT,Centro-Oeste,-16.2658,-56.6262,145,0,133.8,0,5,20,False
510665,Pontal do Araguaia,MT,Centro-Oeste,-15.9015,-52.2574,180,0,260,0,1,4,False
510670,Ponte Branca,MT,Centro-Oeste,-16.7645,-52.8341,250,0,320,0,0,0,False
510675,Pontes e Lacerda,MT,Centro-Oeste,-15.2259,-59.3407,165,0,315,0,5,47,True
510677,Porto Alegre do Norte,MT,Centro-Oeste,-10.8776,-51.6398,370,0,370,0,1,7,False
510680,Porto dos Gaúchos,MT,Centro-Oeste,-11.5354,-57.4139,530,0,260,0,0,4,False
510682,Porto Esperidião,MT,Centro-Oeste,-15.8554,-58.4643,85,0,235,0,0,4,False
510685,Porto Estrela,MT,Centro-Oeste,-15.3312,-57.2066,150,0,150,0,0,2,False
510700,Poxoréu,MT,Centro-Oeste,-15.8271,-54.396,200,0,80,0,2,13,False
510704,Primavera do Leste,MT,Centro-Oeste,-15.5554,-54.3002,140,0,120,0,8,76,True
510706,Querência,MT,Centro-Oeste,-12.5955,-52.2081,409,0,473,0,0,22,False
510710,São José dos Quatro Marcos,MT,Centro-Oeste,-15.6254,-58.1781,90,0,240,0,5,10,False
510715,Reserva do Cabaçal,MT,Centro-Oeste,-15.1186,-58.3867,175,0,325,0,0,1,False
510718,Ribeirão Cascalheira,MT,Centro-Oeste,-12.9446,-51.827,349,0,413,0,1,3,False
510719,Ribeirãozinho,MT,Centro-Oeste,-16.4871,-52.6961,200,0,280,0,0,0,False
510720,Rio Branco,MT,Centro-Oeste,-15.2364,-58.1061,90,0,240,0,1,0,False
510724,Santa Carmem,MT,Centro-Oeste,-11.9749,-55.2771,360,0,30,0,0,7,False
510726,Santo Afonso,MT,Centro-Oeste,-14.4956,-57.0004,100,0,100,0,1,0,False
510729,São José do Povo,MT,Centro-Oeste,-16.4653,-54.2539,235,0,60,0,0,1,False
510730,São José do Rio Claro,MT,Centro-Oeste,-13.4442,-56.7227,230,0,220,0,0,13,False
510735,São José do Xingu,MT,Centro-Oeste,-10.807,-52.7321,615,0,415,0,0,3,False
510740,São Pedro da Cipa,MT,Centro-Oeste,-16.0015,-54.9181,130,0,45,0,0,5,False
510757,Rondolândia,MT,Centro-Oeste,-10.8444,-61.4597,200,0,355,0,0,3,False
510760,Rondonópolis,MT,Centro-Oeste,-16.475,-54.6221,175,0,0,17,29,226,False
510770,Rosário Oeste,MT,Centro-Oeste,-14.8379,-56.4334,90,0,80,0,0,10,False
510774,Santa Cruz do Xingu,MT,Centro-Oeste,-10.1568,-52.3907,585,0,585,0,0,1,False
510775,Salto do Céu,MT,Centro-Oeste,-15.1295,-58.125,120,0,270,0,0,2,False
510776,Santa Rita do Trivelato,MT,Centro-Oeste,-13.8162,-55.2752,270,0,185.8,0,1,3,False
510777,Santa Terezinha,MT,Centro-Oeste,-10.4694,-50.5094,435,0,435,0,0,3,False
510779,Santo Antônio do Leste,MT,Centro-Oeste,-14.8056,-53.6088,320,0,300,0,0,4,False
510780,Santo Antônio de Leverger,MT,Centro-Oeste,-15.8635,-56.0785,45.8,0,31.6,0,3,12,False
510785,São Félix do Araguaia,MT,Centro-Oeste,-11.6167,-50.6623,577,0,577,0,0,3,False
510787,Sapezal,MT,Centro-Oeste,-13.5475,-58.8169,160,0,330,0,1,28,False
510788,Serra Nova Dourada,MT,Centro-Oeste,-12.0917,-51.3989,489,0,501,0,0,2,False
510790,Sinop,MT,Centro-Oeste,-11.8573,-55.5083,330,0,0,7,16,215,False
510792,Sorriso,MT,Centro-Oeste,-12.5453,-55.7275,270,0,0,10,7,134,False
510794,Tabaporã,MT,Centro-Oeste,-11.3069,-56.8223,585,0,255,0,3,4,False
510795,Tangará da Serra,MT,Centro-Oeste,-14.6068,-57.4706,170,0,160,0,11,105,True
510800,Tapurah,MT,Centro-Oeste,-12.7422,-56.5135,290,0,150,0,4,23,False
510805,Terra Nova do Norte,MT,Centro-Oeste,-10.5984,-55.1221,420,0,90,0,0,5,False
510810,Tesouro,MT,Centro-Oeste,-16.0798,-53.5545,405,0,230,0,0,1,False
510820,Torixoréu,MT,Centro-Oeste,-16.2054,-52.5595,150,0,230,0,0,0,False
510830,União do Sul,MT,Centro-Oeste,-11.5305,-54.3688,530,0,200,0,0,1,False
510835,Vale de São Domingos,MT,Centro-Oeste,-15.2969,-59.066,180,0,330,0,0,2,False
510840,Várzea Grande,MT,Centro-Oeste,-15.666,-56.132,60,0,0,7,43,325,False
510850,Vera,MT,Centro-Oeste,-12.2953,-55.2946,340,0,40,0,2,10,False
510860,Vila Rica,MT,Centro-Oeste,-10.0117,-51.1062,285,0,285,0,2,9,False
510880,Nova Guarita,MT,Centro-Oeste,-10.3095,-55.4036,481.9,0,151.9,0,1,4,False
510885,Nova Marilândia,MT,Centro-Oeste,-14.3643,-56.969,130,0,130,0,0,3,False
510890,Nova Maringá,MT,Centro-Oeste,-13.0353,-57.0914,295,0,285,0,2,4,False
510895,Nova Monte Verde,MT,Centro-Oeste,-9.9797,-57.4666,752,0,422,0,0,7,False
520005,Abadia de Goiás,GO,Centro-Oeste,-16.7583,-49.4378,60,0,60,0,4,17,False
520010,Abadiânia,GO,Centro-Oeste,-16.1973,-48.706,30,0,30,0,1,10,False
520013,Acreúna,GO,Centro-Oeste,-17.3972,-50.3798,108,0,65,0,2,11,False
520015,Adelândia,GO,Centro-Oeste,-16.4163,-50.1644,90,0,90,0,0,1,False
520017,Água Fria de Goiás,GO,Centro-Oeste,-14.9861,-47.7847,90,0,90,0,0,1,False
520020,Água Limpa,GO,Centro-Oeste,-18.078,-48.764,135,0,130,0,0,0,False
520025,Águas Lindas de Goiás,GO,Centro-Oeste,-15.7355,-48.2831,60,0,60,0,24,210,False
520030,Alexânia,GO,Centro-Oeste,-16.0851,-48.5041,60,0,60,0,11,26,False
520050,Aloândia,GO,Centro-Oeste,-17.7279,-49.4812,137.6,0,137.6,0,0,0,False
520055,Alto Horizonte,GO,Centro-Oeste,-14.195,-49.339,230,0,70,0,0,4,False
520060,Alto Paraíso de Goiás,GO,Centro-Oeste,-14.1348,-47.5197,130,0,130,0,2,9,False
520080,Alvorada do Norte,GO,Centro-Oeste,-14.4839,-46.5109,190,0,190,0,3,7,False
520082,Amaralina,GO,Centro-Oeste,-13.9284,-49.2988,252.6,0,92.6,0,0,0,False
520085,Americano do Brasil,GO,Centro-Oeste,-16.2554,-49.9824,90,0,90,0,0,0,False
520090,Amorinópolis,GO,Centro-Oeste,-16.6203,-51.0954,20,0,130,0,0,1,False
520110,Anápolis,GO,Centro-Oeste,-16.328,-48.9573,0,6,0,10,43,412,False
520120,Anhanguera,GO,Centro-Oeste,-18.3372,-48.2191,170,0,130,0,0,1,False
520130,Anicuns,GO,Centro-Oeste,-16.462,-49.958,60,0,60,0,3,14,False
520140,Aparecida de Goiânia,GO,Centro-Oeste,-16.8227,-49.2447,0,6,0,8,77,511,False
520145,Aparecida do Rio Doce,GO,Centro-Oeste,-18.2966,-51.1487,205,0,55,0,0,2,False
520150,Aporé,GO,Centro-Oeste,-18.9626,-51.9252,196.5,0,156.5,0,1,3,False
520160,Araçu,GO,Centro-Oeste,-16.3577,-49.681,50,0,100,0,0,3,False
520170,Aragarças,GO,Centro-Oeste,-15.9011,-52.2481,120,0,220,0,1,20,False
520180,Aragoiânia,GO,Centro-Oeste,-16.9125,-49.4507,29,0,29,0,2,16,False
520215,Araguapaz,GO,Centro-Oeste,-15.0939,-50.6323,190,0,210,0,1,6,False
520235,Arenópolis,GO,Centro-Oeste,-16.3872,-51.5603,40,0,190,0,0,1,False
520250,Aruanã,GO,Centro-Oeste,-14.9204,-51.0832,235,0,255,0,1,4,False
520260,Aurilândia,GO,Centro-Oeste,-16.6788,-50.4652,80,0,138,0,1,1,False
520280,Avelinópolis,GO,Centro-Oeste,-16.466,-49.7576,60,0,60,0,0,0,False
520310,Baliza,GO,Centro-Oeste,-16.1966,-52.5462,160,0,240,0,1,2,False
520320,Barro Alto,GO,Centro-Oeste,-14.9714,-48.9154,150,0,60,0,0,17,False
520330,Bela Vista de Goiás,GO,Centro-Oeste,-16.9748,-48.9526,45,0,45,0,1,21,False
520340,Bom Jardim de Goiás,GO,Centro-Oeste,-16.2029,-52.1755,110,0,190,0,1,5,False
520350,Bom Jesus,GO,Centro-Oeste,-18.2175,-49.7353,166,0,110,0,3,15,False
520355,Bonfinópolis,GO,Centro-Oeste,-16.6201,-48.9673,30,0,30,0,1,7,False
520357,Bonópolis,GO,Centro-Oeste,-13.6502,-49.8322,430,0,270,0,0,5,False
520360,Brazabrantes,GO,Centro-Oeste,-16.4315,-49.3879,60,0,60,0,0,0,False
520380,Britânia,GO,Centro-Oeste,-15.2405,-51.1603,225,0,280,0,0,3,False
520390,Buriti Alegre,GO,Centro-Oeste,-18.1415,-49.0405,146,0,146,0,0,3,False
520393,Buriti de Goiás,GO,Centro-Oeste,-16.1845,-50.4344,130,0,130,0,0,2,False
520396,Buritinópolis,GO,Centro-Oeste,-14.4575,-46.4304,178.4,0,178.4,0,1,2,False
520400,Cabeceiras,GO,Centro-Oeste,-15.8025,-46.9284,95,0,95,0,1,7,False
520410,Cachoeira Alta,GO,Centro-Oeste,-18.761,-50.9461,245,0,140,0,0,6,False
520420,Cachoeira de Goiás,GO,Centro-Oeste,-16.6677,-50.6471,100,0,158,0,0,1,False
520425,Cachoeira Dourada,GO,Centro-Oeste,-18.4948,-49.4734,146,0,146,0,0,4,False
520430,Caçu,GO,Centro-Oeste,-18.5583,-51.1309,205,0,90,0,1,3,False
520440,Caiapônia,GO,Centro-Oeste,-16.9567,-51.8108,90,0,180,0,2,5,False
520450,Caldas Novas,GO,Centro-Oeste,-17.7422,-48.6252,90,0,90,0,2,88,True
520455,Caldazinha,GO,Centro-Oeste,-16.7145,-49.0013,60,0,60,0,0,1,False
520460,Campestre de Goiás,GO,Centro-Oeste,-16.7618,-49.6941,60,0,60,0,0,2,False
520465,Campinaçu,GO,Centro-Oeste,-13.7892,-48.5707,305,0,145,0,0,3,False
520470,Campinorte,GO,Centro-Oeste,-14.3135,-49.1523,190,0,30,0,1,6,False
520480,Campo Alegre de Goiás,GO,Centro-Oeste,-17.6337,-47.7793,170,0,130,0,0,4,False
520485,Campo Limpo de Goiás,GO,Centro-Oeste,-16.2984,-49.0873,30,0,30,0,3,7,False
520490,Campos Belos,GO,Centro-Oeste,-13.0366,-46.7727,245,0,245,0,3,12,False
520495,Campos Verdes,GO,Centro-Oeste,-14.2728,-49.6576,220,0,200,0,0,1,False
520500,Carmo do Rio Verde,GO,Centro-Oeste,-15.3628,-49.6995,125,0,110,0,0,2,False
520505,Castelândia,GO,Centro-Oeste,-18.0894,-50.2233,208,0,60,0,0,2,False
520510,Catalão,GO,Centro-Oeste,-18.1703,-47.9508,110,0,70,0,15,95,True
520520,Caturaí,GO,Centro-Oeste,-16.4473,-49.4927,20,0,60,0,1,6,False
520530,Cavalcante,GO,Centro-Oeste,-13.7963,-47.4604,200,0,200,0,1,12,False
520540,Ceres,GO,Centro-Oeste,-15.3106,-49.6033,105,0,90,0,3,12,True
520545,Cezarina,GO,Centro-Oeste,-16.9738,-49.7763,40,0,40,0,0,6,False
520547,Chapadão do Céu,GO,Centro-Oeste,-18.3967,-52.669,300,0,220,0,0,13,False
520549,Cidade Ocidental,GO,Centro-Oeste,-16.1099,-47.9324,60,0,60,0,14,86,False
520551,Cocalzinho de Goiás,GO,Centro-Oeste,-15.7846,-48.7702,60,0,60,0,2,6,False
520552,Colinas do Sul,GO,Centro-Oeste,-14.1511,-48.0766,315,0,210,0,0,1,False
520570,Córrego do Ouro,GO,Centro-Oeste,-16.2949,-50.552,120,0,170,0,0,1,False
520580,Corumbá de Goiás,GO,Centro-Oeste,-15.9246,-48.8078,35,0,35,0,1,5,False
520590,Corumbaíba,GO,Centro-Oeste,-18.1335,-48.565,120,0,90,0,0,5,False
520620,Cristalina,GO,Centro-Oeste,-16.7654,-47.6018,85,0,85,0,5,68,False
520630,Cristianópolis,GO,Centro-Oeste,-17.1983,-48.7051,85,0,85,0,0,3,False
520640,Crixás,GO,Centro-Oeste,-14.5467,-49.9684,230,0,210,0,1,11,False
520650,Cromínia,GO,Centro-Oeste,-17.2874,-49.382,120,0,120,0,0,1,False
520660,Cumari,GO,Centro-Oeste,-18.2663,-48.1492,155,0,115,0,0,2,False
520670,Damianópolis,GO,Centro-Oeste,-14.5613,-46.1753,219.8,0,219.8,0,0,2,False
520680,Damolândia,GO,Centro-Oeste,-16.2533,-49.3648,40,0,100,0,1,2,False
520690,Davinópolis,GO,Centro-Oeste,-18.1537,-47.5625,170,0,130,0,0,1,False
520710,Diorama,GO,Centro-Oeste,-16.2361,-51.2591,30,0,180,0,1,3,False
520725,Doverlândia,GO,Centro-Oeste,-16.7211,-52.3149,150,0,240,0,0,5,False
520735,Edealina,GO,Centro-Oeste,-17.4231,-49.6647,75,0,75,0,0,1,False
520740,Edéia,GO,Centro-Oeste,-17.3376,-49.9298,70,0,70,0,3,6,False
520750,Estrela do Norte,GO,Centro-Oeste,-13.8662,-49.0684,230,0,70,0,0,4,False
520753,Faina,GO,Centro-Oeste,-15.4484,-50.3627,160,0,180,0,0,5,False
520760,Fazenda Nova,GO,Centro-Oeste,-16.1875,-50.7783,60,0,180,0,2,6,False
520780,Firminópolis,GO,Centro-Oeste,-16.5746,-50.3007,70,0,108,0,1,2,False
520790,Flores de Goiás,GO,Centro-Oeste,-14.4586,-47.039,200,0,200,0,1,13,False
520800,Formosa,GO,Centro-Oeste,-15.5452,-47.3373,50,0,50,0,18,95,True
520810,Formoso,GO,Centro-Oeste,-13.6526,-48.8778,260,0,100,0,0,3,False
520815,Gameleira de Goiás,GO,Centro-Oeste,-16.4854,-48.6467,30,0,30,0,0,1,False
520830,Divinópolis de Goiás,GO,Centro-Oeste,-13.2923,-46.3973,400,0,400,0,1,2,False
520840,Goianápolis,GO,Centro-Oeste,-16.506,-49.0214,40,0,40,0,1,10,False
520850,Goiandira,GO,Centro-Oeste,-18.1383,-48.088,140,0,100,0,0,4,False
520860,Goianésia,GO,Centro-Oeste,-15.3266,-49.1166,120,0,105,0,5,56,True
520870,Goiânia,GO,Centro-Oeste,-16.6802,-49.2565,0,48,0,102,227,1279,False
520880,Goianira,GO,Centro-Oeste,-16.4966,-49.4251,60,0,60,0,6,60,False
520890,Goiás,GO,Centro-Oeste,-15.934,-50.1402,100,0,120,0,8,17,False
520910,Goiatuba,GO,Centro-Oeste,-18.0129,-49.3581,120,0,120,0,3,28,False
520915,Gouvelândia,GO,Centro-Oeste,-18.4409,-50.1369,206,0,160,0,0,2,False
520920,Guapó,GO,Centro-Oeste,-16.8327,-49.5324,30,0,30,0,5,16,False
520929,Guaraíta,GO,Centro-Oeste,-15.6309,-50.0297,123.6,0,183.6,0,0,1,False
520940,Guarani de Goiás,GO,Centro-Oeste,-13.938,-46.4805,230,0,230,0,0,2,False
520945,Guarinos,GO,Centro-Oeste,-14.7322,-49.7023,210,0,190,0,0,0,False
520960,Heitoraí,GO,Centro-Oeste,-15.7238,-49.8258,90,0,150,0,1,1,False
520970,Hidrolândia,GO,Centro-Oeste,-16.9665,-49.2325,60,0,60,0,0,22,False
520980,Hidrolina,GO,Centro-Oeste,-14.7251,-49.4656,185,0,65,0,0,2,False
520990,Iaciara,GO,Centro-Oeste,-14.0978,-46.6333,230,0,230,0,2,9,False
520993,Inaciolândia,GO,Centro-Oeste,-18.4877,-49.9919,186,0,180,0,1,3,False
520995,Indiara,GO,Centro-Oeste,-17.1411,-49.9879,70,0,70,0,0,10,False
521000,Inhumas,GO,Centro-Oeste,-16.3588,-49.4943,0,2,60,0,7,49,False
521010,Ipameri,GO,Centro-Oeste,-17.7225,-48.1604,150,0,130,0,2,20,False
521015,Ipiranga de Goiás,GO,Centro-Oeste,-15.1711,-49.6705,140,0,120,0,0,1,False
521020,Iporá,GO,Centro-Oeste,-16.4432,-51.1205,0,1,150,0,3,14,False
521030,Israelândia,GO,Centro-Oeste,-16.3191,-50.9074,20,0,170,0,0,1,False
521040,Itaberaí,GO,Centro-Oeste,-16.0223,-49.8005,60,0,120,0,7,39,False
521056,Itaguari,GO,Centro-Oeste,-15.9199,-49.6037,70,0,120,0,1,4,False
521060,Itaguaru,GO,Centro-Oeste,-15.7649,-49.6313,80,0,120,0,1,3,False
521080,Itajá,GO,Centro-Oeste,-19.068,-51.5449,150,0,140,0,1,1,False
521090,Itapaci,GO,Centro-Oeste,-14.9555,-49.5488,150,0,130,0,2,9,False
521100,Itapirapuã,GO,Centro-Oeste,-15.823,-50.6137,140,0,180,0,0,2,False
521120,Itapuranga,GO,Centro-Oeste,-15.561,-49.9466,120,0,170,0,6,20,False
521130,Itarumã,GO,Centro-Oeste,-18.7665,-51.3461,175,0,120,0,1,3,False
521140,Itauçu,GO,Centro-Oeste,-16.2025,-49.6042,30,0,90,0,2,7,False
521150,Itumbiara,GO,Centro-Oeste,-18.4194,-49.2162,116,0,116,0,21,79,True
521160,Ivolândia,GO,Centro-Oeste,-16.6042,-50.7932,120,0,175,0,0,1,False
521170,Jandaia,GO,Centro-Oeste,-17.0477,-50.1451,80,0,80,0,0,7,False
521180,Jaraguá,GO,Centro-Oeste,-15.7535,-49.3327,60,0,60,0,2,28,False
521190,Jataí,GO,Centro-Oeste,-17.8858,-51.724,210,0,60,0,15,79,True
521200,Jaupaci,GO,Centro-Oeste,-16.182,-50.9528,40,0,190,0,1,2,False
521205,Jesúpolis,GO,Centro-Oeste,-15.952,-49.3738,100,0,100,0,0,1,False
521210,Joviânia,GO,Centro-Oeste,-17.8061,-49.6204,160,0,160,0,1,6,False
521220,Jussara,GO,Centro-Oeste,-15.8651,-50.8691,125,0,180,0,4,13,False
521225,Lagoa Santa,GO,Centro-Oeste,-19.1847,-51.4025,177.6,0,167.6,0,0,1,False
521230,Leopoldo de Bulhões,GO,Centro-Oeste,-16.6199,-48.7432,40,0,40,0,1,4,False
521250,Luziânia,GO,Centro-Oeste,-16.2536,-47.95,60,0,60,0,40,207,True
521260,Mairipotaba,GO,Centro-Oeste,-17.2973,-49.4948,140,0,140,0,0,3,False
521270,Mambaí,GO,Centro-Oeste,-14.4885,-46.1131,234.8,0,234.8,0,0,12,False
521280,Mara Rosa,GO,Centro-Oeste,-14.0169,-49.1791,230,0,70,0,1,5,False
521290,Marzagão,GO,Centro-Oeste,-17.9819,-48.641,115,0,110,0,0,2,False
521295,Matrinchã,GO,Centro-Oeste,-15.4367,-50.744,200,0,240,0,0,1,False
521300,Maurilândia,GO,Centro-Oeste,-17.9743,-50.3382,188,0,40,0,1,5,False
521305,Mimoso de Goiás,GO,Centro-Oeste,-15.0585,-48.1617,90,0,90,0,0,0,False
521308,Minaçu,GO,Centro-Oeste,-13.5314,-48.2199,332,0,172,0,5,15,False
521310,Mineiros,GO,Centro-Oeste,-17.5703,-52.5515,250,0,120,0,6,53,True
521340,Moiporá,GO,Centro-Oeste,-16.5452,-50.7387,120,0,178,0,0,0,False
521350,Monte Alegre de Goiás,GO,Centro-Oeste,-13.2571,-46.8931,225,0,225,0,1,6,False
521370,Montes Claros de Goiás,GO,Centro-Oeste,-16.003,-51.3921,80,0,230,0,0,8,False
521375,Montividiu,GO,Centro-Oeste,-17.4485,-51.177,110,0,40,0,3,11,False
521377,Montividiu do Norte,GO,Centro-Oeste,-13.3454,-48.6864,240,0,130,0,0,7,False
521380,Morrinhos,GO,Centro-Oeste,-17.7339,-49.1212,120,0,120,0,10,47,False
521385,Morro Agudo de Goiás,GO,Centro-Oeste,-15.3201,-50.0566,160,0,210,0,1,2,False
521390,Mossâmedes,GO,Centro-Oeste,-16.1276,-50.2152,110,0,140,0,0,0,False
521400,Mozarlândia,GO,Centro-Oeste,-14.7476,-50.5715,230,0,250,0,1,9,False
521405,Mundo Novo,GO,Centro-Oeste,-13.771,-50.28,320,0,250,0,0,8,False
521410,Mutunópolis,GO,Centro-Oeste,-13.7302,-49.274,267,0,107,0,0,3,False
521440,Nazário,GO,Centro-Oeste,-16.5822,-49.8822,70,0,70,0,0,3,False
521450,Nerópolis,GO,Centro-Oeste,-16.4069,-49.2164,30,0,30,0,3,26,False
521460,Niquelândia,GO,Centro-Oeste,-14.4707,-48.4602,195,0,90,0,2,13,False
521470,Nova América,GO,Centro-Oeste,-15.0223,-49.8944,170,0,150,0,0,0,False
521480,Nova Aurora,GO,Centro-Oeste,-18.0584,-48.2548,150,0,120,0,0,1,False
521483,Nova Crixás,GO,Centro-Oeste,-14.0972,-50.3397,290,0,280,0,2,3,False
521486,Nova Glória,GO,Centro-Oeste,-15.1482,-49.5774,130,0,110,0,0,2,False
521487,Nova Iguaçu de Goiás,GO,Centro-Oeste,-14.288,-49.3905,210,0,50,0,0,3,False
521490,Nova Roma,GO,Centro-Oeste,-13.7408,-46.8802,280,0,280,0,0,5,False
521500,Nova Veneza,GO,Centro-Oeste,-16.3709,-49.3212,20,0,45,0,1,11,False
521520,Novo Brasil,GO,Centro-Oeste,-16.0337,-50.7127,100,0,155,0,0,0,False
521523,Novo Gama,GO,Centro-Oeste,-16.0543,-48.0363,60,0,60,0,23,92,False
521525,Novo Planalto,GO,Centro-Oeste,-13.2422,-49.5035,290,0,130,0,0,4,False
521530,Orizona,GO,Centro-Oeste,-17.0316,-48.2964,120,0,120,0,0,8,False
521540,Ouro Verde de Goiás,GO,Centro-Oeste,-16.221,-49.1925,40,0,40,0,0,5,False
521550,Ouvidor,GO,Centro-Oeste,-18.2327,-47.8371,140,0,100,0,0,2,False
521560,Padre Bernardo,GO,Centro-Oeste,-15.1661,-48.2838,60,0,60,0,2,23,False
521565,Palestina de Goiás,GO,Centro-Oeste,-16.7461,-51.5308,60,0,210,0,0,2,False
521570,Palmeiras de Goiás,GO,Centro-Oeste,-16.8054,-49.9252,50,0,50,0,3,17,False
521580,Palmelo,GO,Centro-Oeste,-17.3237,-48.4233,125,0,125,0,0,0,False
521590,Palminópolis,GO,Centro-Oeste,-16.7959,-50.1651,86,0,86,0,1,2,False
521600,Panamá,GO,Centro-Oeste,-18.1765,-49.3537,136,0,136,0,0,3,False
521630,Paranaiguara,GO,Centro-Oeste,-18.9113,-50.6571,220,0,140,0,1,2,False
521640,Paraúna,GO,Centro-Oeste,-16.9478,-50.4486,110,0,110,0,2,6,False
521645,Perolândia,GO,Centro-Oeste,-17.5298,-52.0653,180,0,205,0,0,3,False
521680,Petrolina de Goiás,GO,Centro-Oeste,-16.1007,-49.3356,60,0,60,0,0,1,False
521690,Pilar de Goiás,GO,Centro-Oeste,-14.7641,-49.5792,170,0,150,0,0,1,False
521710,Piracanjuba,GO,Centro-Oeste,-17.3048,-49.022,60,0,60,0,4,13,False
521720,Piranhas,GO,Centro-Oeste,-16.4265,-51.8227,70,0,160,0,1,4,False
521730,Pirenópolis,GO,Centro-Oeste,-15.8526,-48.9589,45,0,45,0,2,22,False
521740,Pires do Rio,GO,Centro-Oeste,-17.3004,-48.2801,125,0,125,0,2,20,False
521760,Planaltina,GO,Centro-Oeste,-15.4531,-47.6155,60,0,60,0,9,92,False
521770,Pontalina,GO,Centro-Oeste,-17.5192,-49.4491,105,0,105,0,2,8,False
521800,Porangatu,GO,Centro-Oeste,-13.4411,-49.1472,250,0,90,0,1,35,False
521805,Porteirão,GO,Centro-Oeste,-17.8153,-50.1631,178,0,70,0,0,0,False
521810,Portelândia,GO,Centro-Oeste,-17.3542,-52.6793,295,0,165,0,0,3,False
521830,Posse,GO,Centro-Oeste,-14.0931,-46.3698,200,0,200,0,4,25,False
521839,Professor Jamil,GO,Centro-Oeste,-17.2495,-49.2428,60,0,60,0,0,0,False
521850,Quirinópolis,GO,Centro-Oeste,-18.4484,-50.4531,238,0,120,0,8,33,False
521860,Rialma,GO,Centro-Oeste,-15.3146,-49.5792,110,0,90,0,1,11,False
521870,Rianápolis,GO,Centro-Oeste,-15.4488,-49.5119,90,0,90,0,2,1,False
521878,Rio Quente,GO,Centro-Oeste,-17.8094,-48.7625,120,0,120,0,0,2,False
521880,Rio Verde,GO,Centro-Oeste,-17.7853,-50.9081,150,0,0,10,24,216,False
521890,Rubiataba,GO,Centro-Oeste,-15.1649,-49.8026,155,0,135,0,4,7,False
521900,Sanclerlândia,GO,Centro-Oeste,-16.1992,-50.3095,110,0,110,0,0,4,False
521910,Santa Bárbara de Goiás,GO,Centro-Oeste,-16.5739,-49.6938,50,0,50,0,0,3,False
521920,Santa Cruz de Goiás,GO,Centro-Oeste,-17.3167,-48.4823,125,0,125,0,0,2,False
521925,Santa Fé de Goiás,GO,Centro-Oeste,-15.7728,-51.1035,155,0,210,0,0,2,False
521930,Santa Helena de Goiás,GO,Centro-Oeste,-17.8137,-50.5972,148,0,40,0,4,26,False
521935,Santa Isabel,GO,Centro-Oeste,-15.2984,-49.4249,150,0,130,0,1,1,False
521940,Santa Rita do Araguaia,GO,Centro-Oeste,-17.3259,-53.2059,310,0,180,0,1,5,False
521945,Santa Rita do Novo Destino,GO,Centro-Oeste,-15.1356,-49.1181,150,0,120,0,0,1,False
521950,Santa Rosa de Goiás,GO,Centro-Oeste,-16.0844,-49.4928,50,0,90,0,0,2,False
521960,Santa Tereza de Goiás,GO,Centro-Oeste,-13.7135,-49.0155,245,0,85,0,1,3,False
521970,Santa Terezinha de Goiás,GO,Centro-Oeste,-14.4359,-49.7092,200,0,180,0,2,6,False
521971,Santo Antônio da Barra,GO,Centro-Oeste,-17.5599,-50.6362,138,0,35,0,0,3,False
521973,Santo Antônio de Goiás,GO,Centro-Oeste,-16.4842,-49.3104,30,0,30,0,0,6,False
521975,Santo Antônio do Descoberto,GO,Centro-Oeste,-15.9464,-48.2632,60,0,60,0,14,61,False
521980,São Domingos,GO,Centro-Oeste,-13.3988,-46.3199,380,0,380,0,1,10,False
521990,São Francisco de Goiás,GO,Centro-Oeste,-15.9311,-49.2609,80,0,80,0,0,4,False
522000,São João d'Aliança,GO,Centro-Oeste,-14.7058,-47.5251,150,0,150,0,0,13,False
522005,São João da Paraúna,GO,Centro-Oeste,-16.8153,-50.4105,98,0,120,0,0,0,False
522010,São Luís de Montes Belos,GO,Centro-Oeste,-16.5232,-50.3715,60,0,118,0,2,28,False
522015,São Luiz do Norte,GO,Centro-Oeste,-14.8623,-49.3315,160,0,40,0,0,6,False
522020,São Miguel do Araguaia,GO,Centro-Oeste,-13.2737,-50.1594,345,0,190,0,1,6,False
522026,São Miguel do Passa Quatro,GO,Centro-Oeste,-17.058,-48.664,89.6,0,89.6,0,0,2,False
522028,São Patrício,GO,Centro-Oeste,-15.35,-49.8164,142.6,0,127.6,0,0,0,False
522040,São Simão,GO,Centro-Oeste,-18.9949,-50.5477,210,0,150,0,1,10,False
522045,Senador Canedo,GO,Centro-Oeste,-16.7083,-49.0928,60,0,60,0,7,156,True
522050,Serranópolis,GO,Centro-Oeste,-18.3065,-51.9608,270,0,120,0,4,2,False
522060,Silvânia,GO,Centro-Oeste,-16.6592,-48.6074,60,0,60,0,2,14,False
522068,Simolândia,GO,Centro-Oeste,-14.4739,-46.4835,170,0,170,0,2,2,False
522070,Sítio d'Abadia,GO,Centro-Oeste,-14.8052,-46.2528,240,0,240,0,0,1,False
522100,Taquaral de Goiás,GO,Centro-Oeste,-16.0534,-49.6036,50,0,100,0,0,1,False
522108,Teresina de Goiás,GO,Centro-Oeste,-13.7757,-47.2644,170,0,170,0,2,4,False
522119,Terezópolis de Goiás,GO,Centro-Oeste,-16.483,-49.0939,30,0,30,0,1,9,False
522130,Três Ranchos,GO,Centro-Oeste,-18.354,-47.7828,137.5,0,130,0,0,1,False
522140,Trindade,GO,Centro-Oeste,-16.6556,-49.4917,60,0,60,0,20,125,False
522145,Trombas,GO,Centro-Oeste,-13.5083,-48.7397,260,0,130,0,0,1,False
522150,Turvânia,GO,Centro-Oeste,-16.6142,-50.1345,90,0,90,0,1,2,False
522155,Turvelândia,GO,Centro-Oeste,-17.8522,-50.3025,188,0,60,0,3,6,False
522157,Uirapuru,GO,Centro-Oeste,-14.2834,-49.9223,260,0,240,0,0,0,False
522160,Uruaçu,GO,Centro-Oeste,-14.5246,-49.1409,160,0,0,10,5,37,False
522170,Uruana,GO,Centro-Oeste,-15.5011,-49.6862,120,0,135,0,3,2,False
522180,Urutaí,GO,Centro-Oeste,-17.4644,-48.2018,145,0,145,0,0,2,False
522185,Valparaíso de Goiás,GO,Centro-Oeste,-16.0685,-47.982,60,0,60,0,27,167,False
522190,Varjão,GO,Centro-Oeste,-17.0451,-49.631,40,0,40,0,1,3,False
522200,Vianópolis,GO,Centro-Oeste,-16.7421,-48.5144,80,0,80,0,1,13,False
522205,Vicentinópolis,GO,Centro-Oeste,-17.7351,-49.8055,155,0,155,0,0,8,False
522220,Vila Boa,GO,Centro-Oeste,-15.0383,-47.0579,140,0,140,0,2,5,False
522230,Vila Propício,GO,Centro-Oeste,-15.4595,-48.885,105,0,105,0,1,2,False
530010,Brasília,DF,Centro-Oeste,-15.7843,-47.9081,0,54,0,86,584,2559,False
